# round	mode	threads	workers	kind	index	value_us	collections
1	checked	1	0	reset	1	29.967	0
1	checked	1	0	reset	2	29.335	0
1	checked	1	0	reset	3	28.223	0
1	checked	1	0	reset	4	28.313	0
1	checked	1	0	reset	5	28.123	0
1	checked	1	0	reset	6	28.003	0
1	checked	1	0	reset	7	27.862	0
1	checked	1	0	reset	8	27.753	0
1	checked	1	0	reset	9	28.143	0
1	checked	1	0	reset	10	27.272	0
1	checked	1	0	reset	11	27.381	0
1	checked	1	0	reset	12	27.462	0
1	checked	1	0	reset	13	28.313	0
1	checked	1	0	reset	14	28.002	0
1	checked	1	0	reset	15	27.512	0
1	checked	1	0	reset	16	27.822	0
1	checked	1	0	reset	17	27.772	0
1	checked	1	0	reset	18	28.213	0
1	checked	1	0	reset	19	27.912	0
1	checked	1	0	reset	20	28.443	0
1	checked	1	0	reset	21	28.654	0
1	checked	1	0	reset	22	28.253	0
1	checked	1	0	reset	23	28.163	0
1	checked	1	0	reset	24	28.674	0
1	checked	1	0	reset	25	27.312	0
1	checked	1	0	reset	26	27.762	0
1	checked	1	0	reset	27	28.153	0
1	checked	1	0	reset	28	27.953	0
1	checked	1	0	reset	29	27.622	0
1	checked	1	0	reset	30	27.472	0
1	checked	1	0	reset	31	27.592	0
1	checked	1	0	reset	32	27.531	0
1	checked	1	0	reset	33	27.061	0
1	checked	1	0	reset	34	27.512	0
1	checked	1	0	reset	35	27.142	0
1	checked	1	0	reset	36	27.252	0
1	checked	1	0	reset	37	27.111	0
1	checked	1	0	reset	38	27.021	0
1	checked	1	0	reset	39	27.121	0
1	checked	1	0	reset	40	27.482	0
1	checked	1	0	reset	41	27.051	0
1	checked	1	0	reset	42	29.776	0
1	checked	1	0	reset	43	27.381	0
1	checked	1	0	reset	44	27.522	0
1	checked	1	0	reset	45	27.452	0
1	checked	1	0	reset	46	26.981	0
1	checked	1	0	reset	47	27.752	0
1	checked	1	0	reset	48	27.451	0
1	checked	1	0	reset	49	27.221	0
1	checked	1	0	reset	50	27.051	0
1	checked	1	0	reset	51	28.053	0
1	checked	1	0	reset	52	27.312	0
1	checked	1	0	reset	53	27.021	0
1	checked	1	0	reset	54	27.041	0
1	checked	1	0	reset	55	27.031	0
1	checked	1	0	reset	56	27.161	0
1	checked	1	0	reset	57	26.75	0
1	checked	1	0	reset	58	27.242	0
1	checked	1	0	reset	59	27.201	0
1	checked	1	0	reset	60	28.273	0
1	checked	1	0	reset	61	26.881	0
1	checked	1	0	reset	62	26.86	0
1	checked	1	0	reset	63	26.76	0
1	checked	1	0	reset	64	26.901	0
1	checked	1	0	reset	65	26.75	0
1	checked	1	0	reset	66	26.911	0
1	checked	1	0	reset	67	26.991	0
1	checked	1	0	reset	68	26.851	0
1	checked	1	0	reset	69	26.921	0
1	checked	1	0	reset	70	26.841	0
1	checked	1	0	reset	71	26.671	0
1	checked	1	0	reset	72	26.831	0
1	checked	1	0	reset	73	27.011	0
1	checked	1	0	reset	74	26.81	0
1	checked	1	0	reset	75	26.781	0
1	checked	1	0	reset	76	27.181	0
1	checked	1	0	reset	77	27.321	0
1	checked	1	0	reset	78	27.622	0
1	checked	1	0	reset	79	26.761	0
1	checked	1	0	reset	80	27.613	0
1	checked	1	0	reset	81	27.653	0
1	checked	1	0	reset	82	29.125	0
1	checked	1	0	reset	83	27.061	0
1	checked	1	0	reset	84	27.502	0
1	checked	1	0	reset	85	27.282	0
1	checked	1	0	reset	86	28.103	0
1	checked	1	0	reset	87	27.582	0
1	checked	1	0	reset	88	26.96	0
1	checked	1	0	reset	89	29.576	0
1	checked	1	0	reset	90	26.981	0
1	checked	1	0	reset	91	26.661	0
1	checked	1	0	reset	92	27.061	0
1	checked	1	0	reset	93	26.841	0
1	checked	1	0	reset	94	26.94	0
1	checked	1	0	reset	95	26.801	0
1	checked	1	0	reset	96	27.011	0
1	checked	1	0	reset	97	26.841	0
1	checked	1	0	reset	98	27.051	0
1	checked	1	0	reset	99	26.691	0
1	checked	1	0	reset	100	27.122	0
1	checked	1	0	reset	101	26.891	0
1	checked	1	0	reset	102	26.72	0
1	checked	1	0	reset	103	27.031	0
1	checked	1	0	reset	104	26.791	0
1	checked	1	0	reset	105	27.041	0
1	checked	1	0	reset	106	26.851	0
1	checked	1	0	reset	107	26.851	0
1	checked	1	0	reset	108	27.031	0
1	checked	1	0	reset	109	27.081	0
1	checked	1	0	reset	110	26.941	0
1	checked	1	0	reset	111	26.701	0
1	checked	1	0	reset	112	27.151	0
1	checked	1	0	reset	113	26.7	0
1	checked	1	0	reset	114	26.87	0
1	checked	1	0	reset	115	26.851	0
1	checked	1	0	reset	116	27.171	0
1	checked	1	0	reset	117	26.911	0
1	checked	1	0	reset	118	27.051	0
1	checked	1	0	reset	119	26.911	0
1	checked	1	0	reset	120	26.87	0
1	checked	1	0	reset	121	27.101	0
1	checked	1	0	reset	122	27.111	0
1	checked	1	0	reset	123	26.971	0
1	checked	1	0	reset	124	26.861	0
1	checked	1	0	reset	125	26.96	0
1	checked	1	0	reset	126	26.871	0
1	checked	1	0	reset	127	26.8	0
1	checked	1	0	reset	128	26.791	0
1	checked	1	0	reset	129	26.981	0
1	checked	1	0	reset	130	27.011	0
1	checked	1	0	reset	131	26.941	0
1	checked	1	0	reset	132	26.891	0
1	checked	1	0	reset	133	27.171	0
1	checked	1	0	reset	134	27.482	0
1	checked	1	0	reset	135	26.81	0
1	checked	1	0	reset	136	27.702	0
1	checked	1	0	reset	137	26.921	0
1	checked	1	0	reset	138	26.931	0
1	checked	1	0	reset	139	26.991	0
1	checked	1	0	reset	140	26.771	0
1	checked	1	0	reset	141	26.921	0
1	checked	1	0	reset	142	26.88	0
1	checked	1	0	reset	143	26.941	0
1	checked	1	0	reset	144	26.981	0
1	checked	1	0	reset	145	28.634	0
1	checked	1	0	reset	146	26.72	0
1	checked	1	0	reset	147	26.69	0
1	checked	1	0	reset	148	26.901	0
1	checked	1	0	reset	149	26.64	0
1	checked	1	0	reset	150	26.841	0
1	checked	1	0	reset	151	26.671	0
1	checked	1	0	reset	152	26.881	0
1	checked	1	0	reset	153	27.061	0
1	checked	1	0	reset	154	27.512	0
1	checked	1	0	reset	155	26.821	0
1	checked	1	0	reset	156	26.941	0
1	checked	1	0	reset	157	26.721	0
1	checked	1	0	reset	158	26.75	0
1	checked	1	0	reset	159	26.851	0
1	checked	1	0	reset	160	26.901	0
1	checked	1	0	reset	161	26.94	0
1	checked	1	0	reset	162	27.001	0
1	checked	1	0	reset	163	26.831	0
1	checked	1	0	reset	164	26.881	0
1	checked	1	0	reset	165	27.341	0
1	checked	1	0	reset	166	26.94	0
1	checked	1	0	reset	167	26.67	0
1	checked	1	0	reset	168	26.911	0
1	checked	1	0	reset	169	26.701	0
1	checked	1	0	reset	170	26.871	0
1	checked	1	0	reset	171	26.66	0
1	checked	1	0	reset	172	26.75	0
1	checked	1	0	reset	173	27.552	0
1	checked	1	0	reset	174	30.618	0
1	checked	1	0	reset	175	27.081	0
1	checked	1	0	reset	176	28.154	0
1	checked	1	0	reset	177	27.883	0
1	checked	1	0	reset	178	27.472	0
1	checked	1	0	reset	179	27.021	0
1	checked	1	0	reset	180	27.893	0
1	checked	1	0	reset	181	27.252	0
1	checked	1	0	reset	182	27.211	0
1	checked	1	0	reset	183	27.241	0
1	checked	1	0	reset	184	26.971	0
1	checked	1	0	reset	185	28.093	0
1	checked	1	0	reset	186	27.121	0
1	checked	1	0	reset	187	26.67	0
1	checked	1	0	reset	188	26.991	0
1	checked	1	0	reset	189	26.64	0
1	checked	1	0	reset	190	26.791	0
1	checked	1	0	reset	191	26.62	0
1	checked	1	0	reset	192	26.951	0
1	checked	1	0	reset	193	26.681	0
1	checked	1	0	reset	194	28.624	0
1	checked	1	0	reset	195	27.162	0
1	checked	1	0	reset	196	27.191	0
1	checked	1	0	reset	197	27.813	0
1	checked	1	0	reset	198	27.913	0
1	checked	1	0	reset	199	27.422	0
1	checked	1	0	reset	200	27.622	0
1	unsafe	1	0	reset	1	0.13	0
1	unsafe	1	0	reset	2	0.07	0
1	unsafe	1	0	reset	3	0.07	0
1	unsafe	1	0	reset	4	0.07	0
1	unsafe	1	0	reset	5	0.07	0
1	unsafe	1	0	reset	6	0.07	0
1	unsafe	1	0	reset	7	0.07	0
1	unsafe	1	0	reset	8	0.08	0
1	unsafe	1	0	reset	9	0.07	0
1	unsafe	1	0	reset	10	0.07	0
1	unsafe	1	0	reset	11	0.07	0
1	unsafe	1	0	reset	12	0.08	0
1	unsafe	1	0	reset	13	0.07	0
1	unsafe	1	0	reset	14	0.08	0
1	unsafe	1	0	reset	15	0.07	0
1	unsafe	1	0	reset	16	0.07	0
1	unsafe	1	0	reset	17	0.06	0
1	unsafe	1	0	reset	18	0.07	0
1	unsafe	1	0	reset	19	0.071	0
1	unsafe	1	0	reset	20	0.08	0
1	unsafe	1	0	reset	21	0.07	0
1	unsafe	1	0	reset	22	0.08	0
1	unsafe	1	0	reset	23	0.07	0
1	unsafe	1	0	reset	24	0.071	0
1	unsafe	1	0	reset	25	0.08	0
1	unsafe	1	0	reset	26	0.07	0
1	unsafe	1	0	reset	27	0.07	0
1	unsafe	1	0	reset	28	0.07	0
1	unsafe	1	0	reset	29	0.07	0
1	unsafe	1	0	reset	30	0.071	0
1	unsafe	1	0	reset	31	0.07	0
1	unsafe	1	0	reset	32	0.07	0
1	unsafe	1	0	reset	33	0.07	0
1	unsafe	1	0	reset	34	0.07	0
1	unsafe	1	0	reset	35	0.07	0
1	unsafe	1	0	reset	36	0.08	0
1	unsafe	1	0	reset	37	0.07	0
1	unsafe	1	0	reset	38	0.07	0
1	unsafe	1	0	reset	39	0.07	0
1	unsafe	1	0	reset	40	0.07	0
1	unsafe	1	0	reset	41	0.07	0
1	unsafe	1	0	reset	42	0.071	0
1	unsafe	1	0	reset	43	0.08	0
1	unsafe	1	0	reset	44	0.07	0
1	unsafe	1	0	reset	45	0.08	0
1	unsafe	1	0	reset	46	0.071	0
1	unsafe	1	0	reset	47	0.071	0
1	unsafe	1	0	reset	48	0.07	0
1	unsafe	1	0	reset	49	0.07	0
1	unsafe	1	0	reset	50	0.08	0
1	unsafe	1	0	reset	51	0.071	0
1	unsafe	1	0	reset	52	0.081	0
1	unsafe	1	0	reset	53	0.08	0
1	unsafe	1	0	reset	54	0.08	0
1	unsafe	1	0	reset	55	0.07	0
1	unsafe	1	0	reset	56	0.07	0
1	unsafe	1	0	reset	57	0.08	0
1	unsafe	1	0	reset	58	0.07	0
1	unsafe	1	0	reset	59	0.07	0
1	unsafe	1	0	reset	60	0.07	0
1	unsafe	1	0	reset	61	0.07	0
1	unsafe	1	0	reset	62	0.07	0
1	unsafe	1	0	reset	63	0.08	0
1	unsafe	1	0	reset	64	0.07	0
1	unsafe	1	0	reset	65	0.07	0
1	unsafe	1	0	reset	66	0.08	0
1	unsafe	1	0	reset	67	0.071	0
1	unsafe	1	0	reset	68	0.07	0
1	unsafe	1	0	reset	69	0.06	0
1	unsafe	1	0	reset	70	0.07	0
1	unsafe	1	0	reset	71	0.07	0
1	unsafe	1	0	reset	72	0.071	0
1	unsafe	1	0	reset	73	0.07	0
1	unsafe	1	0	reset	74	0.07	0
1	unsafe	1	0	reset	75	0.07	0
1	unsafe	1	0	reset	76	0.07	0
1	unsafe	1	0	reset	77	0.07	0
1	unsafe	1	0	reset	78	0.08	0
1	unsafe	1	0	reset	79	0.07	0
1	unsafe	1	0	reset	80	0.071	0
1	unsafe	1	0	reset	81	0.07	0
1	unsafe	1	0	reset	82	0.07	0
1	unsafe	1	0	reset	83	0.071	0
1	unsafe	1	0	reset	84	0.07	0
1	unsafe	1	0	reset	85	0.081	0
1	unsafe	1	0	reset	86	0.08	0
1	unsafe	1	0	reset	87	0.08	0
1	unsafe	1	0	reset	88	0.08	0
1	unsafe	1	0	reset	89	0.07	0
1	unsafe	1	0	reset	90	0.07	0
1	unsafe	1	0	reset	91	0.07	0
1	unsafe	1	0	reset	92	0.071	0
1	unsafe	1	0	reset	93	0.08	0
1	unsafe	1	0	reset	94	0.07	0
1	unsafe	1	0	reset	95	0.07	0
1	unsafe	1	0	reset	96	0.07	0
1	unsafe	1	0	reset	97	0.07	0
1	unsafe	1	0	reset	98	0.07	0
1	unsafe	1	0	reset	99	0.071	0
1	unsafe	1	0	reset	100	0.07	0
1	unsafe	1	0	reset	101	0.07	0
1	unsafe	1	0	reset	102	0.081	0
1	unsafe	1	0	reset	103	0.08	0
1	unsafe	1	0	reset	104	0.07	0
1	unsafe	1	0	reset	105	0.09	0
1	unsafe	1	0	reset	106	0.07	0
1	unsafe	1	0	reset	107	0.08	0
1	unsafe	1	0	reset	108	0.07	0
1	unsafe	1	0	reset	109	0.07	0
1	unsafe	1	0	reset	110	0.07	0
1	unsafe	1	0	reset	111	0.07	0
1	unsafe	1	0	reset	112	0.08	0
1	unsafe	1	0	reset	113	0.07	0
1	unsafe	1	0	reset	114	0.08	0
1	unsafe	1	0	reset	115	0.07	0
1	unsafe	1	0	reset	116	0.06	0
1	unsafe	1	0	reset	117	0.06	0
1	unsafe	1	0	reset	118	0.081	0
1	unsafe	1	0	reset	119	0.07	0
1	unsafe	1	0	reset	120	0.07	0
1	unsafe	1	0	reset	121	0.08	0
1	unsafe	1	0	reset	122	0.07	0
1	unsafe	1	0	reset	123	0.08	0
1	unsafe	1	0	reset	124	0.08	0
1	unsafe	1	0	reset	125	0.07	0
1	unsafe	1	0	reset	126	0.07	0
1	unsafe	1	0	reset	127	0.07	0
1	unsafe	1	0	reset	128	0.07	0
1	unsafe	1	0	reset	129	0.07	0
1	unsafe	1	0	reset	130	0.08	0
1	unsafe	1	0	reset	131	0.07	0
1	unsafe	1	0	reset	132	0.07	0
1	unsafe	1	0	reset	133	0.1	0
1	unsafe	1	0	reset	134	0.07	0
1	unsafe	1	0	reset	135	0.07	0
1	unsafe	1	0	reset	136	0.07	0
1	unsafe	1	0	reset	137	0.07	0
1	unsafe	1	0	reset	138	0.07	0
1	unsafe	1	0	reset	139	0.07	0
1	unsafe	1	0	reset	140	0.07	0
1	unsafe	1	0	reset	141	0.07	0
1	unsafe	1	0	reset	142	0.08	0
1	unsafe	1	0	reset	143	0.07	0
1	unsafe	1	0	reset	144	0.08	0
1	unsafe	1	0	reset	145	0.07	0
1	unsafe	1	0	reset	146	0.07	0
1	unsafe	1	0	reset	147	0.071	0
1	unsafe	1	0	reset	148	0.07	0
1	unsafe	1	0	reset	149	0.07	0
1	unsafe	1	0	reset	150	0.07	0
1	unsafe	1	0	reset	151	0.07	0
1	unsafe	1	0	reset	152	0.08	0
1	unsafe	1	0	reset	153	0.09	0
1	unsafe	1	0	reset	154	0.07	0
1	unsafe	1	0	reset	155	0.07	0
1	unsafe	1	0	reset	156	0.08	0
1	unsafe	1	0	reset	157	0.08	0
1	unsafe	1	0	reset	158	0.07	0
1	unsafe	1	0	reset	159	0.07	0
1	unsafe	1	0	reset	160	0.07	0
1	unsafe	1	0	reset	161	0.07	0
1	unsafe	1	0	reset	162	0.07	0
1	unsafe	1	0	reset	163	0.07	0
1	unsafe	1	0	reset	164	0.08	0
1	unsafe	1	0	reset	165	0.07	0
1	unsafe	1	0	reset	166	0.08	0
1	unsafe	1	0	reset	167	0.07	0
1	unsafe	1	0	reset	168	0.07	0
1	unsafe	1	0	reset	169	0.07	0
1	unsafe	1	0	reset	170	0.07	0
1	unsafe	1	0	reset	171	0.07	0
1	unsafe	1	0	reset	172	0.07	0
1	unsafe	1	0	reset	173	0.07	0
1	unsafe	1	0	reset	174	0.07	0
1	unsafe	1	0	reset	175	0.07	0
1	unsafe	1	0	reset	176	0.08	0
1	unsafe	1	0	reset	177	0.07	0
1	unsafe	1	0	reset	178	0.08	0
1	unsafe	1	0	reset	179	0.07	0
1	unsafe	1	0	reset	180	0.071	0
1	unsafe	1	0	reset	181	0.07	0
1	unsafe	1	0	reset	182	0.07	0
1	unsafe	1	0	reset	183	0.081	0
1	unsafe	1	0	reset	184	0.07	0
1	unsafe	1	0	reset	185	0.08	0
1	unsafe	1	0	reset	186	0.08	0
1	unsafe	1	0	reset	187	0.08	0
1	unsafe	1	0	reset	188	0.06	0
1	unsafe	1	0	reset	189	0.07	0
1	unsafe	1	0	reset	190	0.07	0
1	unsafe	1	0	reset	191	0.07	0
1	unsafe	1	0	reset	192	0.08	0
1	unsafe	1	0	reset	193	0.14	0
1	unsafe	1	0	reset	194	0.07	0
1	unsafe	1	0	reset	195	0.1	0
1	unsafe	1	0	reset	196	0.07	0
1	unsafe	1	0	reset	197	0.07	0
1	unsafe	1	0	reset	198	0.071	0
1	unsafe	1	0	reset	199	0.07	0
1	unsafe	1	0	reset	200	0.08	0
1	checked	4	3	reset	1	58.33	0
1	checked	4	3	reset	2	71.605	0
1	checked	4	3	reset	3	64.432	0
1	checked	4	3	reset	4	54.874	0
1	checked	4	3	reset	5	73.458	0
1	checked	4	3	reset	6	64.813	0
1	checked	4	3	reset	7	44.614	0
1	checked	4	3	reset	8	33.463	0
1	checked	4	3	reset	9	34.014	0
1	checked	4	3	reset	10	34.886	0
1	checked	4	3	reset	11	33.262	0
1	checked	4	3	reset	12	33.404	0
1	checked	4	3	reset	13	34.335	0
1	checked	4	3	reset	14	33.874	0
1	checked	4	3	reset	15	34.264	0
1	checked	4	3	reset	16	33.383	0
1	checked	4	3	reset	17	33.593	0
1	checked	4	3	reset	18	33.122	0
1	checked	4	3	reset	19	33.823	0
1	checked	4	3	reset	20	34.245	0
1	checked	4	3	reset	21	32.802	0
1	checked	4	3	reset	22	33.533	0
1	checked	4	3	reset	23	33.423	0
1	checked	4	3	reset	24	37.05	0
1	checked	4	3	reset	25	33.153	0
1	checked	4	3	reset	26	32.902	0
1	checked	4	3	reset	27	33.343	0
1	checked	4	3	reset	28	35.557	0
1	checked	4	3	reset	29	42.37	0
1	checked	4	3	reset	30	44.734	0
1	checked	4	3	reset	31	40.567	0
1	checked	4	3	reset	32	41.919	0
1	checked	4	3	reset	33	40.226	0
1	checked	4	3	reset	34	37.671	0
1	checked	4	3	reset	35	42.12	0
1	checked	4	3	reset	36	39.985	0
1	checked	4	3	reset	37	41.168	0
1	checked	4	3	reset	38	40.056	0
1	checked	4	3	reset	39	37.571	0
1	checked	4	3	reset	40	41.619	0
1	checked	4	3	reset	41	37.0	0
1	checked	4	3	reset	42	40.096	0
1	checked	4	3	reset	43	40.376	0
1	checked	4	3	reset	44	40.276	0
1	checked	4	3	reset	45	43.101	0
1	checked	4	3	reset	46	41.027	0
1	checked	4	3	reset	47	39.405	0
1	checked	4	3	reset	48	40.937	0
1	checked	4	3	reset	49	47.129	0
1	checked	4	3	reset	50	43.833	0
1	checked	4	3	reset	51	39.725	0
1	checked	4	3	reset	52	38.703	0
1	checked	4	3	reset	53	38.793	0
1	checked	4	3	reset	54	39.395	0
1	checked	4	3	reset	55	38.423	0
1	checked	4	3	reset	56	39.174	0
1	checked	4	3	reset	57	38.693	0
1	checked	4	3	reset	58	40.987	0
1	checked	4	3	reset	59	39.565	0
1	checked	4	3	reset	60	38.874	0
1	checked	4	3	reset	61	37.501	0
1	checked	4	3	reset	62	54.002	0
1	checked	4	3	reset	63	44.885	0
1	checked	4	3	reset	64	36.86	0
1	checked	4	3	reset	65	35.207	0
1	checked	4	3	reset	66	35.146	0
1	checked	4	3	reset	67	35.558	0
1	checked	4	3	reset	68	35.858	0
1	checked	4	3	reset	69	35.517	0
1	checked	4	3	reset	70	35.157	0
1	checked	4	3	reset	71	34.926	0
1	checked	4	3	reset	72	34.865	0
1	checked	4	3	reset	73	35.086	0
1	checked	4	3	reset	74	34.926	0
1	checked	4	3	reset	75	35.848	0
1	checked	4	3	reset	76	35.427	0
1	checked	4	3	reset	77	36.309	0
1	checked	4	3	reset	78	34.365	0
1	checked	4	3	reset	79	34.866	0
1	checked	4	3	reset	80	34.826	0
1	checked	4	3	reset	81	37.851	0
1	checked	4	3	reset	82	35.938	0
1	checked	4	3	reset	83	34.906	0
1	checked	4	3	reset	84	34.716	0
1	checked	4	3	reset	85	34.255	0
1	checked	4	3	reset	86	34.986	0
1	checked	4	3	reset	87	35.356	0
1	checked	4	3	reset	88	34.395	0
1	checked	4	3	reset	89	34.565	0
1	checked	4	3	reset	90	36.729	0
1	checked	4	3	reset	91	33.754	0
1	checked	4	3	reset	92	34.635	0
1	checked	4	3	reset	93	35.147	0
1	checked	4	3	reset	94	35.156	0
1	checked	4	3	reset	95	35.437	0
1	checked	4	3	reset	96	34.204	0
1	checked	4	3	reset	97	35.036	0
1	checked	4	3	reset	98	34.345	0
1	checked	4	3	reset	99	35.968	0
1	checked	4	3	reset	100	34.054	0
1	checked	4	3	reset	101	34.675	0
1	checked	4	3	reset	102	35.217	0
1	checked	4	3	reset	103	35.407	0
1	checked	4	3	reset	104	35.778	0
1	checked	4	3	reset	105	34.735	0
1	checked	4	3	reset	106	34.715	0
1	checked	4	3	reset	107	35.276	0
1	checked	4	3	reset	108	35.907	0
1	checked	4	3	reset	109	35.897	0
1	checked	4	3	reset	110	35.006	0
1	checked	4	3	reset	111	34.705	0
1	checked	4	3	reset	112	33.634	0
1	checked	4	3	reset	113	34.725	0
1	checked	4	3	reset	114	39.264	0
1	checked	4	3	reset	115	35.867	0
1	checked	4	3	reset	116	36.358	0
1	checked	4	3	reset	117	34.886	0
1	checked	4	3	reset	118	34.916	0
1	checked	4	3	reset	119	34.024	0
1	checked	4	3	reset	120	34.756	0
1	checked	4	3	reset	121	33.764	0
1	checked	4	3	reset	122	34.355	0
1	checked	4	3	reset	123	34.034	0
1	checked	4	3	reset	124	35.186	0
1	checked	4	3	reset	125	37.3	0
1	checked	4	3	reset	126	33.924	0
1	checked	4	3	reset	127	34.906	0
1	checked	4	3	reset	128	34.766	0
1	checked	4	3	reset	129	34.365	0
1	checked	4	3	reset	130	33.514	0
1	checked	4	3	reset	131	34.285	0
1	checked	4	3	reset	132	35.918	0
1	checked	4	3	reset	133	34.465	0
1	checked	4	3	reset	134	35.076	0
1	checked	4	3	reset	135	33.824	0
1	checked	4	3	reset	136	37.3	0
1	checked	4	3	reset	137	34.905	0
1	checked	4	3	reset	138	34.836	0
1	checked	4	3	reset	139	34.846	0
1	checked	4	3	reset	140	34.355	0
1	checked	4	3	reset	141	33.974	0
1	checked	4	3	reset	142	34.736	0
1	checked	4	3	reset	143	34.314	0
1	checked	4	3	reset	144	34.916	0
1	checked	4	3	reset	145	35.086	0
1	checked	4	3	reset	146	35.156	0
1	checked	4	3	reset	147	36.669	0
1	checked	4	3	reset	148	33.083	0
1	checked	4	3	reset	149	33.784	0
1	checked	4	3	reset	150	34.706	0
1	checked	4	3	reset	151	33.643	0
1	checked	4	3	reset	152	34.866	0
1	checked	4	3	reset	153	35.026	0
1	checked	4	3	reset	154	34.665	0
1	checked	4	3	reset	155	34.585	0
1	checked	4	3	reset	156	34.255	0
1	checked	4	3	reset	157	34.585	0
1	checked	4	3	reset	158	35.467	0
1	checked	4	3	reset	159	34.415	0
1	checked	4	3	reset	160	35.798	0
1	checked	4	3	reset	161	34.686	0
1	checked	4	3	reset	162	34.455	0
1	checked	4	3	reset	163	34.045	0
1	checked	4	3	reset	164	34.635	0
1	checked	4	3	reset	165	33.533	0
1	checked	4	3	reset	166	35.136	0
1	checked	4	3	reset	167	35.207	0
1	checked	4	3	reset	168	34.234	0
1	checked	4	3	reset	169	35.637	0
1	checked	4	3	reset	170	34.596	0
1	checked	4	3	reset	171	33.985	0
1	checked	4	3	reset	172	34.185	0
1	checked	4	3	reset	173	35.257	0
1	checked	4	3	reset	174	33.373	0
1	checked	4	3	reset	175	35.807	0
1	checked	4	3	reset	176	33.323	0
1	checked	4	3	reset	177	34.184	0
1	checked	4	3	reset	178	34.095	0
1	checked	4	3	reset	179	34.775	0
1	checked	4	3	reset	180	35.037	0
1	checked	4	3	reset	181	34.936	0
1	checked	4	3	reset	182	34.705	0
1	checked	4	3	reset	183	33.914	0
1	checked	4	3	reset	184	33.834	0
1	checked	4	3	reset	185	34.605	0
1	checked	4	3	reset	186	33.383	0
1	checked	4	3	reset	187	33.834	0
1	checked	4	3	reset	188	33.623	0
1	checked	4	3	reset	189	34.244	0
1	checked	4	3	reset	190	34.625	0
1	checked	4	3	reset	191	34.284	0
1	checked	4	3	reset	192	34.576	0
1	checked	4	3	reset	193	36.418	0
1	checked	4	3	reset	194	35.036	0
1	checked	4	3	reset	195	36.018	0
1	checked	4	3	reset	196	34.445	0
1	checked	4	3	reset	197	35.136	0
1	checked	4	3	reset	198	34.285	0
1	checked	4	3	reset	199	33.483	0
1	checked	4	3	reset	200	34.415	0
1	checked	4	3	stall	1	55.715	0
1	checked	4	3	stall	2	65.463	0
1	checked	4	3	stall	3	421.125	0
1	unsafe	4	3	reset	1	0.311	0
1	unsafe	4	3	reset	2	0.09	0
1	unsafe	4	3	reset	3	0.11	0
1	unsafe	4	3	reset	4	0.11	0
1	unsafe	4	3	reset	5	0.07	0
1	unsafe	4	3	reset	6	0.09	0
1	unsafe	4	3	reset	7	0.33	0
1	unsafe	4	3	reset	8	0.13	0
1	unsafe	4	3	reset	9	0.07	0
1	unsafe	4	3	reset	10	0.07	0
1	unsafe	4	3	reset	11	0.07	0
1	unsafe	4	3	reset	12	0.16	0
1	unsafe	4	3	reset	13	0.07	0
1	unsafe	4	3	reset	14	0.321	0
1	unsafe	4	3	reset	15	0.09	0
1	unsafe	4	3	reset	16	0.12	0
1	unsafe	4	3	reset	17	0.27	0
1	unsafe	4	3	reset	18	0.18	0
1	unsafe	4	3	reset	19	0.08	0
1	unsafe	4	3	reset	20	0.1	0
1	unsafe	4	3	reset	21	0.1	0
1	unsafe	4	3	reset	22	0.32	0
1	unsafe	4	3	reset	23	0.32	0
1	unsafe	4	3	reset	24	0.3	0
1	unsafe	4	3	reset	25	0.07	0
1	unsafe	4	3	reset	26	0.12	0
1	unsafe	4	3	reset	27	0.07	0
1	unsafe	4	3	reset	28	0.08	0
1	unsafe	4	3	reset	29	0.08	0
1	unsafe	4	3	reset	30	0.11	0
1	unsafe	4	3	reset	31	0.12	0
1	unsafe	4	3	reset	32	0.101	0
1	unsafe	4	3	reset	33	0.071	0
1	unsafe	4	3	reset	34	0.08	0
1	unsafe	4	3	reset	35	0.1	0
1	unsafe	4	3	reset	36	0.07	0
1	unsafe	4	3	reset	37	0.09	0
1	unsafe	4	3	reset	38	0.1	0
1	unsafe	4	3	reset	39	0.09	0
1	unsafe	4	3	reset	40	0.091	0
1	unsafe	4	3	reset	41	0.09	0
1	unsafe	4	3	reset	42	0.1	0
1	unsafe	4	3	reset	43	0.07	0
1	unsafe	4	3	reset	44	0.09	0
1	unsafe	4	3	reset	45	0.08	0
1	unsafe	4	3	reset	46	0.08	0
1	unsafe	4	3	reset	47	0.08	0
1	unsafe	4	3	reset	48	0.07	0
1	unsafe	4	3	reset	49	0.091	0
1	unsafe	4	3	reset	50	0.08	0
1	unsafe	4	3	reset	51	0.1	0
1	unsafe	4	3	reset	52	0.14	0
1	unsafe	4	3	reset	53	0.09	0
1	unsafe	4	3	reset	54	0.11	0
1	unsafe	4	3	reset	55	0.08	0
1	unsafe	4	3	reset	56	0.09	0
1	unsafe	4	3	reset	57	0.08	0
1	unsafe	4	3	reset	58	0.07	0
1	unsafe	4	3	reset	59	0.08	0
1	unsafe	4	3	reset	60	0.07	0
1	unsafe	4	3	reset	61	0.11	0
1	unsafe	4	3	reset	62	0.08	0
1	unsafe	4	3	reset	63	0.08	0
1	unsafe	4	3	reset	64	0.12	0
1	unsafe	4	3	reset	65	0.07	0
1	unsafe	4	3	reset	66	0.091	0
1	unsafe	4	3	reset	67	0.071	0
1	unsafe	4	3	reset	68	0.101	0
1	unsafe	4	3	reset	69	0.07	0
1	unsafe	4	3	reset	70	0.07	0
1	unsafe	4	3	reset	71	0.08	0
1	unsafe	4	3	reset	72	0.081	0
1	unsafe	4	3	reset	73	0.08	0
1	unsafe	4	3	reset	74	0.11	0
1	unsafe	4	3	reset	75	0.101	0
1	unsafe	4	3	reset	76	0.07	0
1	unsafe	4	3	reset	77	0.09	0
1	unsafe	4	3	reset	78	0.1	0
1	unsafe	4	3	reset	79	0.09	0
1	unsafe	4	3	reset	80	0.1	0
1	unsafe	4	3	reset	81	0.08	0
1	unsafe	4	3	reset	82	0.08	0
1	unsafe	4	3	reset	83	0.091	0
1	unsafe	4	3	reset	84	0.07	0
1	unsafe	4	3	reset	85	0.08	0
1	unsafe	4	3	reset	86	0.09	0
1	unsafe	4	3	reset	87	0.07	0
1	unsafe	4	3	reset	88	0.08	0
1	unsafe	4	3	reset	89	0.08	0
1	unsafe	4	3	reset	90	0.08	0
1	unsafe	4	3	reset	91	0.07	0
1	unsafe	4	3	reset	92	0.09	0
1	unsafe	4	3	reset	93	0.08	0
1	unsafe	4	3	reset	94	0.09	0
1	unsafe	4	3	reset	95	0.08	0
1	unsafe	4	3	reset	96	0.09	0
1	unsafe	4	3	reset	97	0.08	0
1	unsafe	4	3	reset	98	0.08	0
1	unsafe	4	3	reset	99	0.09	0
1	unsafe	4	3	reset	100	0.07	0
1	unsafe	4	3	reset	101	0.1	0
1	unsafe	4	3	reset	102	0.12	0
1	unsafe	4	3	reset	103	0.07	0
1	unsafe	4	3	reset	104	0.1	0
1	unsafe	4	3	reset	105	0.09	0
1	unsafe	4	3	reset	106	0.11	0
1	unsafe	4	3	reset	107	0.07	0
1	unsafe	4	3	reset	108	0.101	0
1	unsafe	4	3	reset	109	0.09	0
1	unsafe	4	3	reset	110	0.07	0
1	unsafe	4	3	reset	111	0.09	0
1	unsafe	4	3	reset	112	0.071	0
1	unsafe	4	3	reset	113	0.07	0
1	unsafe	4	3	reset	114	0.091	0
1	unsafe	4	3	reset	115	0.07	0
1	unsafe	4	3	reset	116	0.101	0
1	unsafe	4	3	reset	117	0.07	0
1	unsafe	4	3	reset	118	0.091	0
1	unsafe	4	3	reset	119	0.08	0
1	unsafe	4	3	reset	120	0.09	0
1	unsafe	4	3	reset	121	0.08	0
1	unsafe	4	3	reset	122	0.08	0
1	unsafe	4	3	reset	123	0.08	0
1	unsafe	4	3	reset	124	0.07	0
1	unsafe	4	3	reset	125	0.081	0
1	unsafe	4	3	reset	126	0.07	0
1	unsafe	4	3	reset	127	0.09	0
1	unsafe	4	3	reset	128	0.09	0
1	unsafe	4	3	reset	129	0.07	0
1	unsafe	4	3	reset	130	0.08	0
1	unsafe	4	3	reset	131	0.07	0
1	unsafe	4	3	reset	132	0.091	0
1	unsafe	4	3	reset	133	0.111	0
1	unsafe	4	3	reset	134	0.09	0
1	unsafe	4	3	reset	135	0.08	0
1	unsafe	4	3	reset	136	0.09	0
1	unsafe	4	3	reset	137	0.081	0
1	unsafe	4	3	reset	138	0.08	0
1	unsafe	4	3	reset	139	0.1	0
1	unsafe	4	3	reset	140	0.08	0
1	unsafe	4	3	reset	141	0.07	0
1	unsafe	4	3	reset	142	0.101	0
1	unsafe	4	3	reset	143	0.08	0
1	unsafe	4	3	reset	144	0.08	0
1	unsafe	4	3	reset	145	0.08	0
1	unsafe	4	3	reset	146	0.07	0
1	unsafe	4	3	reset	147	0.07	0
1	unsafe	4	3	reset	148	0.07	0
1	unsafe	4	3	reset	149	0.09	0
1	unsafe	4	3	reset	150	0.08	0
1	unsafe	4	3	reset	151	0.08	0
1	unsafe	4	3	reset	152	0.08	0
1	unsafe	4	3	reset	153	0.08	0
1	unsafe	4	3	reset	154	0.071	0
1	unsafe	4	3	reset	155	0.1	0
1	unsafe	4	3	reset	156	0.09	0
1	unsafe	4	3	reset	157	0.08	0
1	unsafe	4	3	reset	158	0.07	0
1	unsafe	4	3	reset	159	0.08	0
1	unsafe	4	3	reset	160	0.08	0
1	unsafe	4	3	reset	161	0.07	0
1	unsafe	4	3	reset	162	0.07	0
1	unsafe	4	3	reset	163	0.09	0
1	unsafe	4	3	reset	164	0.09	0
1	unsafe	4	3	reset	165	0.07	0
1	unsafe	4	3	reset	166	0.071	0
1	unsafe	4	3	reset	167	0.08	0
1	unsafe	4	3	reset	168	0.071	0
1	unsafe	4	3	reset	169	0.07	0
1	unsafe	4	3	reset	170	0.08	0
1	unsafe	4	3	reset	171	0.07	0
1	unsafe	4	3	reset	172	0.09	0
1	unsafe	4	3	reset	173	0.11	0
1	unsafe	4	3	reset	174	0.07	0
1	unsafe	4	3	reset	175	0.09	0
1	unsafe	4	3	reset	176	0.081	0
1	unsafe	4	3	reset	177	0.08	0
1	unsafe	4	3	reset	178	0.08	0
1	unsafe	4	3	reset	179	0.09	0
1	unsafe	4	3	reset	180	0.071	0
1	unsafe	4	3	reset	181	0.081	0
1	unsafe	4	3	reset	182	0.07	0
1	unsafe	4	3	reset	183	0.07	0
1	unsafe	4	3	reset	184	0.07	0
1	unsafe	4	3	reset	185	0.08	0
1	unsafe	4	3	reset	186	0.1	0
1	unsafe	4	3	reset	187	0.07	0
1	unsafe	4	3	reset	188	0.07	0
1	unsafe	4	3	reset	189	0.09	0
1	unsafe	4	3	reset	190	0.08	0
1	unsafe	4	3	reset	191	0.08	0
1	unsafe	4	3	reset	192	0.07	0
1	unsafe	4	3	reset	193	0.08	0
1	unsafe	4	3	reset	194	0.081	0
1	unsafe	4	3	reset	195	0.08	0
1	unsafe	4	3	reset	196	0.07	0
1	unsafe	4	3	reset	197	0.091	0
1	unsafe	4	3	reset	198	0.09	0
1	unsafe	4	3	reset	199	0.07	0
1	unsafe	4	3	reset	200	0.07	0
1	unsafe	4	3	stall	1	0.0	0
1	unsafe	4	3	stall	2	0.0	0
1	unsafe	4	3	stall	3	0.0	0
1	checked	8	7	reset	1	92.415	0
1	checked	8	7	reset	2	84.49	0
1	checked	8	7	reset	3	70.132	0
1	checked	8	7	reset	4	125.527	0
1	checked	8	7	reset	5	134.464	0
1	checked	8	7	reset	6	37.55	0
1	checked	8	7	reset	7	32.942	0
1	checked	8	7	reset	8	32.04	0
1	checked	8	7	reset	9	32.221	0
1	checked	8	7	reset	10	32.131	0
1	checked	8	7	reset	11	31.79	0
1	checked	8	7	reset	12	31.8	0
1	checked	8	7	reset	13	32.171	0
1	checked	8	7	reset	14	31.97	0
1	checked	8	7	reset	15	40.516	0
1	checked	8	7	reset	16	32.671	0
1	checked	8	7	reset	17	31.82	0
1	checked	8	7	reset	18	32.862	0
1	checked	8	7	reset	19	31.469	0
1	checked	8	7	reset	20	32.061	0
1	checked	8	7	reset	21	31.53	0
1	checked	8	7	reset	22	33.383	0
1	checked	8	7	reset	23	60.504	0
1	checked	8	7	reset	24	57.729	0
1	checked	8	7	reset	25	52.9	0
1	checked	8	7	reset	26	55.635	0
1	checked	8	7	reset	27	51.577	0
1	checked	8	7	reset	28	49.874	0
1	checked	8	7	reset	29	63.701	0
1	checked	8	7	reset	30	47.79	0
1	checked	8	7	reset	31	46.918	0
1	checked	8	7	reset	32	47.951	0
1	checked	8	7	reset	33	48.952	0
1	checked	8	7	reset	34	46.288	0
1	checked	8	7	reset	35	48.151	0
1	checked	8	7	reset	36	46.869	0
1	checked	8	7	reset	37	50.164	0
1	checked	8	7	reset	38	57.048	0
1	checked	8	7	reset	39	45.386	0
1	checked	8	7	reset	40	65.133	0
1	checked	8	7	reset	41	42.61	0
1	checked	8	7	reset	42	47.84	0
1	checked	8	7	reset	43	44.574	0
1	checked	8	7	reset	44	46.177	0
1	checked	8	7	reset	45	49.063	0
1	checked	8	7	reset	46	43.883	0
1	checked	8	7	reset	47	44.885	0
1	checked	8	7	reset	48	47.289	0
1	checked	8	7	reset	49	43.712	0
1	checked	8	7	reset	50	44.815	0
1	checked	8	7	reset	51	43.132	0
1	checked	8	7	reset	52	51.307	0
1	checked	8	7	reset	53	47.801	0
1	checked	8	7	reset	54	45.205	0
1	checked	8	7	reset	55	47.119	0
1	checked	8	7	reset	56	45.867	0
1	checked	8	7	reset	57	45.636	0
1	checked	8	7	reset	58	45.636	0
1	checked	8	7	reset	59	44.724	0
1	checked	8	7	reset	60	46.848	0
1	checked	8	7	reset	61	44.824	0
1	checked	8	7	reset	62	44.253	0
1	checked	8	7	reset	63	46.848	0
1	checked	8	7	reset	64	47.77	0
1	checked	8	7	reset	65	45.336	0
1	checked	8	7	reset	66	43.071	0
1	checked	8	7	reset	67	47.63	0
1	checked	8	7	reset	68	47.5	0
1	checked	8	7	reset	69	48.331	0
1	checked	8	7	reset	70	66.977	0
1	checked	8	7	reset	71	61.055	0
1	checked	8	7	reset	72	50.755	0
1	checked	8	7	reset	73	48.722	0
1	checked	8	7	reset	74	53.571	0
1	checked	8	7	reset	75	48.832	0
1	checked	8	7	reset	76	46.548	0
1	checked	8	7	reset	77	51.227	0
1	checked	8	7	reset	78	48.863	0
1	checked	8	7	reset	79	51.136	0
1	checked	8	7	reset	80	51.166	0
1	checked	8	7	reset	81	46.538	0
1	checked	8	7	reset	82	49.183	0
1	checked	8	7	reset	83	47.67	0
1	checked	8	7	reset	84	49.955	0
1	checked	8	7	reset	85	63.42	0
1	checked	8	7	reset	86	54.002	0
1	checked	8	7	reset	87	48.802	0
1	checked	8	7	reset	88	52.459	0
1	checked	8	7	reset	89	56.967	0
1	checked	8	7	reset	90	47.66	0
1	checked	8	7	reset	91	50.916	0
1	checked	8	7	reset	92	50.024	0
1	checked	8	7	reset	93	47.169	0
1	checked	8	7	reset	94	50.295	0
1	checked	8	7	reset	95	49.112	0
1	checked	8	7	reset	96	49.423	0
1	checked	8	7	reset	97	50.024	0
1	checked	8	7	reset	98	54.483	0
1	checked	8	7	reset	99	50.535	0
1	checked	8	7	reset	100	47.83	0
1	checked	8	7	reset	101	46.618	0
1	checked	8	7	reset	102	47.069	0
1	checked	8	7	reset	103	46.077	0
1	checked	8	7	reset	104	53.391	0
1	checked	8	7	reset	105	52.069	0
1	checked	8	7	reset	106	47.62	0
1	checked	8	7	reset	107	47.781	0
1	checked	8	7	reset	108	49.323	0
1	checked	8	7	reset	109	76.174	0
1	checked	8	7	reset	110	53.171	0
1	checked	8	7	reset	111	55.625	0
1	checked	8	7	reset	112	61.546	0
1	checked	8	7	reset	113	47.67	0
1	checked	8	7	reset	114	49.434	0
1	checked	8	7	reset	115	45.365	0
1	checked	8	7	reset	116	43.873	0
1	checked	8	7	reset	117	50.655	0
1	checked	8	7	reset	118	49.102	0
1	checked	8	7	reset	119	47.82	0
1	checked	8	7	reset	120	48.692	0
1	checked	8	7	reset	121	47.62	0
1	checked	8	7	reset	122	48.051	0
1	checked	8	7	reset	123	47.36	0
1	checked	8	7	reset	124	45.656	0
1	checked	8	7	reset	125	57.609	0
1	checked	8	7	reset	126	61.967	0
1	checked	8	7	reset	127	49.323	0
1	checked	8	7	reset	128	60.745	0
1	checked	8	7	reset	129	49.914	0
1	checked	8	7	reset	130	44.845	0
1	checked	8	7	reset	131	49.654	0
1	checked	8	7	reset	132	50.826	0
1	checked	8	7	reset	133	49.623	0
1	checked	8	7	reset	134	46.227	0
1	checked	8	7	reset	135	46.247	0
1	checked	8	7	reset	136	48.983	0
1	checked	8	7	reset	137	48.271	0
1	checked	8	7	reset	138	47.119	0
1	checked	8	7	reset	139	47.329	0
1	checked	8	7	reset	140	45.926	0
1	checked	8	7	reset	141	46.578	0
1	checked	8	7	reset	142	46.678	0
1	checked	8	7	reset	143	45.957	0
1	checked	8	7	reset	144	49.634	0
1	checked	8	7	reset	145	46.658	0
1	checked	8	7	reset	146	49.283	0
1	checked	8	7	reset	147	47.87	0
1	checked	8	7	reset	148	49.023	0
1	checked	8	7	reset	149	45.366	0
1	checked	8	7	reset	150	45.005	0
1	checked	8	7	reset	151	44.273	0
1	checked	8	7	reset	152	45.526	0
1	checked	8	7	reset	153	45.005	0
1	checked	8	7	reset	154	45.767	0
1	checked	8	7	reset	155	43.713	0
1	checked	8	7	reset	156	45.876	0
1	checked	8	7	reset	157	42.57	0
1	checked	8	7	reset	158	46.769	0
1	checked	8	7	reset	159	43.943	0
1	checked	8	7	reset	160	50.355	0
1	checked	8	7	reset	161	45.696	0
1	checked	8	7	reset	162	44.745	0
1	checked	8	7	reset	163	44.664	0
1	checked	8	7	reset	164	44.905	0
1	checked	8	7	reset	165	46.097	0
1	checked	8	7	reset	166	44.985	0
1	checked	8	7	reset	167	45.937	0
1	checked	8	7	reset	168	41.518	0
1	checked	8	7	reset	169	47.73	0
1	checked	8	7	reset	170	44.394	0
1	checked	8	7	reset	171	43.763	0
1	checked	8	7	reset	172	43.783	0
1	checked	8	7	reset	173	44.885	0
1	checked	8	7	reset	174	44.113	0
1	checked	8	7	reset	175	45.376	0
1	checked	8	7	reset	176	42.53	0
1	checked	8	7	reset	177	43.702	0
1	checked	8	7	reset	178	43.272	0
1	checked	8	7	reset	179	43.622	0
1	checked	8	7	reset	180	42.521	0
1	checked	8	7	reset	181	43.663	0
1	checked	8	7	reset	182	47.39	0
1	checked	8	7	reset	183	41.97	0
1	checked	8	7	reset	184	45.806	0
1	checked	8	7	reset	185	46.868	0
1	checked	8	7	reset	186	42.2	0
1	checked	8	7	reset	187	43.091	0
1	checked	8	7	reset	188	44.053	0
1	checked	8	7	reset	189	43.702	0
1	checked	8	7	reset	190	44.634	0
1	checked	8	7	reset	191	43.593	0
1	checked	8	7	reset	192	44.504	0
1	checked	8	7	reset	193	43.523	0
1	checked	8	7	reset	194	42.049	0
1	checked	8	7	reset	195	50.165	0
1	checked	8	7	reset	196	43.432	0
1	checked	8	7	reset	197	47.28	0
1	checked	8	7	reset	198	51.107	0
1	checked	8	7	reset	199	45.726	0
1	checked	8	7	reset	200	46.037	0
1	checked	8	7	stall	1	69.972	0
1	checked	8	7	stall	2	69.992	0
1	checked	8	7	stall	3	72.927	0
1	checked	8	7	stall	4	70.413	0
1	checked	8	7	stall	5	71.205	0
1	checked	8	7	stall	6	70.163	0
1	checked	8	7	stall	7	85.782	0
1	unsafe	8	7	reset	1	0.131	0
1	unsafe	8	7	reset	2	0.091	0
1	unsafe	8	7	reset	3	0.08	0
1	unsafe	8	7	reset	4	0.09	0
1	unsafe	8	7	reset	5	0.08	0
1	unsafe	8	7	reset	6	0.08	0
1	unsafe	8	7	reset	7	0.08	0
1	unsafe	8	7	reset	8	0.08	0
1	unsafe	8	7	reset	9	0.081	0
1	unsafe	8	7	reset	10	0.08	0
1	unsafe	8	7	reset	11	0.13	0
1	unsafe	8	7	reset	12	0.1	0
1	unsafe	8	7	reset	13	0.131	0
1	unsafe	8	7	reset	14	0.141	0
1	unsafe	8	7	reset	15	0.1	0
1	unsafe	8	7	reset	16	0.08	0
1	unsafe	8	7	reset	17	0.09	0
1	unsafe	8	7	reset	18	0.18	0
1	unsafe	8	7	reset	19	0.07	0
1	unsafe	8	7	reset	20	0.081	0
1	unsafe	8	7	reset	21	0.09	0
1	unsafe	8	7	reset	22	0.1	0
1	unsafe	8	7	reset	23	0.131	0
1	unsafe	8	7	reset	24	0.13	0
1	unsafe	8	7	reset	25	1.062	0
1	unsafe	8	7	reset	26	0.12	0
1	unsafe	8	7	reset	27	0.07	0
1	unsafe	8	7	reset	28	0.08	0
1	unsafe	8	7	reset	29	0.07	0
1	unsafe	8	7	reset	30	0.071	0
1	unsafe	8	7	reset	31	0.08	0
1	unsafe	8	7	reset	32	0.07	0
1	unsafe	8	7	reset	33	0.08	0
1	unsafe	8	7	reset	34	0.081	0
1	unsafe	8	7	reset	35	0.08	0
1	unsafe	8	7	reset	36	0.09	0
1	unsafe	8	7	reset	37	0.08	0
1	unsafe	8	7	reset	38	0.08	0
1	unsafe	8	7	reset	39	0.081	0
1	unsafe	8	7	reset	40	0.07	0
1	unsafe	8	7	reset	41	0.08	0
1	unsafe	8	7	reset	42	0.221	0
1	unsafe	8	7	reset	43	0.08	0
1	unsafe	8	7	reset	44	0.07	0
1	unsafe	8	7	reset	45	0.07	0
1	unsafe	8	7	reset	46	0.07	0
1	unsafe	8	7	reset	47	0.071	0
1	unsafe	8	7	reset	48	0.07	0
1	unsafe	8	7	reset	49	0.07	0
1	unsafe	8	7	reset	50	0.08	0
1	unsafe	8	7	reset	51	0.081	0
1	unsafe	8	7	reset	52	0.07	0
1	unsafe	8	7	reset	53	0.081	0
1	unsafe	8	7	reset	54	0.07	0
1	unsafe	8	7	reset	55	0.081	0
1	unsafe	8	7	reset	56	0.08	0
1	unsafe	8	7	reset	57	0.08	0
1	unsafe	8	7	reset	58	0.08	0
1	unsafe	8	7	reset	59	0.07	0
1	unsafe	8	7	reset	60	0.08	0
1	unsafe	8	7	reset	61	0.08	0
1	unsafe	8	7	reset	62	0.07	0
1	unsafe	8	7	reset	63	0.08	0
1	unsafe	8	7	reset	64	0.08	0
1	unsafe	8	7	reset	65	0.1	0
1	unsafe	8	7	reset	66	0.08	0
1	unsafe	8	7	reset	67	0.08	0
1	unsafe	8	7	reset	68	0.07	0
1	unsafe	8	7	reset	69	0.08	0
1	unsafe	8	7	reset	70	0.071	0
1	unsafe	8	7	reset	71	0.07	0
1	unsafe	8	7	reset	72	0.08	0
1	unsafe	8	7	reset	73	0.07	0
1	unsafe	8	7	reset	74	0.07	0
1	unsafe	8	7	reset	75	0.08	0
1	unsafe	8	7	reset	76	0.08	0
1	unsafe	8	7	reset	77	0.07	0
1	unsafe	8	7	reset	78	0.08	0
1	unsafe	8	7	reset	79	0.892	0
1	unsafe	8	7	reset	80	0.261	0
1	unsafe	8	7	reset	81	0.081	0
1	unsafe	8	7	reset	82	0.09	0
1	unsafe	8	7	reset	83	0.081	0
1	unsafe	8	7	reset	84	0.08	0
1	unsafe	8	7	reset	85	0.08	0
1	unsafe	8	7	reset	86	0.081	0
1	unsafe	8	7	reset	87	0.08	0
1	unsafe	8	7	reset	88	0.08	0
1	unsafe	8	7	reset	89	0.08	0
1	unsafe	8	7	reset	90	0.07	0
1	unsafe	8	7	reset	91	0.08	0
1	unsafe	8	7	reset	92	0.07	0
1	unsafe	8	7	reset	93	0.09	0
1	unsafe	8	7	reset	94	0.08	0
1	unsafe	8	7	reset	95	0.081	0
1	unsafe	8	7	reset	96	0.08	0
1	unsafe	8	7	reset	97	0.07	0
1	unsafe	8	7	reset	98	0.081	0
1	unsafe	8	7	reset	99	0.08	0
1	unsafe	8	7	reset	100	0.09	0
1	unsafe	8	7	reset	101	0.091	0
1	unsafe	8	7	reset	102	0.08	0
1	unsafe	8	7	reset	103	0.091	0
1	unsafe	8	7	reset	104	0.08	0
1	unsafe	8	7	reset	105	0.08	0
1	unsafe	8	7	reset	106	0.08	0
1	unsafe	8	7	reset	107	0.08	0
1	unsafe	8	7	reset	108	0.09	0
1	unsafe	8	7	reset	109	0.08	0
1	unsafe	8	7	reset	110	0.081	0
1	unsafe	8	7	reset	111	0.09	0
1	unsafe	8	7	reset	112	0.08	0
1	unsafe	8	7	reset	113	0.08	0
1	unsafe	8	7	reset	114	0.081	0
1	unsafe	8	7	reset	115	0.08	0
1	unsafe	8	7	reset	116	0.08	0
1	unsafe	8	7	reset	117	0.08	0
1	unsafe	8	7	reset	118	0.08	0
1	unsafe	8	7	reset	119	0.071	0
1	unsafe	8	7	reset	120	0.081	0
1	unsafe	8	7	reset	121	0.09	0
1	unsafe	8	7	reset	122	0.081	0
1	unsafe	8	7	reset	123	0.091	0
1	unsafe	8	7	reset	124	0.08	0
1	unsafe	8	7	reset	125	0.1	0
1	unsafe	8	7	reset	126	0.08	0
1	unsafe	8	7	reset	127	0.07	0
1	unsafe	8	7	reset	128	0.09	0
1	unsafe	8	7	reset	129	0.08	0
1	unsafe	8	7	reset	130	0.08	0
1	unsafe	8	7	reset	131	0.08	0
1	unsafe	8	7	reset	132	0.08	0
1	unsafe	8	7	reset	133	0.08	0
1	unsafe	8	7	reset	134	0.08	0
1	unsafe	8	7	reset	135	0.08	0
1	unsafe	8	7	reset	136	0.08	0
1	unsafe	8	7	reset	137	0.08	0
1	unsafe	8	7	reset	138	0.09	0
1	unsafe	8	7	reset	139	0.08	0
1	unsafe	8	7	reset	140	0.091	0
1	unsafe	8	7	reset	141	0.08	0
1	unsafe	8	7	reset	142	0.09	0
1	unsafe	8	7	reset	143	0.08	0
1	unsafe	8	7	reset	144	0.1	0
1	unsafe	8	7	reset	145	0.08	0
1	unsafe	8	7	reset	146	0.08	0
1	unsafe	8	7	reset	147	0.08	0
1	unsafe	8	7	reset	148	0.08	0
1	unsafe	8	7	reset	149	0.1	0
1	unsafe	8	7	reset	150	0.08	0
1	unsafe	8	7	reset	151	0.081	0
1	unsafe	8	7	reset	152	0.09	0
1	unsafe	8	7	reset	153	0.08	0
1	unsafe	8	7	reset	154	0.08	0
1	unsafe	8	7	reset	155	0.08	0
1	unsafe	8	7	reset	156	0.08	0
1	unsafe	8	7	reset	157	0.081	0
1	unsafe	8	7	reset	158	0.08	0
1	unsafe	8	7	reset	159	0.08	0
1	unsafe	8	7	reset	160	0.08	0
1	unsafe	8	7	reset	161	0.08	0
1	unsafe	8	7	reset	162	0.08	0
1	unsafe	8	7	reset	163	0.08	0
1	unsafe	8	7	reset	164	0.09	0
1	unsafe	8	7	reset	165	0.081	0
1	unsafe	8	7	reset	166	0.08	0
1	unsafe	8	7	reset	167	0.09	0
1	unsafe	8	7	reset	168	0.08	0
1	unsafe	8	7	reset	169	0.08	0
1	unsafe	8	7	reset	170	0.091	0
1	unsafe	8	7	reset	171	0.081	0
1	unsafe	8	7	reset	172	0.081	0
1	unsafe	8	7	reset	173	0.081	0
1	unsafe	8	7	reset	174	0.09	0
1	unsafe	8	7	reset	175	0.09	0
1	unsafe	8	7	reset	176	0.081	0
1	unsafe	8	7	reset	177	0.08	0
1	unsafe	8	7	reset	178	0.07	0
1	unsafe	8	7	reset	179	0.08	0
1	unsafe	8	7	reset	180	0.08	0
1	unsafe	8	7	reset	181	0.08	0
1	unsafe	8	7	reset	182	0.09	0
1	unsafe	8	7	reset	183	0.09	0
1	unsafe	8	7	reset	184	0.08	0
1	unsafe	8	7	reset	185	0.08	0
1	unsafe	8	7	reset	186	0.08	0
1	unsafe	8	7	reset	187	0.08	0
1	unsafe	8	7	reset	188	0.091	0
1	unsafe	8	7	reset	189	0.07	0
1	unsafe	8	7	reset	190	0.08	0
1	unsafe	8	7	reset	191	0.08	0
1	unsafe	8	7	reset	192	0.08	0
1	unsafe	8	7	reset	193	0.081	0
1	unsafe	8	7	reset	194	0.08	0
1	unsafe	8	7	reset	195	0.081	0
1	unsafe	8	7	reset	196	0.1	0
1	unsafe	8	7	reset	197	0.08	0
1	unsafe	8	7	reset	198	0.081	0
1	unsafe	8	7	reset	199	0.08	0
1	unsafe	8	7	reset	200	0.08	0
1	unsafe	8	7	stall	1	0.0	0
1	unsafe	8	7	stall	2	0.0	0
1	unsafe	8	7	stall	3	0.0	0
1	unsafe	8	7	stall	4	0.0	0
1	unsafe	8	7	stall	5	0.0	0
1	unsafe	8	7	stall	6	0.0	0
1	unsafe	8	7	stall	7	0.0	0
1	checked	16	15	reset	1	88.126	0
1	checked	16	15	reset	2	102.393	0
1	checked	16	15	reset	3	80.642	0
1	checked	16	15	reset	4	79.681	0
1	checked	16	15	reset	5	174.77	0
1	checked	16	15	reset	6	87.054	0
1	checked	16	15	reset	7	41.368	0
1	checked	16	15	reset	8	36.038	0
1	checked	16	15	reset	9	35.968	0
1	checked	16	15	reset	10	35.056	0
1	checked	16	15	reset	11	35.357	0
1	checked	16	15	reset	12	34.916	0
1	checked	16	15	reset	13	35.447	0
1	checked	16	15	reset	14	35.457	0
1	checked	16	15	reset	15	36.018	0
1	checked	16	15	reset	16	40.376	0
1	checked	16	15	reset	17	37.15	0
1	checked	16	15	reset	18	35.858	0
1	checked	16	15	reset	19	35.888	0
1	checked	16	15	reset	20	35.126	0
1	checked	16	15	reset	21	35.066	0
1	checked	16	15	reset	22	35.186	0
1	checked	16	15	reset	23	35.497	0
1	checked	16	15	reset	24	38.833	0
1	checked	16	15	reset	25	76.424	0
1	checked	16	15	reset	26	90.882	0
1	checked	16	15	reset	27	84.279	0
1	checked	16	15	reset	28	76.133	0
1	checked	16	15	reset	29	67.527	0
1	checked	16	15	reset	30	64.793	0
1	checked	16	15	reset	31	64.952	0
1	checked	16	15	reset	32	76.284	0
1	checked	16	15	reset	33	70.012	0
1	checked	16	15	reset	34	64.151	0
1	checked	16	15	reset	35	68.73	0
1	checked	16	15	reset	36	71.595	0
1	checked	16	15	reset	37	63.46	0
1	checked	16	15	reset	38	67.107	0
1	checked	16	15	reset	39	73.599	0
1	checked	16	15	reset	40	59.923	0
1	checked	16	15	reset	41	70.273	0
1	checked	16	15	reset	42	66.255	0
1	checked	16	15	reset	43	60.074	0
1	checked	16	15	reset	44	63.33	0
1	checked	16	15	reset	45	61.446	0
1	checked	16	15	reset	46	63.67	0
1	checked	16	15	reset	47	67.588	0
1	checked	16	15	reset	48	66.085	0
1	checked	16	15	reset	49	67.828	0
1	checked	16	15	reset	50	61.466	0
1	checked	16	15	reset	51	60.244	0
1	checked	16	15	reset	52	63.64	0
1	checked	16	15	reset	53	60.634	0
1	checked	16	15	reset	54	61.707	0
1	checked	16	15	reset	55	63.64	0
1	checked	16	15	reset	56	61.156	0
1	checked	16	15	reset	57	79.46	0
1	checked	16	15	reset	58	78.458	0
1	checked	16	15	reset	59	73.188	0
1	checked	16	15	reset	60	79.179	0
1	checked	16	15	reset	61	60.374	0
1	checked	16	15	reset	62	61.085	0
1	checked	16	15	reset	63	62.828	0
1	checked	16	15	reset	64	61.767	0
1	checked	16	15	reset	65	66.786	0
1	checked	16	15	reset	66	254.871	0
1	checked	16	15	reset	67	93.687	0
1	checked	16	15	reset	68	73.358	0
1	checked	16	15	reset	69	73.79	0
1	checked	16	15	reset	70	77.456	0
1	checked	16	15	reset	71	81.474	0
1	checked	16	15	reset	72	79.1	0
1	checked	16	15	reset	73	77.376	0
1	checked	16	15	reset	74	76.404	0
1	checked	16	15	reset	75	75.553	0
1	checked	16	15	reset	76	75.633	0
1	checked	16	15	reset	77	74.46	0
1	checked	16	15	reset	78	63.97	0
1	checked	16	15	reset	79	74.009	0
1	checked	16	15	reset	80	62.739	0
1	checked	16	15	reset	81	74.711	0
1	checked	16	15	reset	82	84.219	0
1	checked	16	15	reset	83	86.544	0
1	checked	16	15	reset	84	70.834	0
1	checked	16	15	reset	85	80.842	0
1	checked	16	15	reset	86	75.933	0
1	checked	16	15	reset	87	76.124	0
1	checked	16	15	reset	88	74.762	0
1	checked	16	15	reset	89	67.487	0
1	checked	16	15	reset	90	67.988	0
1	checked	16	15	reset	91	72.496	0
1	checked	16	15	reset	92	72.076	0
1	checked	16	15	reset	93	73.69	0
1	checked	16	15	reset	94	72.426	0
1	checked	16	15	reset	95	70.333	0
1	checked	16	15	reset	96	67.758	0
1	checked	16	15	reset	97	74.009	0
1	checked	16	15	reset	98	66.486	0
1	checked	16	15	reset	99	100.109	0
1	checked	16	15	reset	100	67.888	0
1	checked	16	15	reset	101	74.2	0
1	checked	16	15	reset	102	71.786	0
1	checked	16	15	reset	103	72.427	0
1	checked	16	15	reset	104	72.797	0
1	checked	16	15	reset	105	70.903	0
1	checked	16	15	reset	106	72.137	0
1	checked	16	15	reset	107	65.013	0
1	checked	16	15	reset	108	72.487	0
1	checked	16	15	reset	109	67.027	0
1	checked	16	15	reset	110	65.534	0
1	checked	16	15	reset	111	72.527	0
1	checked	16	15	reset	112	68.439	0
1	checked	16	15	reset	113	63.88	0
1	checked	16	15	reset	114	68.239	0
1	checked	16	15	reset	115	64.862	0
1	checked	16	15	reset	116	73.939	0
1	checked	16	15	reset	117	67.087	0
1	checked	16	15	reset	118	65.824	0
1	checked	16	15	reset	119	65.874	0
1	checked	16	15	reset	120	72.677	0
1	checked	16	15	reset	121	73.329	0
1	checked	16	15	reset	122	65.975	0
1	checked	16	15	reset	123	72.036	0
1	checked	16	15	reset	124	66.235	0
1	checked	16	15	reset	125	65.594	0
1	checked	16	15	reset	126	71.475	0
1	checked	16	15	reset	127	67.437	0
1	checked	16	15	reset	128	73.568	0
1	checked	16	15	reset	129	73.098	0
1	checked	16	15	reset	130	68.159	0
1	checked	16	15	reset	131	72.677	0
1	checked	16	15	reset	132	71.645	0
1	checked	16	15	reset	133	66.445	0
1	checked	16	15	reset	134	80.883	0
1	checked	16	15	reset	135	76.214	0
1	checked	16	15	reset	136	77.837	0
1	checked	16	15	reset	137	80.172	0
1	checked	16	15	reset	138	77.547	0
1	checked	16	15	reset	139	66.595	0
1	checked	16	15	reset	140	65.163	0
1	checked	16	15	reset	141	65.303	0
1	checked	16	15	reset	142	65.804	0
1	checked	16	15	reset	143	67.447	0
1	checked	16	15	reset	144	68.579	0
1	checked	16	15	reset	145	64.652	0
1	checked	16	15	reset	146	64.231	0
1	checked	16	15	reset	147	64.281	0
1	checked	16	15	reset	148	65.523	0
1	checked	16	15	reset	149	65.283	0
1	checked	16	15	reset	150	62.207	0
1	checked	16	15	reset	151	63.15	0
1	checked	16	15	reset	152	64.041	0
1	checked	16	15	reset	153	63.299	0
1	checked	16	15	reset	154	65.945	0
1	checked	16	15	reset	155	69.071	0
1	checked	16	15	reset	156	68.248	0
1	checked	16	15	reset	157	76.124	0
1	checked	16	15	reset	158	64.211	0
1	checked	16	15	reset	159	65.294	0
1	checked	16	15	reset	160	68.088	0
1	checked	16	15	reset	161	64.242	0
1	checked	16	15	reset	162	62.939	0
1	checked	16	15	reset	163	68.99	0
1	checked	16	15	reset	164	67.818	0
1	checked	16	15	reset	165	63.64	0
1	checked	16	15	reset	166	65.934	0
1	checked	16	15	reset	167	63.4	0
1	checked	16	15	reset	168	69.652	0
1	checked	16	15	reset	169	66.636	0
1	checked	16	15	reset	170	63.239	0
1	checked	16	15	reset	171	65.734	0
1	checked	16	15	reset	172	65.173	0
1	checked	16	15	reset	173	68.319	0
1	checked	16	15	reset	174	61.957	0
1	checked	16	15	reset	175	67.618	0
1	checked	16	15	reset	176	67.838	0
1	checked	16	15	reset	177	65.133	0
1	checked	16	15	reset	178	68.98	0
1	checked	16	15	reset	179	67.738	0
1	checked	16	15	reset	180	67.407	0
1	checked	16	15	reset	181	69.581	0
1	checked	16	15	reset	182	64.702	0
1	checked	16	15	reset	183	65.574	0
1	checked	16	15	reset	184	65.173	0
1	checked	16	15	reset	185	66.185	0
1	checked	16	15	reset	186	62.437	0
1	checked	16	15	reset	187	65.954	0
1	checked	16	15	reset	188	64.673	0
1	checked	16	15	reset	189	67.748	0
1	checked	16	15	reset	190	65.404	0
1	checked	16	15	reset	191	63.931	0
1	checked	16	15	reset	192	61.146	0
1	checked	16	15	reset	193	68.71	0
1	checked	16	15	reset	194	63.42	0
1	checked	16	15	reset	195	68.56	0
1	checked	16	15	reset	196	61.055	0
1	checked	16	15	reset	197	65.173	0
1	checked	16	15	reset	198	66.215	0
1	checked	16	15	reset	199	68.219	0
1	checked	16	15	reset	200	67.928	0
1	checked	16	15	stall	1	240.904	0
1	checked	16	15	stall	2	250.292	0
1	checked	16	15	stall	3	243.029	0
1	checked	16	15	stall	4	243.089	0
1	checked	16	15	stall	5	244.091	0
1	checked	16	15	stall	6	246.034	0
1	checked	16	15	stall	7	242.187	0
1	checked	16	15	stall	8	401.598	0
1	checked	16	15	stall	9	410.544	0
1	checked	16	15	stall	10	246.225	0
1	checked	16	15	stall	11	239.351	0
1	checked	16	15	stall	12	243.259	0
1	checked	16	15	stall	13	242.106	0
1	checked	16	15	stall	14	241.446	0
1	checked	16	15	stall	15	242.738	0
1	unsafe	16	15	reset	1	0.33	1
1	unsafe	16	15	reset	2	0.131	1
1	unsafe	16	15	reset	3	0.191	1
1	unsafe	16	15	reset	4	1.322	1
1	unsafe	16	15	reset	5	0.441	1
1	unsafe	16	15	reset	6	0.07	1
1	unsafe	16	15	reset	7	0.16	1
1	unsafe	16	15	reset	8	0.291	1
1	unsafe	16	15	reset	9	0.16	1
1	unsafe	16	15	reset	10	0.08	1
1	unsafe	16	15	reset	11	0.08	1
1	unsafe	16	15	reset	12	0.08	1
1	unsafe	16	15	reset	13	0.281	1
1	unsafe	16	15	reset	14	0.08	1
1	unsafe	16	15	reset	15	0.11	1
1	unsafe	16	15	reset	16	0.081	1
1	unsafe	16	15	reset	17	0.08	1
1	unsafe	16	15	reset	18	0.07	1
1	unsafe	16	15	reset	19	0.09	1
1	unsafe	16	15	reset	20	0.081	1
1	unsafe	16	15	reset	21	0.08	1
1	unsafe	16	15	reset	22	0.081	1
1	unsafe	16	15	reset	23	0.08	1
1	unsafe	16	15	reset	24	0.081	1
1	unsafe	16	15	reset	25	0.09	1
1	unsafe	16	15	reset	26	0.09	1
1	unsafe	16	15	reset	27	0.091	1
1	unsafe	16	15	reset	28	0.08	1
1	unsafe	16	15	reset	29	0.08	1
1	unsafe	16	15	reset	30	0.08	1
1	unsafe	16	15	reset	31	0.09	1
1	unsafe	16	15	reset	32	0.09	1
1	unsafe	16	15	reset	33	0.08	1
1	unsafe	16	15	reset	34	0.09	1
1	unsafe	16	15	reset	35	0.081	1
1	unsafe	16	15	reset	36	0.08	1
1	unsafe	16	15	reset	37	0.081	1
1	unsafe	16	15	reset	38	0.08	1
1	unsafe	16	15	reset	39	0.09	1
1	unsafe	16	15	reset	40	0.08	1
1	unsafe	16	15	reset	41	0.08	1
1	unsafe	16	15	reset	42	0.08	1
1	unsafe	16	15	reset	43	0.09	1
1	unsafe	16	15	reset	44	0.091	1
1	unsafe	16	15	reset	45	0.081	1
1	unsafe	16	15	reset	46	0.08	1
1	unsafe	16	15	reset	47	0.08	1
1	unsafe	16	15	reset	48	0.08	1
1	unsafe	16	15	reset	49	0.08	1
1	unsafe	16	15	reset	50	0.09	1
1	unsafe	16	15	reset	51	0.081	1
1	unsafe	16	15	reset	52	0.081	1
1	unsafe	16	15	reset	53	0.09	1
1	unsafe	16	15	reset	54	0.09	1
1	unsafe	16	15	reset	55	0.081	1
1	unsafe	16	15	reset	56	0.081	1
1	unsafe	16	15	reset	57	0.091	1
1	unsafe	16	15	reset	58	0.09	1
1	unsafe	16	15	reset	59	0.08	1
1	unsafe	16	15	reset	60	0.08	1
1	unsafe	16	15	reset	61	0.08	1
1	unsafe	16	15	reset	62	0.08	1
1	unsafe	16	15	reset	63	0.08	1
1	unsafe	16	15	reset	64	0.09	1
1	unsafe	16	15	reset	65	0.08	1
1	unsafe	16	15	reset	66	0.091	1
1	unsafe	16	15	reset	67	0.081	1
1	unsafe	16	15	reset	68	0.08	1
1	unsafe	16	15	reset	69	0.08	1
1	unsafe	16	15	reset	70	0.08	1
1	unsafe	16	15	reset	71	0.08	1
1	unsafe	16	15	reset	72	0.08	1
1	unsafe	16	15	reset	73	0.091	1
1	unsafe	16	15	reset	74	0.081	1
1	unsafe	16	15	reset	75	0.08	1
1	unsafe	16	15	reset	76	0.09	1
1	unsafe	16	15	reset	77	0.09	1
1	unsafe	16	15	reset	78	0.08	1
1	unsafe	16	15	reset	79	0.08	1
1	unsafe	16	15	reset	80	0.08	1
1	unsafe	16	15	reset	81	0.08	1
1	unsafe	16	15	reset	82	0.08	1
1	unsafe	16	15	reset	83	0.08	1
1	unsafe	16	15	reset	84	0.09	1
1	unsafe	16	15	reset	85	0.1	1
1	unsafe	16	15	reset	86	0.09	1
1	unsafe	16	15	reset	87	0.08	1
1	unsafe	16	15	reset	88	0.09	1
1	unsafe	16	15	reset	89	0.08	1
1	unsafe	16	15	reset	90	0.091	1
1	unsafe	16	15	reset	91	0.09	1
1	unsafe	16	15	reset	92	0.09	1
1	unsafe	16	15	reset	93	0.081	1
1	unsafe	16	15	reset	94	0.08	1
1	unsafe	16	15	reset	95	0.08	1
1	unsafe	16	15	reset	96	0.081	1
1	unsafe	16	15	reset	97	0.09	1
1	unsafe	16	15	reset	98	0.09	1
1	unsafe	16	15	reset	99	0.08	1
1	unsafe	16	15	reset	100	0.08	1
1	unsafe	16	15	reset	101	0.08	1
1	unsafe	16	15	reset	102	0.08	1
1	unsafe	16	15	reset	103	0.09	1
1	unsafe	16	15	reset	104	0.08	1
1	unsafe	16	15	reset	105	0.09	1
1	unsafe	16	15	reset	106	0.09	1
1	unsafe	16	15	reset	107	0.081	1
1	unsafe	16	15	reset	108	0.081	1
1	unsafe	16	15	reset	109	0.08	1
1	unsafe	16	15	reset	110	0.08	1
1	unsafe	16	15	reset	111	0.08	1
1	unsafe	16	15	reset	112	0.09	1
1	unsafe	16	15	reset	113	0.08	1
1	unsafe	16	15	reset	114	0.09	1
1	unsafe	16	15	reset	115	0.13	1
1	unsafe	16	15	reset	116	0.09	1
1	unsafe	16	15	reset	117	0.09	1
1	unsafe	16	15	reset	118	0.09	1
1	unsafe	16	15	reset	119	0.081	1
1	unsafe	16	15	reset	120	0.1	1
1	unsafe	16	15	reset	121	0.08	1
1	unsafe	16	15	reset	122	0.08	1
1	unsafe	16	15	reset	123	0.08	1
1	unsafe	16	15	reset	124	0.081	1
1	unsafe	16	15	reset	125	0.13	1
1	unsafe	16	15	reset	126	0.08	1
1	unsafe	16	15	reset	127	0.08	1
1	unsafe	16	15	reset	128	0.08	1
1	unsafe	16	15	reset	129	0.09	1
1	unsafe	16	15	reset	130	0.08	1
1	unsafe	16	15	reset	131	0.08	1
1	unsafe	16	15	reset	132	0.09	1
1	unsafe	16	15	reset	133	0.091	1
1	unsafe	16	15	reset	134	0.09	1
1	unsafe	16	15	reset	135	0.08	1
1	unsafe	16	15	reset	136	0.09	1
1	unsafe	16	15	reset	137	0.08	1
1	unsafe	16	15	reset	138	0.09	1
1	unsafe	16	15	reset	139	0.081	1
1	unsafe	16	15	reset	140	0.09	1
1	unsafe	16	15	reset	141	0.09	1
1	unsafe	16	15	reset	142	0.08	1
1	unsafe	16	15	reset	143	0.08	1
1	unsafe	16	15	reset	144	0.09	1
1	unsafe	16	15	reset	145	0.08	1
1	unsafe	16	15	reset	146	0.09	1
1	unsafe	16	15	reset	147	0.081	1
1	unsafe	16	15	reset	148	0.08	1
1	unsafe	16	15	reset	149	0.09	1
1	unsafe	16	15	reset	150	0.09	1
1	unsafe	16	15	reset	151	0.08	1
1	unsafe	16	15	reset	152	0.08	1
1	unsafe	16	15	reset	153	0.09	1
1	unsafe	16	15	reset	154	0.08	1
1	unsafe	16	15	reset	155	0.08	1
1	unsafe	16	15	reset	156	0.09	1
1	unsafe	16	15	reset	157	0.091	1
1	unsafe	16	15	reset	158	0.08	1
1	unsafe	16	15	reset	159	0.08	1
1	unsafe	16	15	reset	160	0.09	1
1	unsafe	16	15	reset	161	0.09	1
1	unsafe	16	15	reset	162	0.08	1
1	unsafe	16	15	reset	163	0.081	1
1	unsafe	16	15	reset	164	0.08	1
1	unsafe	16	15	reset	165	0.09	1
1	unsafe	16	15	reset	166	0.08	1
1	unsafe	16	15	reset	167	0.09	1
1	unsafe	16	15	reset	168	0.08	1
1	unsafe	16	15	reset	169	0.09	1
1	unsafe	16	15	reset	170	0.09	1
1	unsafe	16	15	reset	171	0.08	1
1	unsafe	16	15	reset	172	0.08	1
1	unsafe	16	15	reset	173	0.09	1
1	unsafe	16	15	reset	174	0.09	1
1	unsafe	16	15	reset	175	0.09	1
1	unsafe	16	15	reset	176	0.081	1
1	unsafe	16	15	reset	177	0.08	1
1	unsafe	16	15	reset	178	0.08	1
1	unsafe	16	15	reset	179	0.08	1
1	unsafe	16	15	reset	180	0.08	1
1	unsafe	16	15	reset	181	0.08	1
1	unsafe	16	15	reset	182	0.081	1
1	unsafe	16	15	reset	183	0.08	1
1	unsafe	16	15	reset	184	0.091	1
1	unsafe	16	15	reset	185	0.08	1
1	unsafe	16	15	reset	186	0.08	1
1	unsafe	16	15	reset	187	0.09	1
1	unsafe	16	15	reset	188	0.08	1
1	unsafe	16	15	reset	189	0.08	1
1	unsafe	16	15	reset	190	0.081	1
1	unsafe	16	15	reset	191	0.09	1
1	unsafe	16	15	reset	192	0.08	1
1	unsafe	16	15	reset	193	0.09	1
1	unsafe	16	15	reset	194	0.08	1
1	unsafe	16	15	reset	195	0.081	1
1	unsafe	16	15	reset	196	0.08	1
1	unsafe	16	15	reset	197	0.09	1
1	unsafe	16	15	reset	198	0.08	1
1	unsafe	16	15	reset	199	0.08	1
1	unsafe	16	15	reset	200	0.08	1
1	unsafe	16	15	stall	1	0.0	1
1	unsafe	16	15	stall	2	0.0	1
1	unsafe	16	15	stall	3	0.0	1
1	unsafe	16	15	stall	4	0.0	1
1	unsafe	16	15	stall	5	0.0	1
1	unsafe	16	15	stall	6	0.0	1
1	unsafe	16	15	stall	7	0.0	1
1	unsafe	16	15	stall	8	0.0	1
1	unsafe	16	15	stall	9	0.0	1
1	unsafe	16	15	stall	10	0.0	1
1	unsafe	16	15	stall	11	0.0	1
1	unsafe	16	15	stall	12	0.0	1
1	unsafe	16	15	stall	13	0.0	1
1	unsafe	16	15	stall	14	0.0	1
1	unsafe	16	15	stall	15	0.0	1
1	checked	32	31	reset	1	171.353	0
1	checked	32	31	reset	2	133.762	0
1	checked	32	31	reset	3	295.167	0
1	checked	32	31	reset	4	172.816	0
1	checked	32	31	reset	5	45.305	0
1	checked	32	31	reset	6	43.302	0
1	checked	32	31	reset	7	41.619	0
1	checked	32	31	reset	8	42.22	0
1	checked	32	31	reset	9	42.13	0
1	checked	32	31	reset	10	41.769	0
1	checked	32	31	reset	11	44.584	0
1	checked	32	31	reset	12	41.759	0
1	checked	32	31	reset	13	41.208	0
1	checked	32	31	reset	14	41.679	0
1	checked	32	31	reset	15	41.679	0
1	checked	32	31	reset	16	41.679	0
1	checked	32	31	reset	17	42.259	0
1	checked	32	31	reset	18	42.11	0
1	checked	32	31	reset	19	41.559	0
1	checked	32	31	reset	20	146.036	0
1	checked	32	31	reset	21	204.827	0
1	checked	32	31	reset	22	105.77	0
1	checked	32	31	reset	23	101.812	0
1	checked	32	31	reset	24	107.503	0
1	checked	32	31	reset	25	98.265	0
1	checked	32	31	reset	26	88.597	0
1	checked	32	31	reset	27	89.398	0
1	checked	32	31	reset	28	99.237	0
1	checked	32	31	reset	29	93.176	0
1	checked	32	31	reset	30	108.564	0
1	checked	32	31	reset	31	123.333	0
1	checked	32	31	reset	32	104.728	0
1	checked	32	31	reset	33	106.982	0
1	checked	32	31	reset	34	106.842	0
1	checked	32	31	reset	35	101.071	0
1	checked	32	31	reset	36	107.563	0
1	checked	32	31	reset	37	116.991	0
1	checked	32	31	reset	38	104.617	0
1	checked	32	31	reset	39	3937.651	0
1	checked	32	31	reset	40	103.585	0
1	checked	32	31	reset	41	106.441	0
1	checked	32	31	reset	42	3436.575	0
1	checked	32	31	reset	43	3216.68	0
1	checked	32	31	reset	44	111.801	0
1	checked	32	31	reset	45	104.597	0
1	checked	32	31	reset	46	107.593	0
1	checked	32	31	reset	47	106.0	0
1	checked	32	31	reset	48	102.834	0
1	checked	32	31	reset	49	103.365	0
1	checked	32	31	reset	50	126.819	0
1	checked	32	31	reset	51	124.324	0
1	checked	32	31	reset	52	107.092	0
1	checked	32	31	reset	53	109.497	0
1	checked	32	31	reset	54	103.696	0
1	checked	32	31	reset	55	102.905	0
1	checked	32	31	reset	56	108.013	0
1	checked	32	31	reset	57	101.662	0
1	checked	32	31	reset	58	101.792	0
1	checked	32	31	reset	59	100.419	0
1	checked	32	31	reset	60	113.414	0
1	checked	32	31	reset	61	101.131	0
1	checked	32	31	reset	62	109.717	0
1	checked	32	31	reset	63	108.876	0
1	checked	32	31	reset	64	115.568	0
1	checked	32	31	reset	65	109.046	0
1	checked	32	31	reset	66	3685.164	0
1	checked	32	31	reset	67	113.384	0
1	checked	32	31	reset	68	107.974	0
1	checked	32	31	reset	69	109.617	0
1	checked	32	31	reset	70	3514.943	0
1	checked	32	31	reset	71	134.443	0
1	checked	32	31	reset	72	100.049	0
1	checked	32	31	reset	73	101.03	0
1	checked	32	31	reset	74	116.34	0
1	checked	32	31	reset	75	103.655	0
1	checked	32	31	reset	76	99.768	0
1	checked	32	31	reset	77	143.541	0
1	checked	32	31	reset	78	109.747	0
1	checked	32	31	reset	79	100.39	0
1	checked	32	31	reset	80	104.818	0
1	checked	32	31	reset	81	99.759	0
1	checked	32	31	reset	82	94.088	0
1	checked	32	31	reset	83	91.914	0
1	checked	32	31	reset	84	89.589	0
1	checked	32	31	reset	85	89.659	0
1	checked	32	31	reset	86	87.315	0
1	checked	32	31	reset	87	125.276	0
1	checked	32	31	reset	88	90.411	0
1	checked	32	31	reset	89	106.531	0
1	checked	32	31	reset	90	92.645	0
1	checked	32	31	reset	91	95.951	0
1	checked	32	31	reset	92	93.897	0
1	checked	32	31	reset	93	109.757	0
1	checked	32	31	reset	94	121.95	0
1	checked	32	31	reset	95	102.353	0
1	checked	32	31	reset	96	132.099	0
1	checked	32	31	reset	97	104.418	0
1	checked	32	31	reset	98	112.252	0
1	checked	32	31	reset	99	118.934	0
1	checked	32	31	reset	100	113.514	0
1	checked	32	31	reset	101	106.992	0
1	checked	32	31	reset	102	118.023	0
1	checked	32	31	reset	103	110.448	0
1	checked	32	31	reset	104	107.523	0
1	checked	32	31	reset	105	112.472	0
1	checked	32	31	reset	106	99.097	0
1	checked	32	31	reset	107	110.338	0
1	checked	32	31	reset	108	127.19	0
1	checked	32	31	reset	109	110.258	0
1	checked	32	31	reset	110	332.147	0
1	checked	32	31	reset	111	130.667	0
1	checked	32	31	reset	112	116.57	0
1	checked	32	31	reset	113	111.921	0
1	checked	32	31	reset	114	113.364	0
1	checked	32	31	reset	115	118.453	0
1	checked	32	31	reset	116	101.802	0
1	checked	32	31	reset	117	105.199	0
1	checked	32	31	reset	118	115.287	0
1	checked	32	31	reset	119	110.168	0
1	checked	32	31	reset	120	105.949	0
1	checked	32	31	reset	121	106.952	0
1	checked	32	31	reset	122	113.905	0
1	checked	32	31	reset	123	108.665	0
1	checked	32	31	reset	124	3294.918	0
1	checked	32	31	reset	125	117.913	0
1	checked	32	31	reset	126	101.642	0
1	checked	32	31	reset	127	106.741	0
1	checked	32	31	reset	128	93.446	0
1	checked	32	31	reset	129	90.591	0
1	checked	32	31	reset	130	103.575	0
1	checked	32	31	reset	131	112.041	0
1	checked	32	31	reset	132	104.868	0
1	checked	32	31	reset	133	93.126	0
1	checked	32	31	reset	134	101.802	0
1	checked	32	31	reset	135	102.413	0
1	checked	32	31	reset	136	104.337	0
1	checked	32	31	reset	137	109.126	0
1	checked	32	31	reset	138	109.236	0
1	checked	32	31	reset	139	110.539	0
1	checked	32	31	reset	140	92.314	0
1	checked	32	31	reset	141	101.652	0
1	checked	32	31	reset	142	122.37	0
1	checked	32	31	reset	143	123.693	0
1	checked	32	31	reset	144	109.396	0
1	checked	32	31	reset	145	115.177	0
1	checked	32	31	reset	146	117.051	0
1	checked	32	31	reset	147	118.814	0
1	checked	32	31	reset	148	112.743	0
1	checked	32	31	reset	149	112.262	0
1	checked	32	31	reset	150	103.064	0
1	checked	32	31	reset	151	108.514	0
1	checked	32	31	reset	152	107.794	0
1	checked	32	31	reset	153	105.129	0
1	checked	32	31	reset	154	106.541	0
1	checked	32	31	reset	155	112.112	0
1	checked	32	31	reset	156	107.993	0
1	checked	32	31	reset	157	110.678	0
1	checked	32	31	reset	158	102.353	0
1	checked	32	31	reset	159	109.026	0
1	checked	32	31	reset	160	113.234	0
1	checked	32	31	reset	161	104.588	0
1	checked	32	31	reset	162	94.088	0
1	checked	32	31	reset	163	193.966	0
1	checked	32	31	reset	164	135.816	0
1	checked	32	31	reset	165	114.056	0
1	checked	32	31	reset	166	140.925	0
1	checked	32	31	reset	167	124.214	0
1	checked	32	31	reset	168	112.512	0
1	checked	32	31	reset	169	105.7	0
1	checked	32	31	reset	170	111.821	0
1	checked	32	31	reset	171	96.993	0
1	checked	32	31	reset	172	98.456	0
1	checked	32	31	reset	173	120.768	0
1	checked	32	31	reset	174	105.419	0
1	checked	32	31	reset	175	106.22	0
1	checked	32	31	reset	176	103.405	0
1	checked	32	31	reset	177	113.574	0
1	checked	32	31	reset	178	113.324	0
1	checked	32	31	reset	179	111.751	0
1	checked	32	31	reset	180	103.085	0
1	checked	32	31	reset	181	98.616	0
1	checked	32	31	reset	182	90.009	0
1	checked	32	31	reset	183	105.048	0
1	checked	32	31	reset	184	93.206	0
1	checked	32	31	reset	185	93.166	0
1	checked	32	31	reset	186	107.453	0
1	checked	32	31	reset	187	116.389	0
1	checked	32	31	reset	188	123.673	0
1	checked	32	31	reset	189	3608.86	0
1	checked	32	31	reset	190	3207.994	0
1	checked	32	31	reset	191	95.25	0
1	checked	32	31	reset	192	115.037	0
1	checked	32	31	reset	193	96.582	0
1	checked	32	31	reset	194	92.965	0
1	checked	32	31	reset	195	82.817	0
1	checked	32	31	reset	196	106.131	0
1	checked	32	31	reset	197	104.027	0
1	checked	32	31	reset	198	90.04	0
1	checked	32	31	reset	199	120.727	0
1	checked	32	31	reset	200	105.8	0
1	checked	32	31	stall	1	1905.406	0
1	checked	32	31	stall	2	3281.883	0
1	checked	32	31	stall	3	2570.882	0
1	checked	32	31	stall	4	1898.082	0
1	checked	32	31	stall	5	3502.029	0
1	checked	32	31	stall	6	3670.606	0
1	checked	32	31	stall	7	3674.784	0
1	checked	32	31	stall	8	3674.604	0
1	checked	32	31	stall	9	3423.51	0
1	checked	32	31	stall	10	1005.077	0
1	checked	32	31	stall	11	1933.118	0
1	checked	32	31	stall	12	1015.215	0
1	checked	32	31	stall	13	4806.961	0
1	checked	32	31	stall	14	1860.12	0
1	checked	32	31	stall	15	3927.321	0
1	checked	32	31	stall	16	1904.133	0
1	checked	32	31	stall	17	1895.086	0
1	checked	32	31	stall	18	1852.426	0
1	checked	32	31	stall	19	1862.455	0
1	checked	32	31	stall	20	1243.767	0
1	checked	32	31	stall	21	4004.116	0
1	checked	32	31	stall	22	4807.582	0
1	checked	32	31	stall	23	3598.28	0
1	checked	32	31	stall	24	3284.568	0
1	checked	32	31	stall	25	3425.715	0
1	checked	32	31	stall	26	1905.957	0
1	checked	32	31	stall	27	1040.744	0
1	checked	32	31	stall	28	1000.067	0
1	checked	32	31	stall	29	996.39	0
1	checked	32	31	stall	30	1871.862	0
1	checked	32	31	stall	31	3204.797	0
1	unsafe	32	31	reset	1	0.33	0
1	unsafe	32	31	reset	2	0.13	0
1	unsafe	32	31	reset	3	0.13	0
1	unsafe	32	31	reset	4	0.17	0
1	unsafe	32	31	reset	5	0.141	0
1	unsafe	32	31	reset	6	0.14	0
1	unsafe	32	31	reset	7	0.13	0
1	unsafe	32	31	reset	8	0.08	0
1	unsafe	32	31	reset	9	0.08	0
1	unsafe	32	31	reset	10	0.231	0
1	unsafe	32	31	reset	11	0.12	0
1	unsafe	32	31	reset	12	0.08	0
1	unsafe	32	31	reset	13	0.07	0
1	unsafe	32	31	reset	14	0.09	0
1	unsafe	32	31	reset	15	0.12	0
1	unsafe	32	31	reset	16	0.07	0
1	unsafe	32	31	reset	17	0.08	0
1	unsafe	32	31	reset	18	0.08	0
1	unsafe	32	31	reset	19	0.081	0
1	unsafe	32	31	reset	20	0.31	0
1	unsafe	32	31	reset	21	0.17	0
1	unsafe	32	31	reset	22	0.18	0
1	unsafe	32	31	reset	23	0.231	0
1	unsafe	32	31	reset	24	0.08	0
1	unsafe	32	31	reset	25	0.08	0
1	unsafe	32	31	reset	26	0.08	0
1	unsafe	32	31	reset	27	0.17	0
1	unsafe	32	31	reset	28	0.321	0
1	unsafe	32	31	reset	29	0.08	0
1	unsafe	32	31	reset	30	0.08	0
1	unsafe	32	31	reset	31	0.191	0
1	unsafe	32	31	reset	32	0.17	0
1	unsafe	32	31	reset	33	0.31	0
1	unsafe	32	31	reset	34	0.671	0
1	unsafe	32	31	reset	35	0.22	0
1	unsafe	32	31	reset	36	0.14	0
1	unsafe	32	31	reset	37	0.13	0
1	unsafe	32	31	reset	38	0.14	0
1	unsafe	32	31	reset	39	0.15	0
1	unsafe	32	31	reset	40	0.131	0
1	unsafe	32	31	reset	41	0.15	0
1	unsafe	32	31	reset	42	0.13	0
1	unsafe	32	31	reset	43	0.14	0
1	unsafe	32	31	reset	44	0.151	0
1	unsafe	32	31	reset	45	0.16	0
1	unsafe	32	31	reset	46	0.16	0
1	unsafe	32	31	reset	47	0.17	0
1	unsafe	32	31	reset	48	0.13	0
1	unsafe	32	31	reset	49	0.14	0
1	unsafe	32	31	reset	50	0.14	0
1	unsafe	32	31	reset	51	0.13	0
1	unsafe	32	31	reset	52	0.14	0
1	unsafe	32	31	reset	53	0.14	0
1	unsafe	32	31	reset	54	0.14	0
1	unsafe	32	31	reset	55	0.141	0
1	unsafe	32	31	reset	56	0.17	0
1	unsafe	32	31	reset	57	0.13	0
1	unsafe	32	31	reset	58	0.131	0
1	unsafe	32	31	reset	59	2.966	0
1	unsafe	32	31	reset	60	0.141	0
1	unsafe	32	31	reset	61	0.15	0
1	unsafe	32	31	reset	62	0.151	0
1	unsafe	32	31	reset	63	0.15	0
1	unsafe	32	31	reset	64	0.13	0
1	unsafe	32	31	reset	65	0.15	0
1	unsafe	32	31	reset	66	0.13	0
1	unsafe	32	31	reset	67	0.141	0
1	unsafe	32	31	reset	68	0.14	0
1	unsafe	32	31	reset	69	0.14	0
1	unsafe	32	31	reset	70	0.171	0
1	unsafe	32	31	reset	71	0.14	0
1	unsafe	32	31	reset	72	0.141	0
1	unsafe	32	31	reset	73	0.14	0
1	unsafe	32	31	reset	74	0.15	0
1	unsafe	32	31	reset	75	0.13	0
1	unsafe	32	31	reset	76	0.17	0
1	unsafe	32	31	reset	77	0.14	0
1	unsafe	32	31	reset	78	0.14	0
1	unsafe	32	31	reset	79	0.14	0
1	unsafe	32	31	reset	80	0.15	0
1	unsafe	32	31	reset	81	0.15	0
1	unsafe	32	31	reset	82	0.13	0
1	unsafe	32	31	reset	83	0.16	0
1	unsafe	32	31	reset	84	0.16	0
1	unsafe	32	31	reset	85	0.181	0
1	unsafe	32	31	reset	86	0.14	0
1	unsafe	32	31	reset	87	0.14	0
1	unsafe	32	31	reset	88	0.161	0
1	unsafe	32	31	reset	89	0.131	0
1	unsafe	32	31	reset	90	0.13	0
1	unsafe	32	31	reset	91	0.15	0
1	unsafe	32	31	reset	92	0.14	0
1	unsafe	32	31	reset	93	0.17	0
1	unsafe	32	31	reset	94	0.14	0
1	unsafe	32	31	reset	95	0.141	0
1	unsafe	32	31	reset	96	0.151	0
1	unsafe	32	31	reset	97	0.14	0
1	unsafe	32	31	reset	98	0.15	0
1	unsafe	32	31	reset	99	0.141	0
1	unsafe	32	31	reset	100	0.14	0
1	unsafe	32	31	reset	101	0.131	0
1	unsafe	32	31	reset	102	0.14	0
1	unsafe	32	31	reset	103	0.15	0
1	unsafe	32	31	reset	104	0.14	0
1	unsafe	32	31	reset	105	0.14	0
1	unsafe	32	31	reset	106	0.161	0
1	unsafe	32	31	reset	107	0.14	0
1	unsafe	32	31	reset	108	0.15	0
1	unsafe	32	31	reset	109	0.15	0
1	unsafe	32	31	reset	110	0.131	0
1	unsafe	32	31	reset	111	0.171	0
1	unsafe	32	31	reset	112	0.14	0
1	unsafe	32	31	reset	113	0.15	0
1	unsafe	32	31	reset	114	0.16	0
1	unsafe	32	31	reset	115	0.15	0
1	unsafe	32	31	reset	116	0.14	0
1	unsafe	32	31	reset	117	0.13	0
1	unsafe	32	31	reset	118	0.13	0
1	unsafe	32	31	reset	119	0.14	0
1	unsafe	32	31	reset	120	0.14	0
1	unsafe	32	31	reset	121	0.131	0
1	unsafe	32	31	reset	122	0.14	0
1	unsafe	32	31	reset	123	0.14	0
1	unsafe	32	31	reset	124	0.14	0
1	unsafe	32	31	reset	125	0.14	0
1	unsafe	32	31	reset	126	0.141	0
1	unsafe	32	31	reset	127	0.14	0
1	unsafe	32	31	reset	128	0.14	0
1	unsafe	32	31	reset	129	0.14	0
1	unsafe	32	31	reset	130	0.14	0
1	unsafe	32	31	reset	131	0.14	0
1	unsafe	32	31	reset	132	0.141	0
1	unsafe	32	31	reset	133	0.14	0
1	unsafe	32	31	reset	134	0.13	0
1	unsafe	32	31	reset	135	0.17	0
1	unsafe	32	31	reset	136	0.16	0
1	unsafe	32	31	reset	137	0.13	0
1	unsafe	32	31	reset	138	0.14	0
1	unsafe	32	31	reset	139	0.14	0
1	unsafe	32	31	reset	140	0.141	0
1	unsafe	32	31	reset	141	0.14	0
1	unsafe	32	31	reset	142	0.14	0
1	unsafe	32	31	reset	143	0.16	0
1	unsafe	32	31	reset	144	0.16	0
1	unsafe	32	31	reset	145	0.14	0
1	unsafe	32	31	reset	146	0.14	0
1	unsafe	32	31	reset	147	0.14	0
1	unsafe	32	31	reset	148	0.14	0
1	unsafe	32	31	reset	149	0.131	0
1	unsafe	32	31	reset	150	0.161	0
1	unsafe	32	31	reset	151	0.15	0
1	unsafe	32	31	reset	152	0.14	0
1	unsafe	32	31	reset	153	0.14	0
1	unsafe	32	31	reset	154	0.14	0
1	unsafe	32	31	reset	155	0.15	0
1	unsafe	32	31	reset	156	0.14	0
1	unsafe	32	31	reset	157	0.15	0
1	unsafe	32	31	reset	158	0.141	0
1	unsafe	32	31	reset	159	0.14	0
1	unsafe	32	31	reset	160	0.16	0
1	unsafe	32	31	reset	161	0.15	0
1	unsafe	32	31	reset	162	0.14	0
1	unsafe	32	31	reset	163	0.14	0
1	unsafe	32	31	reset	164	0.141	0
1	unsafe	32	31	reset	165	0.14	0
1	unsafe	32	31	reset	166	0.13	0
1	unsafe	32	31	reset	167	0.14	0
1	unsafe	32	31	reset	168	0.141	0
1	unsafe	32	31	reset	169	0.16	0
1	unsafe	32	31	reset	170	0.16	0
1	unsafe	32	31	reset	171	0.15	0
1	unsafe	32	31	reset	172	0.131	0
1	unsafe	32	31	reset	173	0.141	0
1	unsafe	32	31	reset	174	0.141	0
1	unsafe	32	31	reset	175	0.16	0
1	unsafe	32	31	reset	176	0.16	0
1	unsafe	32	31	reset	177	0.12	0
1	unsafe	32	31	reset	178	0.141	0
1	unsafe	32	31	reset	179	0.16	0
1	unsafe	32	31	reset	180	0.141	0
1	unsafe	32	31	reset	181	0.14	0
1	unsafe	32	31	reset	182	0.15	0
1	unsafe	32	31	reset	183	0.14	0
1	unsafe	32	31	reset	184	0.16	0
1	unsafe	32	31	reset	185	0.15	0
1	unsafe	32	31	reset	186	0.14	0
1	unsafe	32	31	reset	187	0.15	0
1	unsafe	32	31	reset	188	0.14	0
1	unsafe	32	31	reset	189	0.14	0
1	unsafe	32	31	reset	190	0.141	0
1	unsafe	32	31	reset	191	0.13	0
1	unsafe	32	31	reset	192	0.14	0
1	unsafe	32	31	reset	193	0.151	0
1	unsafe	32	31	reset	194	0.14	0
1	unsafe	32	31	reset	195	0.15	0
1	unsafe	32	31	reset	196	0.14	0
1	unsafe	32	31	reset	197	0.141	0
1	unsafe	32	31	reset	198	0.161	0
1	unsafe	32	31	reset	199	0.16	0
1	unsafe	32	31	reset	200	0.14	0
1	unsafe	32	31	stall	1	0.0	0
1	unsafe	32	31	stall	2	0.0	0
1	unsafe	32	31	stall	3	0.0	0
1	unsafe	32	31	stall	4	0.0	0
1	unsafe	32	31	stall	5	0.0	0
1	unsafe	32	31	stall	6	0.0	0
1	unsafe	32	31	stall	7	0.0	0
1	unsafe	32	31	stall	8	0.0	0
1	unsafe	32	31	stall	9	0.0	0
1	unsafe	32	31	stall	10	0.0	0
1	unsafe	32	31	stall	11	0.0	0
1	unsafe	32	31	stall	12	0.0	0
1	unsafe	32	31	stall	13	0.0	0
1	unsafe	32	31	stall	14	0.0	0
1	unsafe	32	31	stall	15	3003.959	0
1	unsafe	32	31	stall	16	0.0	0
1	unsafe	32	31	stall	17	311.057	0
1	unsafe	32	31	stall	18	3003.437	0
1	unsafe	32	31	stall	19	0.0	0
1	unsafe	32	31	stall	20	0.0	0
1	unsafe	32	31	stall	21	0.0	0
1	unsafe	32	31	stall	22	142.87	0
1	unsafe	32	31	stall	23	0.0	0
1	unsafe	32	31	stall	24	0.0	0
1	unsafe	32	31	stall	25	0.0	0
1	unsafe	32	31	stall	26	0.0	0
1	unsafe	32	31	stall	27	0.0	0
1	unsafe	32	31	stall	28	0.0	0
1	unsafe	32	31	stall	29	0.0	0
1	unsafe	32	31	stall	30	0.0	0
1	unsafe	32	31	stall	31	0.0	0
2	checked	1	0	reset	1	29.997	0
2	checked	1	0	reset	2	28.954	0
2	checked	1	0	reset	3	28.654	0
2	checked	1	0	reset	4	28.484	0
2	checked	1	0	reset	5	27.893	0
2	checked	1	0	reset	6	28.624	0
2	checked	1	0	reset	7	28.333	0
2	checked	1	0	reset	8	28.263	0
2	checked	1	0	reset	9	27.953	0
2	checked	1	0	reset	10	28.634	0
2	checked	1	0	reset	11	29.576	0
2	checked	1	0	reset	12	28.213	0
2	checked	1	0	reset	13	29.165	0
2	checked	1	0	reset	14	29.115	0
2	checked	1	0	reset	15	28.774	0
2	checked	1	0	reset	16	28.393	0
2	checked	1	0	reset	17	28.214	0
2	checked	1	0	reset	18	28.464	0
2	checked	1	0	reset	19	28.995	0
2	checked	1	0	reset	20	28.534	0
2	checked	1	0	reset	21	28.704	0
2	checked	1	0	reset	22	28.174	0
2	checked	1	0	reset	23	28.254	0
2	checked	1	0	reset	24	28.473	0
2	checked	1	0	reset	25	28.714	0
2	checked	1	0	reset	26	29.235	0
2	checked	1	0	reset	27	28.383	0
2	checked	1	0	reset	28	29.065	0
2	checked	1	0	reset	29	28.404	0
2	checked	1	0	reset	30	64.031	0
2	checked	1	0	reset	31	63.049	0
2	checked	1	0	reset	32	47.72	0
2	checked	1	0	reset	33	28.504	0
2	checked	1	0	reset	34	28.234	0
2	checked	1	0	reset	35	27.572	0
2	checked	1	0	reset	36	31.128	0
2	checked	1	0	reset	37	27.562	0
2	checked	1	0	reset	38	27.542	0
2	checked	1	0	reset	39	27.692	0
2	checked	1	0	reset	40	28.373	0
2	checked	1	0	reset	41	28.334	0
2	checked	1	0	reset	42	28.344	0
2	checked	1	0	reset	43	28.403	0
2	checked	1	0	reset	44	29.195	0
2	checked	1	0	reset	45	28.493	0
2	checked	1	0	reset	46	29.445	0
2	checked	1	0	reset	47	29.005	0
2	checked	1	0	reset	48	28.754	0
2	checked	1	0	reset	49	28.955	0
2	checked	1	0	reset	50	28.344	0
2	checked	1	0	reset	51	27.763	0
2	checked	1	0	reset	52	27.512	0
2	checked	1	0	reset	53	27.692	0
2	checked	1	0	reset	54	27.502	0
2	checked	1	0	reset	55	27.562	0
2	checked	1	0	reset	56	27.662	0
2	checked	1	0	reset	57	27.492	0
2	checked	1	0	reset	58	30.698	0
2	checked	1	0	reset	59	27.672	0
2	checked	1	0	reset	60	27.642	0
2	checked	1	0	reset	61	28.464	0
2	checked	1	0	reset	62	28.263	0
2	checked	1	0	reset	63	28.193	0
2	checked	1	0	reset	64	27.963	0
2	checked	1	0	reset	65	28.143	0
2	checked	1	0	reset	66	27.953	0
2	checked	1	0	reset	67	28.023	0
2	checked	1	0	reset	68	27.892	0
2	checked	1	0	reset	69	28.093	0
2	checked	1	0	reset	70	28.604	0
2	checked	1	0	reset	71	28.273	0
2	checked	1	0	reset	72	27.843	0
2	checked	1	0	reset	73	27.642	0
2	checked	1	0	reset	74	27.802	0
2	checked	1	0	reset	75	27.532	0
2	checked	1	0	reset	76	27.752	0
2	checked	1	0	reset	77	27.462	0
2	checked	1	0	reset	78	27.512	0
2	checked	1	0	reset	79	27.643	0
2	checked	1	0	reset	80	27.662	0
2	checked	1	0	reset	81	28.233	0
2	checked	1	0	reset	82	27.963	0
2	checked	1	0	reset	83	27.562	0
2	checked	1	0	reset	84	27.662	0
2	checked	1	0	reset	85	27.471	0
2	checked	1	0	reset	86	27.782	0
2	checked	1	0	reset	87	27.512	0
2	checked	1	0	reset	88	27.813	0
2	checked	1	0	reset	89	27.482	0
2	checked	1	0	reset	90	27.792	0
2	checked	1	0	reset	91	27.541	0
2	checked	1	0	reset	92	27.632	0
2	checked	1	0	reset	93	29.907	0
2	checked	1	0	reset	94	27.672	0
2	checked	1	0	reset	95	27.572	0
2	checked	1	0	reset	96	27.552	0
2	checked	1	0	reset	97	27.762	0
2	checked	1	0	reset	98	27.582	0
2	checked	1	0	reset	99	27.712	0
2	checked	1	0	reset	100	27.692	0
2	checked	1	0	reset	101	27.552	0
2	checked	1	0	reset	102	27.873	0
2	checked	1	0	reset	103	27.653	0
2	checked	1	0	reset	104	27.823	0
2	checked	1	0	reset	105	27.551	0
2	checked	1	0	reset	106	27.753	0
2	checked	1	0	reset	107	27.492	0
2	checked	1	0	reset	108	27.892	0
2	checked	1	0	reset	109	84.54	0
2	checked	1	0	reset	110	29.856	0
2	checked	1	0	reset	111	27.291	0
2	checked	1	0	reset	112	27.182	0
2	checked	1	0	reset	113	26.79	0
2	checked	1	0	reset	114	27.512	0
2	checked	1	0	reset	115	27.281	0
2	checked	1	0	reset	116	26.991	0
2	checked	1	0	reset	117	26.93	0
2	checked	1	0	reset	118	28.324	0
2	checked	1	0	reset	119	27.963	0
2	checked	1	0	reset	120	27.271	0
2	checked	1	0	reset	121	27.031	0
2	checked	1	0	reset	122	27.692	0
2	checked	1	0	reset	123	29.646	0
2	checked	1	0	reset	124	27.442	0
2	checked	1	0	reset	125	27.322	0
2	checked	1	0	reset	126	27.762	0
2	checked	1	0	reset	127	27.172	0
2	checked	1	0	reset	128	27.792	0
2	checked	1	0	reset	129	27.792	0
2	checked	1	0	reset	130	27.672	0
2	checked	1	0	reset	131	27.883	0
2	checked	1	0	reset	132	30.828	0
2	checked	1	0	reset	133	27.803	0
2	checked	1	0	reset	134	27.862	0
2	checked	1	0	reset	135	27.832	0
2	checked	1	0	reset	136	27.802	0
2	checked	1	0	reset	137	27.602	0
2	checked	1	0	reset	138	27.652	0
2	checked	1	0	reset	139	27.993	0
2	checked	1	0	reset	140	28.544	0
2	checked	1	0	reset	141	29.926	0
2	checked	1	0	reset	142	27.983	0
2	checked	1	0	reset	143	28.784	0
2	checked	1	0	reset	144	28.364	0
2	checked	1	0	reset	145	28.434	0
2	checked	1	0	reset	146	28.584	0
2	checked	1	0	reset	147	27.942	0
2	checked	1	0	reset	148	28.234	0
2	checked	1	0	reset	149	28.063	0
2	checked	1	0	reset	150	27.131	0
2	checked	1	0	reset	151	26.931	0
2	checked	1	0	reset	152	26.981	0
2	checked	1	0	reset	153	26.951	0
2	checked	1	0	reset	154	27.281	0
2	checked	1	0	reset	155	27.132	0
2	checked	1	0	reset	156	27.021	0
2	checked	1	0	reset	157	27.201	0
2	checked	1	0	reset	158	27.442	0
2	checked	1	0	reset	159	28.584	0
2	checked	1	0	reset	160	28.012	0
2	checked	1	0	reset	161	27.492	0
2	checked	1	0	reset	162	28.234	0
2	checked	1	0	reset	163	27.843	0
2	checked	1	0	reset	164	28.394	0
2	checked	1	0	reset	165	28.244	0
2	checked	1	0	reset	166	27.952	0
2	checked	1	0	reset	167	27.362	0
2	checked	1	0	reset	168	27.602	0
2	checked	1	0	reset	169	27.723	0
2	checked	1	0	reset	170	27.783	0
2	checked	1	0	reset	171	63.529	0
2	checked	1	0	reset	172	49.704	0
2	checked	1	0	reset	173	28.574	0
2	checked	1	0	reset	174	28.354	0
2	checked	1	0	reset	175	28.303	0
2	checked	1	0	reset	176	28.214	0
2	checked	1	0	reset	177	27.552	0
2	checked	1	0	reset	178	27.532	0
2	checked	1	0	reset	179	27.672	0
2	checked	1	0	reset	180	27.923	0
2	checked	1	0	reset	181	27.221	0
2	checked	1	0	reset	182	27.412	0
2	checked	1	0	reset	183	27.091	0
2	checked	1	0	reset	184	27.482	0
2	checked	1	0	reset	185	26.821	0
2	checked	1	0	reset	186	27.412	0
2	checked	1	0	reset	187	27.101	0
2	checked	1	0	reset	188	26.9	0
2	checked	1	0	reset	189	26.981	0
2	checked	1	0	reset	190	26.881	0
2	checked	1	0	reset	191	27.592	0
2	checked	1	0	reset	192	26.78	0
2	checked	1	0	reset	193	26.75	0
2	checked	1	0	reset	194	26.961	0
2	checked	1	0	reset	195	26.75	0
2	checked	1	0	reset	196	26.801	0
2	checked	1	0	reset	197	26.87	0
2	checked	1	0	reset	198	26.841	0
2	checked	1	0	reset	199	27.612	0
2	checked	1	0	reset	200	28.785	0
2	unsafe	1	0	reset	1	0.16	0
2	unsafe	1	0	reset	2	0.06	0
2	unsafe	1	0	reset	3	0.08	0
2	unsafe	1	0	reset	4	0.08	0
2	unsafe	1	0	reset	5	0.09	0
2	unsafe	1	0	reset	6	0.07	0
2	unsafe	1	0	reset	7	0.06	0
2	unsafe	1	0	reset	8	0.08	0
2	unsafe	1	0	reset	9	0.08	0
2	unsafe	1	0	reset	10	0.06	0
2	unsafe	1	0	reset	11	0.07	0
2	unsafe	1	0	reset	12	0.09	0
2	unsafe	1	0	reset	13	0.081	0
2	unsafe	1	0	reset	14	0.07	0
2	unsafe	1	0	reset	15	0.07	0
2	unsafe	1	0	reset	16	0.07	0
2	unsafe	1	0	reset	17	0.07	0
2	unsafe	1	0	reset	18	0.07	0
2	unsafe	1	0	reset	19	0.07	0
2	unsafe	1	0	reset	20	0.07	0
2	unsafe	1	0	reset	21	0.07	0
2	unsafe	1	0	reset	22	0.1	0
2	unsafe	1	0	reset	23	0.08	0
2	unsafe	1	0	reset	24	0.07	0
2	unsafe	1	0	reset	25	0.07	0
2	unsafe	1	0	reset	26	0.08	0
2	unsafe	1	0	reset	27	0.06	0
2	unsafe	1	0	reset	28	0.08	0
2	unsafe	1	0	reset	29	0.07	0
2	unsafe	1	0	reset	30	0.07	0
2	unsafe	1	0	reset	31	0.07	0
2	unsafe	1	0	reset	32	0.07	0
2	unsafe	1	0	reset	33	0.07	0
2	unsafe	1	0	reset	34	0.07	0
2	unsafe	1	0	reset	35	0.071	0
2	unsafe	1	0	reset	36	0.07	0
2	unsafe	1	0	reset	37	0.07	0
2	unsafe	1	0	reset	38	0.06	0
2	unsafe	1	0	reset	39	0.08	0
2	unsafe	1	0	reset	40	0.07	0
2	unsafe	1	0	reset	41	0.08	0
2	unsafe	1	0	reset	42	0.07	0
2	unsafe	1	0	reset	43	0.08	0
2	unsafe	1	0	reset	44	0.07	0
2	unsafe	1	0	reset	45	0.07	0
2	unsafe	1	0	reset	46	0.07	0
2	unsafe	1	0	reset	47	0.08	0
2	unsafe	1	0	reset	48	0.08	0
2	unsafe	1	0	reset	49	0.07	0
2	unsafe	1	0	reset	50	0.07	0
2	unsafe	1	0	reset	51	0.07	0
2	unsafe	1	0	reset	52	0.07	0
2	unsafe	1	0	reset	53	0.1	0
2	unsafe	1	0	reset	54	0.08	0
2	unsafe	1	0	reset	55	0.07	0
2	unsafe	1	0	reset	56	0.08	0
2	unsafe	1	0	reset	57	0.07	0
2	unsafe	1	0	reset	58	0.08	0
2	unsafe	1	0	reset	59	0.07	0
2	unsafe	1	0	reset	60	0.07	0
2	unsafe	1	0	reset	61	0.08	0
2	unsafe	1	0	reset	62	0.071	0
2	unsafe	1	0	reset	63	0.07	0
2	unsafe	1	0	reset	64	0.071	0
2	unsafe	1	0	reset	65	0.06	0
2	unsafe	1	0	reset	66	0.07	0
2	unsafe	1	0	reset	67	0.071	0
2	unsafe	1	0	reset	68	0.08	0
2	unsafe	1	0	reset	69	0.081	0
2	unsafe	1	0	reset	70	0.07	0
2	unsafe	1	0	reset	71	0.07	0
2	unsafe	1	0	reset	72	0.09	0
2	unsafe	1	0	reset	73	0.07	0
2	unsafe	1	0	reset	74	0.071	0
2	unsafe	1	0	reset	75	0.07	0
2	unsafe	1	0	reset	76	0.07	0
2	unsafe	1	0	reset	77	0.091	0
2	unsafe	1	0	reset	78	0.07	0
2	unsafe	1	0	reset	79	0.07	0
2	unsafe	1	0	reset	80	0.08	0
2	unsafe	1	0	reset	81	0.07	0
2	unsafe	1	0	reset	82	0.08	0
2	unsafe	1	0	reset	83	0.07	0
2	unsafe	1	0	reset	84	0.07	0
2	unsafe	1	0	reset	85	0.08	0
2	unsafe	1	0	reset	86	0.07	0
2	unsafe	1	0	reset	87	0.07	0
2	unsafe	1	0	reset	88	0.08	0
2	unsafe	1	0	reset	89	0.06	0
2	unsafe	1	0	reset	90	0.07	0
2	unsafe	1	0	reset	91	0.07	0
2	unsafe	1	0	reset	92	0.07	0
2	unsafe	1	0	reset	93	0.07	0
2	unsafe	1	0	reset	94	0.08	0
2	unsafe	1	0	reset	95	0.07	0
2	unsafe	1	0	reset	96	0.07	0
2	unsafe	1	0	reset	97	0.071	0
2	unsafe	1	0	reset	98	0.06	0
2	unsafe	1	0	reset	99	0.08	0
2	unsafe	1	0	reset	100	0.08	0
2	unsafe	1	0	reset	101	0.08	0
2	unsafe	1	0	reset	102	0.07	0
2	unsafe	1	0	reset	103	0.07	0
2	unsafe	1	0	reset	104	0.07	0
2	unsafe	1	0	reset	105	0.07	0
2	unsafe	1	0	reset	106	0.07	0
2	unsafe	1	0	reset	107	0.09	0
2	unsafe	1	0	reset	108	0.06	0
2	unsafe	1	0	reset	109	0.08	0
2	unsafe	1	0	reset	110	0.07	0
2	unsafe	1	0	reset	111	0.07	0
2	unsafe	1	0	reset	112	0.07	0
2	unsafe	1	0	reset	113	0.07	0
2	unsafe	1	0	reset	114	0.07	0
2	unsafe	1	0	reset	115	0.07	0
2	unsafe	1	0	reset	116	0.07	0
2	unsafe	1	0	reset	117	0.071	0
2	unsafe	1	0	reset	118	0.07	0
2	unsafe	1	0	reset	119	0.081	0
2	unsafe	1	0	reset	120	0.07	0
2	unsafe	1	0	reset	121	0.09	0
2	unsafe	1	0	reset	122	0.071	0
2	unsafe	1	0	reset	123	0.07	0
2	unsafe	1	0	reset	124	0.081	0
2	unsafe	1	0	reset	125	0.091	0
2	unsafe	1	0	reset	126	0.281	0
2	unsafe	1	0	reset	127	0.15	0
2	unsafe	1	0	reset	128	0.07	0
2	unsafe	1	0	reset	129	0.07	0
2	unsafe	1	0	reset	130	0.07	0
2	unsafe	1	0	reset	131	0.071	0
2	unsafe	1	0	reset	132	0.06	0
2	unsafe	1	0	reset	133	0.08	0
2	unsafe	1	0	reset	134	0.07	0
2	unsafe	1	0	reset	135	0.07	0
2	unsafe	1	0	reset	136	0.071	0
2	unsafe	1	0	reset	137	0.091	0
2	unsafe	1	0	reset	138	0.08	0
2	unsafe	1	0	reset	139	0.091	0
2	unsafe	1	0	reset	140	0.08	0
2	unsafe	1	0	reset	141	0.07	0
2	unsafe	1	0	reset	142	0.07	0
2	unsafe	1	0	reset	143	0.08	0
2	unsafe	1	0	reset	144	0.07	0
2	unsafe	1	0	reset	145	0.08	0
2	unsafe	1	0	reset	146	0.07	0
2	unsafe	1	0	reset	147	0.081	0
2	unsafe	1	0	reset	148	0.07	0
2	unsafe	1	0	reset	149	0.08	0
2	unsafe	1	0	reset	150	0.07	0
2	unsafe	1	0	reset	151	0.08	0
2	unsafe	1	0	reset	152	0.07	0
2	unsafe	1	0	reset	153	0.07	0
2	unsafe	1	0	reset	154	0.07	0
2	unsafe	1	0	reset	155	0.08	0
2	unsafe	1	0	reset	156	0.07	0
2	unsafe	1	0	reset	157	0.07	0
2	unsafe	1	0	reset	158	0.08	0
2	unsafe	1	0	reset	159	0.08	0
2	unsafe	1	0	reset	160	0.06	0
2	unsafe	1	0	reset	161	0.07	0
2	unsafe	1	0	reset	162	0.07	0
2	unsafe	1	0	reset	163	0.07	0
2	unsafe	1	0	reset	164	0.08	0
2	unsafe	1	0	reset	165	0.07	0
2	unsafe	1	0	reset	166	0.08	0
2	unsafe	1	0	reset	167	0.09	0
2	unsafe	1	0	reset	168	0.071	0
2	unsafe	1	0	reset	169	0.08	0
2	unsafe	1	0	reset	170	0.09	0
2	unsafe	1	0	reset	171	0.07	0
2	unsafe	1	0	reset	172	0.07	0
2	unsafe	1	0	reset	173	0.07	0
2	unsafe	1	0	reset	174	0.08	0
2	unsafe	1	0	reset	175	0.07	0
2	unsafe	1	0	reset	176	0.08	0
2	unsafe	1	0	reset	177	0.06	0
2	unsafe	1	0	reset	178	0.07	0
2	unsafe	1	0	reset	179	0.07	0
2	unsafe	1	0	reset	180	0.07	0
2	unsafe	1	0	reset	181	0.1	0
2	unsafe	1	0	reset	182	0.07	0
2	unsafe	1	0	reset	183	0.08	0
2	unsafe	1	0	reset	184	0.06	0
2	unsafe	1	0	reset	185	0.07	0
2	unsafe	1	0	reset	186	0.08	0
2	unsafe	1	0	reset	187	0.07	0
2	unsafe	1	0	reset	188	0.07	0
2	unsafe	1	0	reset	189	0.09	0
2	unsafe	1	0	reset	190	0.07	0
2	unsafe	1	0	reset	191	0.07	0
2	unsafe	1	0	reset	192	0.08	0
2	unsafe	1	0	reset	193	0.09	0
2	unsafe	1	0	reset	194	0.07	0
2	unsafe	1	0	reset	195	0.09	0
2	unsafe	1	0	reset	196	0.08	0
2	unsafe	1	0	reset	197	0.08	0
2	unsafe	1	0	reset	198	0.07	0
2	unsafe	1	0	reset	199	0.1	0
2	unsafe	1	0	reset	200	0.081	0
2	checked	4	3	reset	1	60.995	0
2	checked	4	3	reset	2	48.461	0
2	checked	4	3	reset	3	49.503	0
2	checked	4	3	reset	4	56.587	0
2	checked	4	3	reset	5	53.19	0
2	checked	4	3	reset	6	31.029	0
2	checked	4	3	reset	7	32.702	0
2	checked	4	3	reset	8	32.08	0
2	checked	4	3	reset	9	32.301	0
2	checked	4	3	reset	10	33.063	0
2	checked	4	3	reset	11	32.802	0
2	checked	4	3	reset	12	32.942	0
2	checked	4	3	reset	13	36.499	0
2	checked	4	3	reset	14	32.792	0
2	checked	4	3	reset	15	32.422	0
2	checked	4	3	reset	16	33.784	0
2	checked	4	3	reset	17	38.854	0
2	checked	4	3	reset	18	34.515	0
2	checked	4	3	reset	19	32.622	0
2	checked	4	3	reset	20	32.1	0
2	checked	4	3	reset	21	32.221	0
2	checked	4	3	reset	22	35.677	0
2	checked	4	3	reset	23	31.85	0
2	checked	4	3	reset	24	31.981	0
2	checked	4	3	reset	25	31.8	0
2	checked	4	3	reset	26	32.151	0
2	checked	4	3	reset	27	33.212	0
2	checked	4	3	reset	28	47.119	0
2	checked	4	3	reset	29	48.762	0
2	checked	4	3	reset	30	40.776	0
2	checked	4	3	reset	31	41.207	0
2	checked	4	3	reset	32	39.224	0
2	checked	4	3	reset	33	40.867	0
2	checked	4	3	reset	34	40.246	0
2	checked	4	3	reset	35	42.651	0
2	checked	4	3	reset	36	39.895	0
2	checked	4	3	reset	37	42.18	0
2	checked	4	3	reset	38	40.957	0
2	checked	4	3	reset	39	38.814	0
2	checked	4	3	reset	40	42.841	0
2	checked	4	3	reset	41	40.246	0
2	checked	4	3	reset	42	39.515	0
2	checked	4	3	reset	43	39.113	0
2	checked	4	3	reset	44	40.015	0
2	checked	4	3	reset	45	38.904	0
2	checked	4	3	reset	46	40.616	0
2	checked	4	3	reset	47	39.455	0
2	checked	4	3	reset	48	40.266	0
2	checked	4	3	reset	49	39.154	0
2	checked	4	3	reset	50	39.624	0
2	checked	4	3	reset	51	38.793	0
2	checked	4	3	reset	52	40.356	0
2	checked	4	3	reset	53	39.164	0
2	checked	4	3	reset	54	39.274	0
2	checked	4	3	reset	55	41.789	0
2	checked	4	3	reset	56	42.279	0
2	checked	4	3	reset	57	40.676	0
2	checked	4	3	reset	58	40.456	0
2	checked	4	3	reset	59	41.839	0
2	checked	4	3	reset	60	39.475	0
2	checked	4	3	reset	61	40.546	0
2	checked	4	3	reset	62	39.685	0
2	checked	4	3	reset	63	40.106	0
2	checked	4	3	reset	64	40.746	0
2	checked	4	3	reset	65	39.374	0
2	checked	4	3	reset	66	39.705	0
2	checked	4	3	reset	67	38.783	0
2	checked	4	3	reset	68	39.124	0
2	checked	4	3	reset	69	38.072	0
2	checked	4	3	reset	70	39.826	0
2	checked	4	3	reset	71	39.024	0
2	checked	4	3	reset	72	39.024	0
2	checked	4	3	reset	73	38.483	0
2	checked	4	3	reset	74	39.534	0
2	checked	4	3	reset	75	40.306	0
2	checked	4	3	reset	76	42.831	0
2	checked	4	3	reset	77	40.847	0
2	checked	4	3	reset	78	40.076	0
2	checked	4	3	reset	79	40.857	0
2	checked	4	3	reset	80	40.015	0
2	checked	4	3	reset	81	41.027	0
2	checked	4	3	reset	82	41.348	0
2	checked	4	3	reset	83	41.197	0
2	checked	4	3	reset	84	40.597	0
2	checked	4	3	reset	85	39.214	0
2	checked	4	3	reset	86	65.834	0
2	checked	4	3	reset	87	42.13	0
2	checked	4	3	reset	88	41.979	0
2	checked	4	3	reset	89	34.475	0
2	checked	4	3	reset	90	33.273	0
2	checked	4	3	reset	91	34.004	0
2	checked	4	3	reset	92	34.615	0
2	checked	4	3	reset	93	35.287	0
2	checked	4	3	reset	94	33.853	0
2	checked	4	3	reset	95	33.884	0
2	checked	4	3	reset	96	36.048	0
2	checked	4	3	reset	97	34.575	0
2	checked	4	3	reset	98	35.527	0
2	checked	4	3	reset	99	35.427	0
2	checked	4	3	reset	100	35.667	0
2	checked	4	3	reset	101	35.817	0
2	checked	4	3	reset	102	35.527	0
2	checked	4	3	reset	103	34.906	0
2	checked	4	3	reset	104	35.046	0
2	checked	4	3	reset	105	35.908	0
2	checked	4	3	reset	106	34.294	0
2	checked	4	3	reset	107	34.174	0
2	checked	4	3	reset	108	36.108	0
2	checked	4	3	reset	109	34.074	0
2	checked	4	3	reset	110	33.884	0
2	checked	4	3	reset	111	34.044	0
2	checked	4	3	reset	112	33.644	0
2	checked	4	3	reset	113	33.633	0
2	checked	4	3	reset	114	37.21	0
2	checked	4	3	reset	115	33.633	0
2	checked	4	3	reset	116	34.815	0
2	checked	4	3	reset	117	34.235	0
2	checked	4	3	reset	118	33.463	0
2	checked	4	3	reset	119	33.614	0
2	checked	4	3	reset	120	34.605	0
2	checked	4	3	reset	121	33.623	0
2	checked	4	3	reset	122	34.405	0
2	checked	4	3	reset	123	34.214	0
2	checked	4	3	reset	124	34.525	0
2	checked	4	3	reset	125	33.633	0
2	checked	4	3	reset	126	34.495	0
2	checked	4	3	reset	127	33.082	0
2	checked	4	3	reset	128	34.104	0
2	checked	4	3	reset	129	33.323	0
2	checked	4	3	reset	130	34.165	0
2	checked	4	3	reset	131	34.265	0
2	checked	4	3	reset	132	33.223	0
2	checked	4	3	reset	133	35.737	0
2	checked	4	3	reset	134	34.555	0
2	checked	4	3	reset	135	33.944	0
2	checked	4	3	reset	136	33.713	0
2	checked	4	3	reset	137	35.096	0
2	checked	4	3	reset	138	34.175	0
2	checked	4	3	reset	139	33.484	0
2	checked	4	3	reset	140	34.445	0
2	checked	4	3	reset	141	33.553	0
2	checked	4	3	reset	142	34.205	0
2	checked	4	3	reset	143	35.076	0
2	checked	4	3	reset	144	34.516	0
2	checked	4	3	reset	145	37.16	0
2	checked	4	3	reset	146	33.413	0
2	checked	4	3	reset	147	33.192	0
2	checked	4	3	reset	148	34.055	0
2	checked	4	3	reset	149	34.094	0
2	checked	4	3	reset	150	33.393	0
2	checked	4	3	reset	151	34.575	0
2	checked	4	3	reset	152	33.483	0
2	checked	4	3	reset	153	33.413	0
2	checked	4	3	reset	154	34.164	0
2	checked	4	3	reset	155	33.383	0
2	checked	4	3	reset	156	35.327	0
2	checked	4	3	reset	157	33.603	0
2	checked	4	3	reset	158	34.616	0
2	checked	4	3	reset	159	33.673	0
2	checked	4	3	reset	160	33.413	0
2	checked	4	3	reset	161	33.494	0
2	checked	4	3	reset	162	33.884	0
2	checked	4	3	reset	163	34.084	0
2	checked	4	3	reset	164	33.233	0
2	checked	4	3	reset	165	33.142	0
2	checked	4	3	reset	166	33.353	0
2	checked	4	3	reset	167	33.984	0
2	checked	4	3	reset	168	32.612	0
2	checked	4	3	reset	169	33.904	0
2	checked	4	3	reset	170	34.184	0
2	checked	4	3	reset	171	34.425	0
2	checked	4	3	reset	172	34.235	0
2	checked	4	3	reset	173	33.473	0
2	checked	4	3	reset	174	33.944	0
2	checked	4	3	reset	175	34.646	0
2	checked	4	3	reset	176	33.223	0
2	checked	4	3	reset	177	32.191	0
2	checked	4	3	reset	178	33.954	0
2	checked	4	3	reset	179	34.626	0
2	checked	4	3	reset	180	34.765	0
2	checked	4	3	reset	181	34.135	0
2	checked	4	3	reset	182	33.563	0
2	checked	4	3	reset	183	33.673	0
2	checked	4	3	reset	184	33.764	0
2	checked	4	3	reset	185	33.884	0
2	checked	4	3	reset	186	34.775	0
2	checked	4	3	reset	187	34.435	0
2	checked	4	3	reset	188	35.197	0
2	checked	4	3	reset	189	34.675	0
2	checked	4	3	reset	190	33.173	0
2	checked	4	3	reset	191	34.735	0
2	checked	4	3	reset	192	33.984	0
2	checked	4	3	reset	193	35.176	0
2	checked	4	3	reset	194	34.405	0
2	checked	4	3	reset	195	33.052	0
2	checked	4	3	reset	196	34.414	0
2	checked	4	3	reset	197	34.946	0
2	checked	4	3	reset	198	35.246	0
2	checked	4	3	reset	199	33.924	0
2	checked	4	3	reset	200	34.074	0
2	checked	4	3	stall	1	62.137	0
2	checked	4	3	stall	2	78.037	0
2	checked	4	3	stall	3	269.318	0
2	unsafe	4	3	reset	1	0.18	0
2	unsafe	4	3	reset	2	0.101	0
2	unsafe	4	3	reset	3	0.09	0
2	unsafe	4	3	reset	4	0.07	0
2	unsafe	4	3	reset	5	0.08	0
2	unsafe	4	3	reset	6	0.161	0
2	unsafe	4	3	reset	7	0.15	0
2	unsafe	4	3	reset	8	0.07	0
2	unsafe	4	3	reset	9	0.071	0
2	unsafe	4	3	reset	10	0.07	0
2	unsafe	4	3	reset	11	0.161	0
2	unsafe	4	3	reset	12	0.07	0
2	unsafe	4	3	reset	13	0.281	0
2	unsafe	4	3	reset	14	0.29	0
2	unsafe	4	3	reset	15	0.11	0
2	unsafe	4	3	reset	16	0.07	0
2	unsafe	4	3	reset	17	0.16	0
2	unsafe	4	3	reset	18	0.091	0
2	unsafe	4	3	reset	19	0.07	0
2	unsafe	4	3	reset	20	0.07	0
2	unsafe	4	3	reset	21	0.26	0
2	unsafe	4	3	reset	22	0.572	0
2	unsafe	4	3	reset	23	0.081	0
2	unsafe	4	3	reset	24	0.07	0
2	unsafe	4	3	reset	25	0.06	0
2	unsafe	4	3	reset	26	0.08	0
2	unsafe	4	3	reset	27	0.09	0
2	unsafe	4	3	reset	28	0.08	0
2	unsafe	4	3	reset	29	0.08	0
2	unsafe	4	3	reset	30	0.07	0
2	unsafe	4	3	reset	31	0.07	0
2	unsafe	4	3	reset	32	0.07	0
2	unsafe	4	3	reset	33	0.07	0
2	unsafe	4	3	reset	34	0.08	0
2	unsafe	4	3	reset	35	0.07	0
2	unsafe	4	3	reset	36	0.07	0
2	unsafe	4	3	reset	37	0.08	0
2	unsafe	4	3	reset	38	0.08	0
2	unsafe	4	3	reset	39	0.07	0
2	unsafe	4	3	reset	40	0.08	0
2	unsafe	4	3	reset	41	0.07	0
2	unsafe	4	3	reset	42	0.08	0
2	unsafe	4	3	reset	43	0.08	0
2	unsafe	4	3	reset	44	0.07	0
2	unsafe	4	3	reset	45	0.07	0
2	unsafe	4	3	reset	46	0.07	0
2	unsafe	4	3	reset	47	0.08	0
2	unsafe	4	3	reset	48	0.07	0
2	unsafe	4	3	reset	49	0.08	0
2	unsafe	4	3	reset	50	0.08	0
2	unsafe	4	3	reset	51	0.07	0
2	unsafe	4	3	reset	52	0.07	0
2	unsafe	4	3	reset	53	0.08	0
2	unsafe	4	3	reset	54	0.08	0
2	unsafe	4	3	reset	55	0.07	0
2	unsafe	4	3	reset	56	0.07	0
2	unsafe	4	3	reset	57	0.08	0
2	unsafe	4	3	reset	58	0.07	0
2	unsafe	4	3	reset	59	0.071	0
2	unsafe	4	3	reset	60	0.07	0
2	unsafe	4	3	reset	61	0.07	0
2	unsafe	4	3	reset	62	0.071	0
2	unsafe	4	3	reset	63	0.071	0
2	unsafe	4	3	reset	64	0.07	0
2	unsafe	4	3	reset	65	0.071	0
2	unsafe	4	3	reset	66	0.071	0
2	unsafe	4	3	reset	67	0.08	0
2	unsafe	4	3	reset	68	0.081	0
2	unsafe	4	3	reset	69	0.081	0
2	unsafe	4	3	reset	70	0.07	0
2	unsafe	4	3	reset	71	0.07	0
2	unsafe	4	3	reset	72	0.07	0
2	unsafe	4	3	reset	73	0.071	0
2	unsafe	4	3	reset	74	0.07	0
2	unsafe	4	3	reset	75	0.081	0
2	unsafe	4	3	reset	76	0.08	0
2	unsafe	4	3	reset	77	0.07	0
2	unsafe	4	3	reset	78	0.071	0
2	unsafe	4	3	reset	79	0.07	0
2	unsafe	4	3	reset	80	0.071	0
2	unsafe	4	3	reset	81	0.07	0
2	unsafe	4	3	reset	82	0.08	0
2	unsafe	4	3	reset	83	0.071	0
2	unsafe	4	3	reset	84	0.07	0
2	unsafe	4	3	reset	85	0.081	0
2	unsafe	4	3	reset	86	0.07	0
2	unsafe	4	3	reset	87	0.07	0
2	unsafe	4	3	reset	88	0.08	0
2	unsafe	4	3	reset	89	0.07	0
2	unsafe	4	3	reset	90	0.07	0
2	unsafe	4	3	reset	91	0.07	0
2	unsafe	4	3	reset	92	0.071	0
2	unsafe	4	3	reset	93	0.081	0
2	unsafe	4	3	reset	94	0.07	0
2	unsafe	4	3	reset	95	0.07	0
2	unsafe	4	3	reset	96	0.08	0
2	unsafe	4	3	reset	97	0.07	0
2	unsafe	4	3	reset	98	0.07	0
2	unsafe	4	3	reset	99	0.08	0
2	unsafe	4	3	reset	100	0.07	0
2	unsafe	4	3	reset	101	0.07	0
2	unsafe	4	3	reset	102	0.08	0
2	unsafe	4	3	reset	103	0.08	0
2	unsafe	4	3	reset	104	0.07	0
2	unsafe	4	3	reset	105	0.07	0
2	unsafe	4	3	reset	106	0.08	0
2	unsafe	4	3	reset	107	0.07	0
2	unsafe	4	3	reset	108	0.071	0
2	unsafe	4	3	reset	109	0.07	0
2	unsafe	4	3	reset	110	0.07	0
2	unsafe	4	3	reset	111	0.08	0
2	unsafe	4	3	reset	112	0.071	0
2	unsafe	4	3	reset	113	0.071	0
2	unsafe	4	3	reset	114	0.07	0
2	unsafe	4	3	reset	115	0.08	0
2	unsafe	4	3	reset	116	0.08	0
2	unsafe	4	3	reset	117	0.07	0
2	unsafe	4	3	reset	118	0.07	0
2	unsafe	4	3	reset	119	0.07	0
2	unsafe	4	3	reset	120	0.07	0
2	unsafe	4	3	reset	121	0.07	0
2	unsafe	4	3	reset	122	0.08	0
2	unsafe	4	3	reset	123	0.07	0
2	unsafe	4	3	reset	124	0.07	0
2	unsafe	4	3	reset	125	0.071	0
2	unsafe	4	3	reset	126	0.07	0
2	unsafe	4	3	reset	127	0.09	0
2	unsafe	4	3	reset	128	0.07	0
2	unsafe	4	3	reset	129	0.07	0
2	unsafe	4	3	reset	130	0.091	0
2	unsafe	4	3	reset	131	0.08	0
2	unsafe	4	3	reset	132	0.08	0
2	unsafe	4	3	reset	133	0.09	0
2	unsafe	4	3	reset	134	0.07	0
2	unsafe	4	3	reset	135	0.09	0
2	unsafe	4	3	reset	136	0.081	0
2	unsafe	4	3	reset	137	0.07	0
2	unsafe	4	3	reset	138	0.07	0
2	unsafe	4	3	reset	139	0.08	0
2	unsafe	4	3	reset	140	0.08	0
2	unsafe	4	3	reset	141	0.071	0
2	unsafe	4	3	reset	142	0.07	0
2	unsafe	4	3	reset	143	0.07	0
2	unsafe	4	3	reset	144	0.08	0
2	unsafe	4	3	reset	145	0.07	0
2	unsafe	4	3	reset	146	0.07	0
2	unsafe	4	3	reset	147	0.081	0
2	unsafe	4	3	reset	148	0.07	0
2	unsafe	4	3	reset	149	0.09	0
2	unsafe	4	3	reset	150	0.071	0
2	unsafe	4	3	reset	151	0.07	0
2	unsafe	4	3	reset	152	0.071	0
2	unsafe	4	3	reset	153	0.07	0
2	unsafe	4	3	reset	154	0.07	0
2	unsafe	4	3	reset	155	0.08	0
2	unsafe	4	3	reset	156	0.07	0
2	unsafe	4	3	reset	157	0.07	0
2	unsafe	4	3	reset	158	0.07	0
2	unsafe	4	3	reset	159	0.071	0
2	unsafe	4	3	reset	160	0.08	0
2	unsafe	4	3	reset	161	0.08	0
2	unsafe	4	3	reset	162	0.08	0
2	unsafe	4	3	reset	163	0.09	0
2	unsafe	4	3	reset	164	0.07	0
2	unsafe	4	3	reset	165	0.08	0
2	unsafe	4	3	reset	166	0.07	0
2	unsafe	4	3	reset	167	0.08	0
2	unsafe	4	3	reset	168	0.081	0
2	unsafe	4	3	reset	169	0.09	0
2	unsafe	4	3	reset	170	0.071	0
2	unsafe	4	3	reset	171	0.07	0
2	unsafe	4	3	reset	172	0.07	0
2	unsafe	4	3	reset	173	0.08	0
2	unsafe	4	3	reset	174	0.07	0
2	unsafe	4	3	reset	175	0.07	0
2	unsafe	4	3	reset	176	0.07	0
2	unsafe	4	3	reset	177	0.07	0
2	unsafe	4	3	reset	178	0.07	0
2	unsafe	4	3	reset	179	0.07	0
2	unsafe	4	3	reset	180	0.07	0
2	unsafe	4	3	reset	181	0.081	0
2	unsafe	4	3	reset	182	0.07	0
2	unsafe	4	3	reset	183	0.07	0
2	unsafe	4	3	reset	184	0.071	0
2	unsafe	4	3	reset	185	0.071	0
2	unsafe	4	3	reset	186	0.09	0
2	unsafe	4	3	reset	187	0.08	0
2	unsafe	4	3	reset	188	0.071	0
2	unsafe	4	3	reset	189	0.08	0
2	unsafe	4	3	reset	190	0.07	0
2	unsafe	4	3	reset	191	0.08	0
2	unsafe	4	3	reset	192	0.07	0
2	unsafe	4	3	reset	193	0.07	0
2	unsafe	4	3	reset	194	0.07	0
2	unsafe	4	3	reset	195	0.081	0
2	unsafe	4	3	reset	196	0.08	0
2	unsafe	4	3	reset	197	0.09	0
2	unsafe	4	3	reset	198	0.081	0
2	unsafe	4	3	reset	199	0.07	0
2	unsafe	4	3	reset	200	0.07	0
2	unsafe	4	3	stall	1	0.0	0
2	unsafe	4	3	stall	2	1024.022	0
2	unsafe	4	3	stall	3	0.0	0
2	checked	8	7	reset	1	68.69	0
2	checked	8	7	reset	2	66.676	0
2	checked	8	7	reset	3	63.61	0
2	checked	8	7	reset	4	92.535	0
2	checked	8	7	reset	5	72.637	0
2	checked	8	7	reset	6	35.127	0
2	checked	8	7	reset	7	32.511	0
2	checked	8	7	reset	8	32.481	0
2	checked	8	7	reset	9	33.614	0
2	checked	8	7	reset	10	33.564	0
2	checked	8	7	reset	11	33.193	0
2	checked	8	7	reset	12	33.433	0
2	checked	8	7	reset	13	33.342	0
2	checked	8	7	reset	14	33.573	0
2	checked	8	7	reset	15	32.682	0
2	checked	8	7	reset	16	33.303	0
2	checked	8	7	reset	17	32.661	0
2	checked	8	7	reset	18	32.121	0
2	checked	8	7	reset	19	32.281	0
2	checked	8	7	reset	20	31.87	0
2	checked	8	7	reset	21	32.04	0
2	checked	8	7	reset	22	66.676	0
2	checked	8	7	reset	23	61.095	0
2	checked	8	7	reset	24	57.518	0
2	checked	8	7	reset	25	56.006	0
2	checked	8	7	reset	26	40.356	0
2	checked	8	7	reset	27	39.905	0
2	checked	8	7	reset	28	38.953	0
2	checked	8	7	reset	29	39.104	0
2	checked	8	7	reset	30	39.956	0
2	checked	8	7	reset	31	40.787	0
2	checked	8	7	reset	32	40.536	0
2	checked	8	7	reset	33	39.765	0
2	checked	8	7	reset	34	39.684	0
2	checked	8	7	reset	35	39.935	0
2	checked	8	7	reset	36	40.346	0
2	checked	8	7	reset	37	40.546	0
2	checked	8	7	reset	38	40.086	0
2	checked	8	7	reset	39	40.156	0
2	checked	8	7	reset	40	39.184	0
2	checked	8	7	reset	41	40.105	0
2	checked	8	7	reset	42	40.567	0
2	checked	8	7	reset	43	41.839	0
2	checked	8	7	reset	44	40.887	0
2	checked	8	7	reset	45	40.457	0
2	checked	8	7	reset	46	38.763	0
2	checked	8	7	reset	47	40.617	0
2	checked	8	7	reset	48	68.259	0
2	checked	8	7	reset	49	46.789	0
2	checked	8	7	reset	50	42.199	0
2	checked	8	7	reset	51	46.608	0
2	checked	8	7	reset	52	41.398	0
2	checked	8	7	reset	53	40.235	0
2	checked	8	7	reset	54	39.805	0
2	checked	8	7	reset	55	40.105	0
2	checked	8	7	reset	56	40.035	0
2	checked	8	7	reset	57	39.304	0
2	checked	8	7	reset	58	39.364	0
2	checked	8	7	reset	59	40.025	0
2	checked	8	7	reset	60	39.184	0
2	checked	8	7	reset	61	38.894	0
2	checked	8	7	reset	62	39.394	0
2	checked	8	7	reset	63	39.385	0
2	checked	8	7	reset	64	38.843	0
2	checked	8	7	reset	65	40.807	0
2	checked	8	7	reset	66	41.268	0
2	checked	8	7	reset	67	40.416	0
2	checked	8	7	reset	68	38.713	0
2	checked	8	7	reset	69	39.345	0
2	checked	8	7	reset	70	40.486	0
2	checked	8	7	reset	71	39.424	0
2	checked	8	7	reset	72	40.206	0
2	checked	8	7	reset	73	39.464	0
2	checked	8	7	reset	74	40.416	0
2	checked	8	7	reset	75	40.115	0
2	checked	8	7	reset	76	39.575	0
2	checked	8	7	reset	77	39.435	0
2	checked	8	7	reset	78	39.184	0
2	checked	8	7	reset	79	39.895	0
2	checked	8	7	reset	80	38.843	0
2	checked	8	7	reset	81	39.194	0
2	checked	8	7	reset	82	40.967	0
2	checked	8	7	reset	83	40.576	0
2	checked	8	7	reset	84	40.146	0
2	checked	8	7	reset	85	40.246	0
2	checked	8	7	reset	86	40.406	0
2	checked	8	7	reset	87	39.404	0
2	checked	8	7	reset	88	38.763	0
2	checked	8	7	reset	89	39.314	0
2	checked	8	7	reset	90	40.326	0
2	checked	8	7	reset	91	39.204	0
2	checked	8	7	reset	92	39.424	0
2	checked	8	7	reset	93	41.828	0
2	checked	8	7	reset	94	39.034	0
2	checked	8	7	reset	95	41.098	0
2	checked	8	7	reset	96	39.073	0
2	checked	8	7	reset	97	39.294	0
2	checked	8	7	reset	98	39.284	0
2	checked	8	7	reset	99	40.276	0
2	checked	8	7	reset	100	39.654	0
2	checked	8	7	reset	101	39.214	0
2	checked	8	7	reset	102	40.006	0
2	checked	8	7	reset	103	39.334	0
2	checked	8	7	reset	104	41.799	0
2	checked	8	7	reset	105	40.126	0
2	checked	8	7	reset	106	39.735	0
2	checked	8	7	reset	107	39.123	0
2	checked	8	7	reset	108	39.254	0
2	checked	8	7	reset	109	38.984	0
2	checked	8	7	reset	110	38.873	0
2	checked	8	7	reset	111	38.733	0
2	checked	8	7	reset	112	39.425	0
2	checked	8	7	reset	113	39.645	0
2	checked	8	7	reset	114	39.605	0
2	checked	8	7	reset	115	42.741	0
2	checked	8	7	reset	116	39.074	0
2	checked	8	7	reset	117	40.035	0
2	checked	8	7	reset	118	39.574	0
2	checked	8	7	reset	119	39.675	0
2	checked	8	7	reset	120	39.755	0
2	checked	8	7	reset	121	39.815	0
2	checked	8	7	reset	122	39.154	0
2	checked	8	7	reset	123	39.414	0
2	checked	8	7	reset	124	40.025	0
2	checked	8	7	reset	125	39.664	0
2	checked	8	7	reset	126	42.33	0
2	checked	8	7	reset	127	40.056	0
2	checked	8	7	reset	128	40.647	0
2	checked	8	7	reset	129	40.427	0
2	checked	8	7	reset	130	39.174	0
2	checked	8	7	reset	131	40.807	0
2	checked	8	7	reset	132	39.544	0
2	checked	8	7	reset	133	39.415	0
2	checked	8	7	reset	134	39.684	0
2	checked	8	7	reset	135	40.186	0
2	checked	8	7	reset	136	39.955	0
2	checked	8	7	reset	137	54.994	0
2	checked	8	7	reset	138	67.357	0
2	checked	8	7	reset	139	67.668	0
2	checked	8	7	reset	140	48.521	0
2	checked	8	7	reset	141	64.361	0
2	checked	8	7	reset	142	63.61	0
2	checked	8	7	reset	143	43.803	0
2	checked	8	7	reset	144	43.762	0
2	checked	8	7	reset	145	44.213	0
2	checked	8	7	reset	146	45.356	0
2	checked	8	7	reset	147	44.223	0
2	checked	8	7	reset	148	43.392	0
2	checked	8	7	reset	149	43.783	0
2	checked	8	7	reset	150	43.502	0
2	checked	8	7	reset	151	42.33	0
2	checked	8	7	reset	152	73.689	0
2	checked	8	7	reset	153	53.01	0
2	checked	8	7	reset	154	43.953	0
2	checked	8	7	reset	155	42.701	0
2	checked	8	7	reset	156	57.989	0
2	checked	8	7	reset	157	40.877	0
2	checked	8	7	reset	158	54.854	0
2	checked	8	7	reset	159	55.625	0
2	checked	8	7	reset	160	39.785	0
2	checked	8	7	reset	161	39.685	0
2	checked	8	7	reset	162	40.847	0
2	checked	8	7	reset	163	41.188	0
2	checked	8	7	reset	164	39.475	0
2	checked	8	7	reset	165	41.008	0
2	checked	8	7	reset	166	40.556	0
2	checked	8	7	reset	167	39.404	0
2	checked	8	7	reset	168	40.847	0
2	checked	8	7	reset	169	40.136	0
2	checked	8	7	reset	170	41.117	0
2	checked	8	7	reset	171	40.306	0
2	checked	8	7	reset	172	39.545	0
2	checked	8	7	reset	173	39.735	0
2	checked	8	7	reset	174	40.216	0
2	checked	8	7	reset	175	42.881	0
2	checked	8	7	reset	176	40.527	0
2	checked	8	7	reset	177	40.446	0
2	checked	8	7	reset	178	41.308	0
2	checked	8	7	reset	179	41.228	0
2	checked	8	7	reset	180	39.244	0
2	checked	8	7	reset	181	40.617	0
2	checked	8	7	reset	182	41.478	0
2	checked	8	7	reset	183	39.174	0
2	checked	8	7	reset	184	40.016	0
2	checked	8	7	reset	185	40.727	0
2	checked	8	7	reset	186	40.076	0
2	checked	8	7	reset	187	39.775	0
2	checked	8	7	reset	188	39.304	0
2	checked	8	7	reset	189	40.356	0
2	checked	8	7	reset	190	68.529	0
2	checked	8	7	reset	191	49.143	0
2	checked	8	7	reset	192	44.504	0
2	checked	8	7	reset	193	43.101	0
2	checked	8	7	reset	194	41.939	0
2	checked	8	7	reset	195	42.169	0
2	checked	8	7	reset	196	58.48	0
2	checked	8	7	reset	197	48.862	0
2	checked	8	7	reset	198	43.332	0
2	checked	8	7	reset	199	41.278	0
2	checked	8	7	reset	200	45.646	0
2	checked	8	7	stall	1	69.642	0
2	checked	8	7	stall	2	72.146	0
2	checked	8	7	stall	3	81.734	0
2	checked	8	7	stall	4	68.78	0
2	checked	8	7	stall	5	68.78	0
2	checked	8	7	stall	6	76.605	0
2	checked	8	7	stall	7	70.012	0
2	unsafe	8	7	reset	1	0.23	0
2	unsafe	8	7	reset	2	0.08	0
2	unsafe	8	7	reset	3	0.1	0
2	unsafe	8	7	reset	4	0.07	0
2	unsafe	8	7	reset	5	0.1	0
2	unsafe	8	7	reset	6	0.121	0
2	unsafe	8	7	reset	7	0.191	0
2	unsafe	8	7	reset	8	0.08	0
2	unsafe	8	7	reset	9	0.08	0
2	unsafe	8	7	reset	10	0.08	0
2	unsafe	8	7	reset	11	0.07	0
2	unsafe	8	7	reset	12	0.311	0
2	unsafe	8	7	reset	13	0.08	0
2	unsafe	8	7	reset	14	0.341	0
2	unsafe	8	7	reset	15	0.17	0
2	unsafe	8	7	reset	16	0.131	0
2	unsafe	8	7	reset	17	0.101	0
2	unsafe	8	7	reset	18	0.091	0
2	unsafe	8	7	reset	19	0.16	0
2	unsafe	8	7	reset	20	0.07	0
2	unsafe	8	7	reset	21	0.08	0
2	unsafe	8	7	reset	22	0.09	0
2	unsafe	8	7	reset	23	0.17	0
2	unsafe	8	7	reset	24	0.431	0
2	unsafe	8	7	reset	25	0.07	0
2	unsafe	8	7	reset	26	0.07	0
2	unsafe	8	7	reset	27	0.2	0
2	unsafe	8	7	reset	28	0.07	0
2	unsafe	8	7	reset	29	0.111	0
2	unsafe	8	7	reset	30	0.08	0
2	unsafe	8	7	reset	31	0.08	0
2	unsafe	8	7	reset	32	0.08	0
2	unsafe	8	7	reset	33	0.09	0
2	unsafe	8	7	reset	34	0.1	0
2	unsafe	8	7	reset	35	0.08	0
2	unsafe	8	7	reset	36	0.08	0
2	unsafe	8	7	reset	37	0.07	0
2	unsafe	8	7	reset	38	0.081	0
2	unsafe	8	7	reset	39	0.09	0
2	unsafe	8	7	reset	40	0.07	0
2	unsafe	8	7	reset	41	0.07	0
2	unsafe	8	7	reset	42	0.07	0
2	unsafe	8	7	reset	43	0.08	0
2	unsafe	8	7	reset	44	0.08	0
2	unsafe	8	7	reset	45	0.08	0
2	unsafe	8	7	reset	46	0.07	0
2	unsafe	8	7	reset	47	0.07	0
2	unsafe	8	7	reset	48	0.08	0
2	unsafe	8	7	reset	49	0.07	0
2	unsafe	8	7	reset	50	0.08	0
2	unsafe	8	7	reset	51	0.08	0
2	unsafe	8	7	reset	52	0.08	0
2	unsafe	8	7	reset	53	0.091	0
2	unsafe	8	7	reset	54	0.08	0
2	unsafe	8	7	reset	55	0.091	0
2	unsafe	8	7	reset	56	0.091	0
2	unsafe	8	7	reset	57	0.09	0
2	unsafe	8	7	reset	58	0.07	0
2	unsafe	8	7	reset	59	0.111	0
2	unsafe	8	7	reset	60	0.091	0
2	unsafe	8	7	reset	61	0.1	0
2	unsafe	8	7	reset	62	0.08	0
2	unsafe	8	7	reset	63	0.1	0
2	unsafe	8	7	reset	64	0.07	0
2	unsafe	8	7	reset	65	0.08	0
2	unsafe	8	7	reset	66	0.08	0
2	unsafe	8	7	reset	67	0.081	0
2	unsafe	8	7	reset	68	0.081	0
2	unsafe	8	7	reset	69	0.07	0
2	unsafe	8	7	reset	70	0.07	0
2	unsafe	8	7	reset	71	0.07	0
2	unsafe	8	7	reset	72	0.13	0
2	unsafe	8	7	reset	73	0.231	0
2	unsafe	8	7	reset	74	0.361	0
2	unsafe	8	7	reset	75	0.181	0
2	unsafe	8	7	reset	76	0.33	0
2	unsafe	8	7	reset	77	0.371	0
2	unsafe	8	7	reset	78	0.09	0
2	unsafe	8	7	reset	79	0.1	0
2	unsafe	8	7	reset	80	0.08	0
2	unsafe	8	7	reset	81	0.08	0
2	unsafe	8	7	reset	82	0.08	0
2	unsafe	8	7	reset	83	0.09	0
2	unsafe	8	7	reset	84	0.08	0
2	unsafe	8	7	reset	85	0.07	0
2	unsafe	8	7	reset	86	0.08	0
2	unsafe	8	7	reset	87	0.08	0
2	unsafe	8	7	reset	88	0.07	0
2	unsafe	8	7	reset	89	0.11	0
2	unsafe	8	7	reset	90	0.07	0
2	unsafe	8	7	reset	91	0.09	0
2	unsafe	8	7	reset	92	0.07	0
2	unsafe	8	7	reset	93	0.1	0
2	unsafe	8	7	reset	94	0.07	0
2	unsafe	8	7	reset	95	0.081	0
2	unsafe	8	7	reset	96	0.08	0
2	unsafe	8	7	reset	97	0.07	0
2	unsafe	8	7	reset	98	0.12	0
2	unsafe	8	7	reset	99	0.081	0
2	unsafe	8	7	reset	100	0.1	0
2	unsafe	8	7	reset	101	0.12	0
2	unsafe	8	7	reset	102	0.07	0
2	unsafe	8	7	reset	103	0.081	0
2	unsafe	8	7	reset	104	0.081	0
2	unsafe	8	7	reset	105	0.07	0
2	unsafe	8	7	reset	106	0.111	0
2	unsafe	8	7	reset	107	0.08	0
2	unsafe	8	7	reset	108	0.08	0
2	unsafe	8	7	reset	109	0.07	0
2	unsafe	8	7	reset	110	0.08	0
2	unsafe	8	7	reset	111	0.08	0
2	unsafe	8	7	reset	112	0.08	0
2	unsafe	8	7	reset	113	0.08	0
2	unsafe	8	7	reset	114	0.09	0
2	unsafe	8	7	reset	115	0.11	0
2	unsafe	8	7	reset	116	0.12	0
2	unsafe	8	7	reset	117	0.08	0
2	unsafe	8	7	reset	118	0.08	0
2	unsafe	8	7	reset	119	0.081	0
2	unsafe	8	7	reset	120	0.08	0
2	unsafe	8	7	reset	121	0.08	0
2	unsafe	8	7	reset	122	0.08	0
2	unsafe	8	7	reset	123	0.08	0
2	unsafe	8	7	reset	124	0.08	0
2	unsafe	8	7	reset	125	0.08	0
2	unsafe	8	7	reset	126	0.06	0
2	unsafe	8	7	reset	127	0.07	0
2	unsafe	8	7	reset	128	0.1	0
2	unsafe	8	7	reset	129	0.07	0
2	unsafe	8	7	reset	130	0.07	0
2	unsafe	8	7	reset	131	0.08	0
2	unsafe	8	7	reset	132	0.07	0
2	unsafe	8	7	reset	133	0.08	0
2	unsafe	8	7	reset	134	0.07	0
2	unsafe	8	7	reset	135	0.08	0
2	unsafe	8	7	reset	136	0.08	0
2	unsafe	8	7	reset	137	0.071	0
2	unsafe	8	7	reset	138	0.08	0
2	unsafe	8	7	reset	139	0.07	0
2	unsafe	8	7	reset	140	0.08	0
2	unsafe	8	7	reset	141	0.081	0
2	unsafe	8	7	reset	142	0.07	0
2	unsafe	8	7	reset	143	0.07	0
2	unsafe	8	7	reset	144	0.08	0
2	unsafe	8	7	reset	145	0.08	0
2	unsafe	8	7	reset	146	0.07	0
2	unsafe	8	7	reset	147	0.08	0
2	unsafe	8	7	reset	148	0.07	0
2	unsafe	8	7	reset	149	0.07	0
2	unsafe	8	7	reset	150	0.081	0
2	unsafe	8	7	reset	151	0.071	0
2	unsafe	8	7	reset	152	0.08	0
2	unsafe	8	7	reset	153	0.101	0
2	unsafe	8	7	reset	154	0.07	0
2	unsafe	8	7	reset	155	0.1	0
2	unsafe	8	7	reset	156	0.091	0
2	unsafe	8	7	reset	157	0.08	0
2	unsafe	8	7	reset	158	0.08	0
2	unsafe	8	7	reset	159	0.07	0
2	unsafe	8	7	reset	160	0.07	0
2	unsafe	8	7	reset	161	0.11	0
2	unsafe	8	7	reset	162	0.08	0
2	unsafe	8	7	reset	163	0.09	0
2	unsafe	8	7	reset	164	0.12	0
2	unsafe	8	7	reset	165	0.07	0
2	unsafe	8	7	reset	166	0.08	0
2	unsafe	8	7	reset	167	0.08	0
2	unsafe	8	7	reset	168	0.08	0
2	unsafe	8	7	reset	169	0.12	0
2	unsafe	8	7	reset	170	0.08	0
2	unsafe	8	7	reset	171	0.121	0
2	unsafe	8	7	reset	172	0.08	0
2	unsafe	8	7	reset	173	0.09	0
2	unsafe	8	7	reset	174	0.12	0
2	unsafe	8	7	reset	175	0.1	0
2	unsafe	8	7	reset	176	0.071	0
2	unsafe	8	7	reset	177	0.08	0
2	unsafe	8	7	reset	178	0.07	0
2	unsafe	8	7	reset	179	0.07	0
2	unsafe	8	7	reset	180	0.07	0
2	unsafe	8	7	reset	181	0.1	0
2	unsafe	8	7	reset	182	0.07	0
2	unsafe	8	7	reset	183	0.08	0
2	unsafe	8	7	reset	184	0.07	0
2	unsafe	8	7	reset	185	0.08	0
2	unsafe	8	7	reset	186	0.08	0
2	unsafe	8	7	reset	187	0.071	0
2	unsafe	8	7	reset	188	0.08	0
2	unsafe	8	7	reset	189	0.08	0
2	unsafe	8	7	reset	190	0.07	0
2	unsafe	8	7	reset	191	0.11	0
2	unsafe	8	7	reset	192	0.07	0
2	unsafe	8	7	reset	193	0.08	0
2	unsafe	8	7	reset	194	0.08	0
2	unsafe	8	7	reset	195	0.1	0
2	unsafe	8	7	reset	196	0.07	0
2	unsafe	8	7	reset	197	0.08	0
2	unsafe	8	7	reset	198	0.07	0
2	unsafe	8	7	reset	199	0.07	0
2	unsafe	8	7	reset	200	0.081	0
2	unsafe	8	7	stall	1	0.0	0
2	unsafe	8	7	stall	2	0.0	0
2	unsafe	8	7	stall	3	0.0	0
2	unsafe	8	7	stall	4	0.0	0
2	unsafe	8	7	stall	5	0.0	0
2	unsafe	8	7	stall	6	0.0	0
2	unsafe	8	7	stall	7	0.0	0
2	checked	16	15	reset	1	135.315	1
2	checked	16	15	reset	2	243.91	1
2	checked	16	15	reset	3	210.958	1
2	checked	16	15	reset	4	60.605	1
2	checked	16	15	reset	5	42.37	1
2	checked	16	15	reset	6	40.056	1
2	checked	16	15	reset	7	37.09	1
2	checked	16	15	reset	8	36.549	1
2	checked	16	15	reset	9	35.587	1
2	checked	16	15	reset	10	36.669	1
2	checked	16	15	reset	11	36.88	1
2	checked	16	15	reset	12	35.948	1
2	checked	16	15	reset	13	36.609	1
2	checked	16	15	reset	14	40.977	1
2	checked	16	15	reset	15	38.222	1
2	checked	16	15	reset	16	35.587	1
2	checked	16	15	reset	17	35.537	1
2	checked	16	15	reset	18	35.678	1
2	checked	16	15	reset	19	34.766	1
2	checked	16	15	reset	20	36.058	1
2	checked	16	15	reset	21	35.477	1
2	checked	16	15	reset	22	35.998	1
2	checked	16	15	reset	23	90.711	1
2	checked	16	15	reset	24	76.004	1
2	checked	16	15	reset	25	74.3	1
2	checked	16	15	reset	26	81.814	1
2	checked	16	15	reset	27	74.39	1
2	checked	16	15	reset	28	61.747	1
2	checked	16	15	reset	29	64.512	1
2	checked	16	15	reset	30	62.007	1
2	checked	16	15	reset	31	64.171	1
2	checked	16	15	reset	32	68.219	1
2	checked	16	15	reset	33	66.105	1
2	checked	16	15	reset	34	66.104	1
2	checked	16	15	reset	35	65.133	1
2	checked	16	15	reset	36	61.786	1
2	checked	16	15	reset	37	62.558	1
2	checked	16	15	reset	38	68.519	1
2	checked	16	15	reset	39	58.892	1
2	checked	16	15	reset	40	59.953	1
2	checked	16	15	reset	41	67.477	1
2	checked	16	15	reset	42	60.845	1
2	checked	16	15	reset	43	59.462	1
2	checked	16	15	reset	44	67.267	1
2	checked	16	15	reset	45	62.127	1
2	checked	16	15	reset	46	58.23	1
2	checked	16	15	reset	47	58.511	1
2	checked	16	15	reset	48	58.681	1
2	checked	16	15	reset	49	58.019	1
2	checked	16	15	reset	50	58.501	1
2	checked	16	15	reset	51	58.32	1
2	checked	16	15	reset	52	60.114	1
2	checked	16	15	reset	53	59.242	1
2	checked	16	15	reset	54	57.098	1
2	checked	16	15	reset	55	58.28	1
2	checked	16	15	reset	56	64.481	1
2	checked	16	15	reset	57	57.278	1
2	checked	16	15	reset	58	212.681	1
2	checked	16	15	reset	59	99.868	1
2	checked	16	15	reset	60	100.85	1
2	checked	16	15	reset	61	236.336	1
2	checked	16	15	reset	62	122.211	1
2	checked	16	15	reset	63	69.411	1
2	checked	16	15	reset	64	80.222	1
2	checked	16	15	reset	65	104.176	1
2	checked	16	15	reset	66	75.803	1
2	checked	16	15	reset	67	71.986	1
2	checked	16	15	reset	68	70.774	1
2	checked	16	15	reset	69	69.441	1
2	checked	16	15	reset	70	67.998	1
2	checked	16	15	reset	71	70.372	1
2	checked	16	15	reset	72	70.453	1
2	checked	16	15	reset	73	75.663	1
2	checked	16	15	reset	74	66.135	1
2	checked	16	15	reset	75	70.202	1
2	checked	16	15	reset	76	65.994	1
2	checked	16	15	reset	77	66.476	1
2	checked	16	15	reset	78	69.541	1
2	checked	16	15	reset	79	69.581	1
2	checked	16	15	reset	80	71.845	1
2	checked	16	15	reset	81	71.415	1
2	checked	16	15	reset	82	67.307	1
2	checked	16	15	reset	83	70.804	1
2	checked	16	15	reset	84	68.84	1
2	checked	16	15	reset	85	65.724	1
2	checked	16	15	reset	86	66.896	1
2	checked	16	15	reset	87	67.848	1
2	checked	16	15	reset	88	65.754	1
2	checked	16	15	reset	89	64.592	1
2	checked	16	15	reset	90	78.719	1
2	checked	16	15	reset	91	74.641	1
2	checked	16	15	reset	92	69.752	1
2	checked	16	15	reset	93	68.589	1
2	checked	16	15	reset	94	68.86	1
2	checked	16	15	reset	95	80.673	1
2	checked	16	15	reset	96	67.127	1
2	checked	16	15	reset	97	69.762	1
2	checked	16	15	reset	98	68.389	1
2	checked	16	15	reset	99	66.094	1
2	checked	16	15	reset	100	65.603	1
2	checked	16	15	reset	101	67.607	1
2	checked	16	15	reset	102	68.799	1
2	checked	16	15	reset	103	69.2	1
2	checked	16	15	reset	104	67.507	1
2	checked	16	15	reset	105	68.9	1
2	checked	16	15	reset	106	67.808	1
2	checked	16	15	reset	107	76.394	1
2	checked	16	15	reset	108	69.261	1
2	checked	16	15	reset	109	69.992	1
2	checked	16	15	reset	110	68.058	1
2	checked	16	15	reset	111	69.381	1
2	checked	16	15	reset	112	71.955	1
2	checked	16	15	reset	113	67.507	1
2	checked	16	15	reset	114	66.365	1
2	checked	16	15	reset	115	63.86	1
2	checked	16	15	reset	116	70.784	1
2	checked	16	15	reset	117	66.305	1
2	checked	16	15	reset	118	66.616	1
2	checked	16	15	reset	119	65.373	1
2	checked	16	15	reset	120	63.66	1
2	checked	16	15	reset	121	68.499	1
2	checked	16	15	reset	122	74.551	1
2	checked	16	15	reset	123	118.584	1
2	checked	16	15	reset	124	99.157	1
2	checked	16	15	reset	125	77.677	1
2	checked	16	15	reset	126	66.696	1
2	checked	16	15	reset	127	66.145	1
2	checked	16	15	reset	128	67.427	1
2	checked	16	15	reset	129	67.147	1
2	checked	16	15	reset	130	69.952	1
2	checked	16	15	reset	131	73.529	1
2	checked	16	15	reset	132	64.371	1
2	checked	16	15	reset	133	65.423	1
2	checked	16	15	reset	134	85.932	1
2	checked	16	15	reset	135	96.492	1
2	checked	16	15	reset	136	80.702	1
2	checked	16	15	reset	137	75.082	1
2	checked	16	15	reset	138	66.065	1
2	checked	16	15	reset	139	64.252	1
2	checked	16	15	reset	140	74.37	1
2	checked	16	15	reset	141	62.178	1
2	checked	16	15	reset	142	63.169	1
2	checked	16	15	reset	143	69.26	1
2	checked	16	15	reset	144	86.774	1
2	checked	16	15	reset	145	169.018	1
2	checked	16	15	reset	146	82.486	1
2	checked	16	15	reset	147	75.733	1
2	checked	16	15	reset	148	77.516	1
2	checked	16	15	reset	149	75.442	1
2	checked	16	15	reset	150	73.298	1
2	checked	16	15	reset	151	69.241	1
2	checked	16	15	reset	152	78.078	1
2	checked	16	15	reset	153	77.676	1
2	checked	16	15	reset	154	76.605	1
2	checked	16	15	reset	155	71.745	1
2	checked	16	15	reset	156	77.887	1
2	checked	16	15	reset	157	72.467	1
2	checked	16	15	reset	158	75.803	1
2	checked	16	15	reset	159	71.235	1
2	checked	16	15	reset	160	67.347	1
2	checked	16	15	reset	161	68.9	1
2	checked	16	15	reset	162	114.166	1
2	checked	16	15	reset	163	77.948	1
2	checked	16	15	reset	164	74.27	1
2	checked	16	15	reset	165	76.394	1
2	checked	16	15	reset	166	72.497	1
2	checked	16	15	reset	167	72.927	1
2	checked	16	15	reset	168	68.479	1
2	checked	16	15	reset	169	72.046	1
2	checked	16	15	reset	170	70.253	1
2	checked	16	15	reset	171	72.306	1
2	checked	16	15	reset	172	84.649	1
2	checked	16	15	reset	173	92.244	1
2	checked	16	15	reset	174	73.559	1
2	checked	16	15	reset	175	66.356	1
2	checked	16	15	reset	176	69.712	1
2	checked	16	15	reset	177	61.907	1
2	checked	16	15	reset	178	66.155	1
2	checked	16	15	reset	179	65.183	1
2	checked	16	15	reset	180	65.814	1
2	checked	16	15	reset	181	62.749	1
2	checked	16	15	reset	182	63.139	1
2	checked	16	15	reset	183	63.54	1
2	checked	16	15	reset	184	64.472	1
2	checked	16	15	reset	185	61.376	1
2	checked	16	15	reset	186	67.117	1
2	checked	16	15	reset	187	66.846	1
2	checked	16	15	reset	188	65.924	1
2	checked	16	15	reset	189	204.796	1
2	checked	16	15	reset	190	128.613	1
2	checked	16	15	reset	191	92.133	1
2	checked	16	15	reset	192	84.078	1
2	checked	16	15	reset	193	73.478	1
2	checked	16	15	reset	194	66.445	1
2	checked	16	15	reset	195	64.862	1
2	checked	16	15	reset	196	70.563	1
2	checked	16	15	reset	197	65.544	1
2	checked	16	15	reset	198	65.313	1
2	checked	16	15	reset	199	64.352	1
2	checked	16	15	reset	200	70.613	1
2	checked	16	15	stall	1	872.046	1
2	checked	16	15	stall	2	875.031	1
2	checked	16	15	stall	3	1152.003	1
2	checked	16	15	stall	4	1682.635	1
2	checked	16	15	stall	5	1672.105	1
2	checked	16	15	stall	6	874.24	1
2	checked	16	15	stall	7	1026.647	1
2	checked	16	15	stall	8	1024.844	1
2	checked	16	15	stall	9	864.531	1
2	checked	16	15	stall	10	221.658	1
2	checked	16	15	stall	11	1685.21	1
2	checked	16	15	stall	12	1149.288	1
2	checked	16	15	stall	13	1142.266	1
2	checked	16	15	stall	14	878.318	1
2	checked	16	15	stall	15	1680.18	1
2	unsafe	16	15	reset	1	0.161	1
2	unsafe	16	15	reset	2	0.04	1
2	unsafe	16	15	reset	3	0.05	1
2	unsafe	16	15	reset	4	0.07	1
2	unsafe	16	15	reset	5	0.961	1
2	unsafe	16	15	reset	6	0.04	1
2	unsafe	16	15	reset	7	0.471	1
2	unsafe	16	15	reset	8	0.29	1
2	unsafe	16	15	reset	9	0.29	1
2	unsafe	16	15	reset	10	0.3	1
2	unsafe	16	15	reset	11	0.04	1
2	unsafe	16	15	reset	12	0.06	1
2	unsafe	16	15	reset	13	0.15	1
2	unsafe	16	15	reset	14	0.3	1
2	unsafe	16	15	reset	15	0.161	1
2	unsafe	16	15	reset	16	0.291	1
2	unsafe	16	15	reset	17	0.06	1
2	unsafe	16	15	reset	18	0.15	1
2	unsafe	16	15	reset	19	0.281	1
2	unsafe	16	15	reset	20	0.06	1
2	unsafe	16	15	reset	21	0.04	1
2	unsafe	16	15	reset	22	0.12	1
2	unsafe	16	15	reset	23	0.471	1
2	unsafe	16	15	reset	24	0.281	1
2	unsafe	16	15	reset	25	0.07	1
2	unsafe	16	15	reset	26	0.15	1
2	unsafe	16	15	reset	27	0.29	1
2	unsafe	16	15	reset	28	0.291	1
2	unsafe	16	15	reset	29	0.281	1
2	unsafe	16	15	reset	30	0.28	1
2	unsafe	16	15	reset	31	0.05	1
2	unsafe	16	15	reset	32	0.05	1
2	unsafe	16	15	reset	33	0.06	1
2	unsafe	16	15	reset	34	0.04	1
2	unsafe	16	15	reset	35	0.081	1
2	unsafe	16	15	reset	36	0.04	1
2	unsafe	16	15	reset	37	0.05	1
2	unsafe	16	15	reset	38	0.07	1
2	unsafe	16	15	reset	39	0.05	1
2	unsafe	16	15	reset	40	0.05	1
2	unsafe	16	15	reset	41	0.061	1
2	unsafe	16	15	reset	42	0.05	1
2	unsafe	16	15	reset	43	0.1	1
2	unsafe	16	15	reset	44	0.04	1
2	unsafe	16	15	reset	45	0.07	1
2	unsafe	16	15	reset	46	0.06	1
2	unsafe	16	15	reset	47	0.06	1
2	unsafe	16	15	reset	48	0.07	1
2	unsafe	16	15	reset	49	0.051	1
2	unsafe	16	15	reset	50	0.06	1
2	unsafe	16	15	reset	51	0.06	1
2	unsafe	16	15	reset	52	0.05	1
2	unsafe	16	15	reset	53	0.081	1
2	unsafe	16	15	reset	54	0.05	1
2	unsafe	16	15	reset	55	0.07	1
2	unsafe	16	15	reset	56	0.05	1
2	unsafe	16	15	reset	57	0.05	1
2	unsafe	16	15	reset	58	0.07	1
2	unsafe	16	15	reset	59	0.04	1
2	unsafe	16	15	reset	60	0.06	1
2	unsafe	16	15	reset	61	0.07	1
2	unsafe	16	15	reset	62	0.06	1
2	unsafe	16	15	reset	63	0.06	1
2	unsafe	16	15	reset	64	0.05	1
2	unsafe	16	15	reset	65	0.06	1
2	unsafe	16	15	reset	66	0.071	1
2	unsafe	16	15	reset	67	0.04	1
2	unsafe	16	15	reset	68	0.07	1
2	unsafe	16	15	reset	69	0.05	1
2	unsafe	16	15	reset	70	0.06	1
2	unsafe	16	15	reset	71	0.08	1
2	unsafe	16	15	reset	72	0.05	1
2	unsafe	16	15	reset	73	0.07	1
2	unsafe	16	15	reset	74	0.04	1
2	unsafe	16	15	reset	75	0.05	1
2	unsafe	16	15	reset	76	0.07	1
2	unsafe	16	15	reset	77	0.05	1
2	unsafe	16	15	reset	78	0.06	1
2	unsafe	16	15	reset	79	0.05	1
2	unsafe	16	15	reset	80	0.05	1
2	unsafe	16	15	reset	81	0.06	1
2	unsafe	16	15	reset	82	0.05	1
2	unsafe	16	15	reset	83	0.07	1
2	unsafe	16	15	reset	84	0.05	1
2	unsafe	16	15	reset	85	0.06	1
2	unsafe	16	15	reset	86	0.071	1
2	unsafe	16	15	reset	87	0.05	1
2	unsafe	16	15	reset	88	0.06	1
2	unsafe	16	15	reset	89	0.06	1
2	unsafe	16	15	reset	90	0.06	1
2	unsafe	16	15	reset	91	0.06	1
2	unsafe	16	15	reset	92	0.041	1
2	unsafe	16	15	reset	93	0.12	1
2	unsafe	16	15	reset	94	0.06	1
2	unsafe	16	15	reset	95	0.06	1
2	unsafe	16	15	reset	96	0.06	1
2	unsafe	16	15	reset	97	0.05	1
2	unsafe	16	15	reset	98	0.05	1
2	unsafe	16	15	reset	99	0.14	1
2	unsafe	16	15	reset	100	0.08	1
2	unsafe	16	15	reset	101	0.05	1
2	unsafe	16	15	reset	102	0.04	1
2	unsafe	16	15	reset	103	0.06	1
2	unsafe	16	15	reset	104	0.04	1
2	unsafe	16	15	reset	105	0.05	1
2	unsafe	16	15	reset	106	0.06	1
2	unsafe	16	15	reset	107	0.04	1
2	unsafe	16	15	reset	108	0.06	1
2	unsafe	16	15	reset	109	0.06	1
2	unsafe	16	15	reset	110	0.08	1
2	unsafe	16	15	reset	111	0.06	1
2	unsafe	16	15	reset	112	0.04	1
2	unsafe	16	15	reset	113	0.04	1
2	unsafe	16	15	reset	114	0.07	1
2	unsafe	16	15	reset	115	0.06	1
2	unsafe	16	15	reset	116	0.08	1
2	unsafe	16	15	reset	117	0.05	1
2	unsafe	16	15	reset	118	0.06	1
2	unsafe	16	15	reset	119	0.07	1
2	unsafe	16	15	reset	120	0.08	1
2	unsafe	16	15	reset	121	0.07	1
2	unsafe	16	15	reset	122	0.06	1
2	unsafe	16	15	reset	123	0.05	1
2	unsafe	16	15	reset	124	0.07	1
2	unsafe	16	15	reset	125	0.04	1
2	unsafe	16	15	reset	126	0.07	1
2	unsafe	16	15	reset	127	0.071	1
2	unsafe	16	15	reset	128	0.081	1
2	unsafe	16	15	reset	129	0.07	1
2	unsafe	16	15	reset	130	0.04	1
2	unsafe	16	15	reset	131	0.06	1
2	unsafe	16	15	reset	132	0.061	1
2	unsafe	16	15	reset	133	0.06	1
2	unsafe	16	15	reset	134	0.07	1
2	unsafe	16	15	reset	135	0.041	1
2	unsafe	16	15	reset	136	0.06	1
2	unsafe	16	15	reset	137	0.06	1
2	unsafe	16	15	reset	138	0.05	1
2	unsafe	16	15	reset	139	0.07	1
2	unsafe	16	15	reset	140	0.05	1
2	unsafe	16	15	reset	141	0.06	1
2	unsafe	16	15	reset	142	0.05	1
2	unsafe	16	15	reset	143	0.05	1
2	unsafe	16	15	reset	144	0.07	1
2	unsafe	16	15	reset	145	0.05	1
2	unsafe	16	15	reset	146	0.061	1
2	unsafe	16	15	reset	147	0.07	1
2	unsafe	16	15	reset	148	0.04	1
2	unsafe	16	15	reset	149	0.06	1
2	unsafe	16	15	reset	150	0.05	1
2	unsafe	16	15	reset	151	0.05	1
2	unsafe	16	15	reset	152	0.07	1
2	unsafe	16	15	reset	153	0.05	1
2	unsafe	16	15	reset	154	0.07	1
2	unsafe	16	15	reset	155	0.05	1
2	unsafe	16	15	reset	156	0.061	1
2	unsafe	16	15	reset	157	0.071	1
2	unsafe	16	15	reset	158	0.05	1
2	unsafe	16	15	reset	159	0.05	1
2	unsafe	16	15	reset	160	0.06	1
2	unsafe	16	15	reset	161	0.05	1
2	unsafe	16	15	reset	162	0.07	1
2	unsafe	16	15	reset	163	0.05	1
2	unsafe	16	15	reset	164	0.06	1
2	unsafe	16	15	reset	165	0.06	1
2	unsafe	16	15	reset	166	0.05	1
2	unsafe	16	15	reset	167	0.08	1
2	unsafe	16	15	reset	168	0.05	1
2	unsafe	16	15	reset	169	0.06	1
2	unsafe	16	15	reset	170	0.04	1
2	unsafe	16	15	reset	171	0.06	1
2	unsafe	16	15	reset	172	0.06	1
2	unsafe	16	15	reset	173	0.06	1
2	unsafe	16	15	reset	174	0.07	1
2	unsafe	16	15	reset	175	0.06	1
2	unsafe	16	15	reset	176	0.06	1
2	unsafe	16	15	reset	177	0.06	1
2	unsafe	16	15	reset	178	0.05	1
2	unsafe	16	15	reset	179	0.05	1
2	unsafe	16	15	reset	180	0.05	1
2	unsafe	16	15	reset	181	0.06	1
2	unsafe	16	15	reset	182	0.08	1
2	unsafe	16	15	reset	183	0.06	1
2	unsafe	16	15	reset	184	0.06	1
2	unsafe	16	15	reset	185	0.04	1
2	unsafe	16	15	reset	186	0.05	1
2	unsafe	16	15	reset	187	0.06	1
2	unsafe	16	15	reset	188	0.06	1
2	unsafe	16	15	reset	189	0.06	1
2	unsafe	16	15	reset	190	0.05	1
2	unsafe	16	15	reset	191	0.06	1
2	unsafe	16	15	reset	192	0.06	1
2	unsafe	16	15	reset	193	0.05	1
2	unsafe	16	15	reset	194	0.06	1
2	unsafe	16	15	reset	195	0.061	1
2	unsafe	16	15	reset	196	0.05	1
2	unsafe	16	15	reset	197	0.071	1
2	unsafe	16	15	reset	198	0.05	1
2	unsafe	16	15	reset	199	0.05	1
2	unsafe	16	15	reset	200	0.07	1
2	unsafe	16	15	stall	1	0.0	1
2	unsafe	16	15	stall	2	0.0	1
2	unsafe	16	15	stall	3	0.0	1
2	unsafe	16	15	stall	4	0.0	1
2	unsafe	16	15	stall	5	0.0	1
2	unsafe	16	15	stall	6	0.0	1
2	unsafe	16	15	stall	7	0.0	1
2	unsafe	16	15	stall	8	0.0	1
2	unsafe	16	15	stall	9	0.0	1
2	unsafe	16	15	stall	10	0.0	1
2	unsafe	16	15	stall	11	0.0	1
2	unsafe	16	15	stall	12	0.0	1
2	unsafe	16	15	stall	13	0.0	1
2	unsafe	16	15	stall	14	0.0	1
2	unsafe	16	15	stall	15	0.0	1
2	checked	32	31	reset	1	154.221	0
2	checked	32	31	reset	2	60.694	0
2	checked	32	31	reset	3	46.218	0
2	checked	32	31	reset	4	43.682	0
2	checked	32	31	reset	5	45.345	0
2	checked	32	31	reset	6	42.5	0
2	checked	32	31	reset	7	43.151	0
2	checked	32	31	reset	8	42.931	0
2	checked	32	31	reset	9	44.745	0
2	checked	32	31	reset	10	41.047	0
2	checked	32	31	reset	11	41.428	0
2	checked	32	31	reset	12	42.74	0
2	checked	32	31	reset	13	47.99	0
2	checked	32	31	reset	14	44.514	0
2	checked	32	31	reset	15	41.248	0
2	checked	32	31	reset	16	52.779	0
2	checked	32	31	reset	17	42.07	0
2	checked	32	31	reset	18	42.741	0
2	checked	32	31	reset	19	42.109	0
2	checked	32	31	reset	20	41.969	0
2	checked	32	31	reset	21	43.632	0
2	checked	32	31	reset	22	168.378	0
2	checked	32	31	reset	23	134.003	0
2	checked	32	31	reset	24	120.157	0
2	checked	32	31	reset	25	96.322	0
2	checked	32	31	reset	26	247.437	0
2	checked	32	31	reset	27	140.195	0
2	checked	32	31	reset	28	129.083	0
2	checked	32	31	reset	29	122.701	0
2	checked	32	31	reset	30	115.628	0
2	checked	32	31	reset	31	113.695	0
2	checked	32	31	reset	32	109.497	0
2	checked	32	31	reset	33	174.198	0
2	checked	32	31	reset	34	117.001	0
2	checked	32	31	reset	35	240.053	0
2	checked	32	31	reset	36	130.316	0
2	checked	32	31	reset	37	134.694	0
2	checked	32	31	reset	38	139.604	0
2	checked	32	31	reset	39	118.974	0
2	checked	32	31	reset	40	125.196	0
2	checked	32	31	reset	41	129.083	0
2	checked	32	31	reset	42	114.216	0
2	checked	32	31	reset	43	99.658	0
2	checked	32	31	reset	44	121.179	0
2	checked	32	31	reset	45	115.277	0
2	checked	32	31	reset	46	107.132	0
2	checked	32	31	reset	47	103.205	0
2	checked	32	31	reset	48	109.767	0
2	checked	32	31	reset	49	102.684	0
2	checked	32	31	reset	50	101.051	0
2	checked	32	31	reset	51	114.907	0
2	checked	32	31	reset	52	210.247	0
2	checked	32	31	reset	53	97.164	0
2	checked	32	31	reset	54	94.529	0
2	checked	32	31	reset	55	93.516	0
2	checked	32	31	reset	56	107.523	0
2	checked	32	31	reset	57	3747.832	0
2	checked	32	31	reset	58	115.348	0
2	checked	32	31	reset	59	95.31	0
2	checked	32	31	reset	60	94.718	0
2	checked	32	31	reset	61	102.875	0
2	checked	32	31	reset	62	94.238	0
2	checked	32	31	reset	63	120.929	0
2	checked	32	31	reset	64	100.78	0
2	checked	32	31	reset	65	107.904	0
2	checked	32	31	reset	66	189.838	0
2	checked	32	31	reset	67	119.616	0
2	checked	32	31	reset	68	112.592	0
2	checked	32	31	reset	69	96.142	0
2	checked	32	31	reset	70	86.904	0
2	checked	32	31	reset	71	94.148	0
2	checked	32	31	reset	72	94.388	0
2	checked	32	31	reset	73	89.348	0
2	checked	32	31	reset	74	91.863	0
2	checked	32	31	reset	75	95.731	0
2	checked	32	31	reset	76	96.562	0
2	checked	32	31	reset	77	93.677	0
2	checked	32	31	reset	78	89.309	0
2	checked	32	31	reset	79	92.986	0
2	checked	32	31	reset	80	88.387	0
2	checked	32	31	reset	81	85.672	0
2	checked	32	31	reset	82	92.655	0
2	checked	32	31	reset	83	93.245	0
2	checked	32	31	reset	84	83.016	0
2	checked	32	31	reset	85	90.771	0
2	checked	32	31	reset	86	89.929	0
2	checked	32	31	reset	87	94.919	0
2	checked	32	31	reset	88	91.172	0
2	checked	32	31	reset	89	187.284	0
2	checked	32	31	reset	90	105.099	0
2	checked	32	31	reset	91	103.545	0
2	checked	32	31	reset	92	89.409	0
2	checked	32	31	reset	93	93.777	0
2	checked	32	31	reset	94	106.752	0
2	checked	32	31	reset	95	113.615	0
2	checked	32	31	reset	96	97.825	0
2	checked	32	31	reset	97	87.385	0
2	checked	32	31	reset	98	179.839	0
2	checked	32	31	reset	99	133.762	0
2	checked	32	31	reset	100	112.041	0
2	checked	32	31	reset	101	124.455	0
2	checked	32	31	reset	102	108.074	0
2	checked	32	31	reset	103	109.657	0
2	checked	32	31	reset	104	105.009	0
2	checked	32	31	reset	105	101.301	0
2	checked	32	31	reset	106	121.209	0
2	checked	32	31	reset	107	113.675	0
2	checked	32	31	reset	108	110.9	0
2	checked	32	31	reset	109	111.891	0
2	checked	32	31	reset	110	110.529	0
2	checked	32	31	reset	111	110.178	0
2	checked	32	31	reset	112	109.306	0
2	checked	32	31	reset	113	106.801	0
2	checked	32	31	reset	114	121.609	0
2	checked	32	31	reset	115	140.896	0
2	checked	32	31	reset	116	112.382	0
2	checked	32	31	reset	117	102.984	0
2	checked	32	31	reset	118	87.135	0
2	checked	32	31	reset	119	98.816	0
2	checked	32	31	reset	120	108.655	0
2	checked	32	31	reset	121	93.416	0
2	checked	32	31	reset	122	101.722	0
2	checked	32	31	reset	123	104.267	0
2	checked	32	31	reset	124	98.395	0
2	checked	32	31	reset	125	115.007	0
2	checked	32	31	reset	126	95.26	0
2	checked	32	31	reset	127	102.383	0
2	checked	32	31	reset	128	93.636	0
2	checked	32	31	reset	129	95.249	0
2	checked	32	31	reset	130	91.864	0
2	checked	32	31	reset	131	90.12	0
2	checked	32	31	reset	132	82.035	0
2	checked	32	31	reset	133	84.589	0
2	checked	32	31	reset	134	90.981	0
2	checked	32	31	reset	135	106.371	0
2	checked	32	31	reset	136	113.985	0
2	checked	32	31	reset	137	111.981	0
2	checked	32	31	reset	138	105.599	0
2	checked	32	31	reset	139	88.167	0
2	checked	32	31	reset	140	100.68	0
2	checked	32	31	reset	141	288.465	0
2	checked	32	31	reset	142	101.151	0
2	checked	32	31	reset	143	101.471	0
2	checked	32	31	reset	144	91.292	0
2	checked	32	31	reset	145	97.284	0
2	checked	32	31	reset	146	106.3	0
2	checked	32	31	reset	147	112.152	0
2	checked	32	31	reset	148	2978.48	0
2	checked	32	31	reset	149	118.243	0
2	checked	32	31	reset	150	94.288	0
2	checked	32	31	reset	151	106.861	0
2	checked	32	31	reset	152	102.794	0
2	checked	32	31	reset	153	187.373	0
2	checked	32	31	reset	154	108.695	0
2	checked	32	31	reset	155	104.908	0
2	checked	32	31	reset	156	114.035	0
2	checked	32	31	reset	157	3735.349	0
2	checked	32	31	reset	158	113.394	0
2	checked	32	31	reset	159	99.157	0
2	checked	32	31	reset	160	119.956	0
2	checked	32	31	reset	161	93.175	0
2	checked	32	31	reset	162	232.319	0
2	checked	32	31	reset	163	112.733	0
2	checked	32	31	reset	164	185.75	0
2	checked	32	31	reset	165	100.34	0
2	checked	32	31	reset	166	3096.704	0
2	checked	32	31	reset	167	508.559	0
2	checked	32	31	reset	168	116.4	0
2	checked	32	31	reset	169	130.116	0
2	checked	32	31	reset	170	104.858	0
2	checked	32	31	reset	171	117.692	0
2	checked	32	31	reset	172	97.995	0
2	checked	32	31	reset	173	183.606	0
2	checked	32	31	reset	174	755.786	0
2	checked	32	31	reset	175	115.758	0
2	checked	32	31	reset	176	106.902	0
2	checked	32	31	reset	177	132.56	0
2	checked	32	31	reset	178	119.716	0
2	checked	32	31	reset	179	120.929	0
2	checked	32	31	reset	180	133.031	0
2	checked	32	31	reset	181	112.863	0
2	checked	32	31	reset	182	3358.658	0
2	checked	32	31	reset	183	110.228	0
2	checked	32	31	reset	184	113.464	0
2	checked	32	31	reset	185	109.286	0
2	checked	32	31	reset	186	108.134	0
2	checked	32	31	reset	187	101.121	0
2	checked	32	31	reset	188	110.398	0
2	checked	32	31	reset	189	112.923	0
2	checked	32	31	reset	190	106.511	0
2	checked	32	31	reset	191	110.949	0
2	checked	32	31	reset	192	100.319	0
2	checked	32	31	reset	193	106.631	0
2	checked	32	31	reset	194	110.409	0
2	checked	32	31	reset	195	125.116	0
2	checked	32	31	reset	196	333.329	0
2	checked	32	31	reset	197	111.46	0
2	checked	32	31	reset	198	127.26	0
2	checked	32	31	reset	199	135.145	0
2	checked	32	31	reset	200	105.479	0
2	checked	32	31	stall	1	955.303	0
2	checked	32	31	stall	2	1835.112	0
2	checked	32	31	stall	3	3349.58	0
2	checked	32	31	stall	4	2454.101	0
2	checked	32	31	stall	5	952.818	0
2	checked	32	31	stall	6	1653.35	0
2	checked	32	31	stall	7	3091.584	0
2	checked	32	31	stall	8	2966.888	0
2	checked	32	31	stall	9	983.747	0
2	checked	32	31	stall	10	1762.395	0
2	checked	32	31	stall	11	3091.474	0
2	checked	32	31	stall	12	3096.023	0
2	checked	32	31	stall	13	1804.455	0
2	checked	32	31	stall	14	1015.436	0
2	checked	32	31	stall	15	3092.455	0
2	checked	32	31	stall	16	2656.854	0
2	checked	32	31	stall	17	1831.015	0
2	checked	32	31	stall	18	1175.398	0
2	checked	32	31	stall	19	3222.09	0
2	checked	32	31	stall	20	2964.434	0
2	checked	32	31	stall	21	1002.321	0
2	checked	32	31	stall	22	3394.154	0
2	checked	32	31	stall	23	1037.648	0
2	checked	32	31	stall	24	3095.191	0
2	checked	32	31	stall	25	3094.429	0
2	checked	32	31	stall	26	1131.275	0
2	checked	32	31	stall	27	1788.114	0
2	checked	32	31	stall	28	4185.99	0
2	checked	32	31	stall	29	3088.739	0
2	checked	32	31	stall	30	3091.755	0
2	checked	32	31	stall	31	3096.103	0
2	unsafe	32	31	reset	1	0.22	0
2	unsafe	32	31	reset	2	0.14	0
2	unsafe	32	31	reset	3	0.111	0
2	unsafe	32	31	reset	4	0.09	0
2	unsafe	32	31	reset	5	0.09	0
2	unsafe	32	31	reset	6	0.08	0
2	unsafe	32	31	reset	7	0.071	0
2	unsafe	32	31	reset	8	0.08	0
2	unsafe	32	31	reset	9	0.081	0
2	unsafe	32	31	reset	10	0.091	0
2	unsafe	32	31	reset	11	0.08	0
2	unsafe	32	31	reset	12	0.07	0
2	unsafe	32	31	reset	13	0.08	0
2	unsafe	32	31	reset	14	0.09	0
2	unsafe	32	31	reset	15	0.261	0
2	unsafe	32	31	reset	16	0.09	0
2	unsafe	32	31	reset	17	0.07	0
2	unsafe	32	31	reset	18	0.17	0
2	unsafe	32	31	reset	19	0.07	0
2	unsafe	32	31	reset	20	0.151	0
2	unsafe	32	31	reset	21	0.08	0
2	unsafe	32	31	reset	22	0.08	0
2	unsafe	32	31	reset	23	0.08	0
2	unsafe	32	31	reset	24	0.07	0
2	unsafe	32	31	reset	25	0.281	0
2	unsafe	32	31	reset	26	0.13	0
2	unsafe	32	31	reset	27	0.161	0
2	unsafe	32	31	reset	28	0.14	0
2	unsafe	32	31	reset	29	0.261	0
2	unsafe	32	31	reset	30	0.13	0
2	unsafe	32	31	reset	31	0.141	0
2	unsafe	32	31	reset	32	0.131	0
2	unsafe	32	31	reset	33	0.14	0
2	unsafe	32	31	reset	34	0.13	0
2	unsafe	32	31	reset	35	0.13	0
2	unsafe	32	31	reset	36	0.14	0
2	unsafe	32	31	reset	37	0.141	0
2	unsafe	32	31	reset	38	0.13	0
2	unsafe	32	31	reset	39	0.13	0
2	unsafe	32	31	reset	40	0.14	0
2	unsafe	32	31	reset	41	0.13	0
2	unsafe	32	31	reset	42	0.151	0
2	unsafe	32	31	reset	43	0.14	0
2	unsafe	32	31	reset	44	0.13	0
2	unsafe	32	31	reset	45	0.131	0
2	unsafe	32	31	reset	46	0.13	0
2	unsafe	32	31	reset	47	0.131	0
2	unsafe	32	31	reset	48	0.131	0
2	unsafe	32	31	reset	49	0.14	0
2	unsafe	32	31	reset	50	0.14	0
2	unsafe	32	31	reset	51	0.13	0
2	unsafe	32	31	reset	52	0.13	0
2	unsafe	32	31	reset	53	0.13	0
2	unsafe	32	31	reset	54	0.14	0
2	unsafe	32	31	reset	55	0.13	0
2	unsafe	32	31	reset	56	0.13	0
2	unsafe	32	31	reset	57	0.13	0
2	unsafe	32	31	reset	58	0.13	0
2	unsafe	32	31	reset	59	0.13	0
2	unsafe	32	31	reset	60	0.13	0
2	unsafe	32	31	reset	61	0.13	0
2	unsafe	32	31	reset	62	0.13	0
2	unsafe	32	31	reset	63	0.14	0
2	unsafe	32	31	reset	64	0.141	0
2	unsafe	32	31	reset	65	0.131	0
2	unsafe	32	31	reset	66	0.14	0
2	unsafe	32	31	reset	67	0.131	0
2	unsafe	32	31	reset	68	0.13	0
2	unsafe	32	31	reset	69	0.14	0
2	unsafe	32	31	reset	70	0.12	0
2	unsafe	32	31	reset	71	0.13	0
2	unsafe	32	31	reset	72	0.13	0
2	unsafe	32	31	reset	73	0.13	0
2	unsafe	32	31	reset	74	0.131	0
2	unsafe	32	31	reset	75	0.131	0
2	unsafe	32	31	reset	76	0.13	0
2	unsafe	32	31	reset	77	0.14	0
2	unsafe	32	31	reset	78	0.13	0
2	unsafe	32	31	reset	79	0.13	0
2	unsafe	32	31	reset	80	0.13	0
2	unsafe	32	31	reset	81	0.14	0
2	unsafe	32	31	reset	82	0.14	0
2	unsafe	32	31	reset	83	0.131	0
2	unsafe	32	31	reset	84	0.14	0
2	unsafe	32	31	reset	85	0.13	0
2	unsafe	32	31	reset	86	0.18	0
2	unsafe	32	31	reset	87	0.14	0
2	unsafe	32	31	reset	88	0.13	0
2	unsafe	32	31	reset	89	0.14	0
2	unsafe	32	31	reset	90	0.141	0
2	unsafe	32	31	reset	91	0.141	0
2	unsafe	32	31	reset	92	0.141	0
2	unsafe	32	31	reset	93	0.13	0
2	unsafe	32	31	reset	94	0.15	0
2	unsafe	32	31	reset	95	0.13	0
2	unsafe	32	31	reset	96	0.13	0
2	unsafe	32	31	reset	97	0.13	0
2	unsafe	32	31	reset	98	0.13	0
2	unsafe	32	31	reset	99	0.171	0
2	unsafe	32	31	reset	100	0.131	0
2	unsafe	32	31	reset	101	0.131	0
2	unsafe	32	31	reset	102	0.16	0
2	unsafe	32	31	reset	103	0.16	0
2	unsafe	32	31	reset	104	0.13	0
2	unsafe	32	31	reset	105	0.13	0
2	unsafe	32	31	reset	106	0.13	0
2	unsafe	32	31	reset	107	0.13	0
2	unsafe	32	31	reset	108	0.13	0
2	unsafe	32	31	reset	109	0.14	0
2	unsafe	32	31	reset	110	0.14	0
2	unsafe	32	31	reset	111	0.15	0
2	unsafe	32	31	reset	112	0.13	0
2	unsafe	32	31	reset	113	0.211	0
2	unsafe	32	31	reset	114	0.15	0
2	unsafe	32	31	reset	115	0.131	0
2	unsafe	32	31	reset	116	0.13	0
2	unsafe	32	31	reset	117	0.131	0
2	unsafe	32	31	reset	118	0.13	0
2	unsafe	32	31	reset	119	0.14	0
2	unsafe	32	31	reset	120	0.14	0
2	unsafe	32	31	reset	121	0.14	0
2	unsafe	32	31	reset	122	0.13	0
2	unsafe	32	31	reset	123	0.13	0
2	unsafe	32	31	reset	124	0.13	0
2	unsafe	32	31	reset	125	0.13	0
2	unsafe	32	31	reset	126	0.13	0
2	unsafe	32	31	reset	127	0.13	0
2	unsafe	32	31	reset	128	0.13	0
2	unsafe	32	31	reset	129	0.131	0
2	unsafe	32	31	reset	130	0.131	0
2	unsafe	32	31	reset	131	0.13	0
2	unsafe	32	31	reset	132	0.131	0
2	unsafe	32	31	reset	133	0.13	0
2	unsafe	32	31	reset	134	0.13	0
2	unsafe	32	31	reset	135	0.13	0
2	unsafe	32	31	reset	136	0.14	0
2	unsafe	32	31	reset	137	0.13	0
2	unsafe	32	31	reset	138	0.13	0
2	unsafe	32	31	reset	139	0.13	0
2	unsafe	32	31	reset	140	0.13	0
2	unsafe	32	31	reset	141	0.13	0
2	unsafe	32	31	reset	142	0.13	0
2	unsafe	32	31	reset	143	0.13	0
2	unsafe	32	31	reset	144	0.141	0
2	unsafe	32	31	reset	145	0.131	0
2	unsafe	32	31	reset	146	0.13	0
2	unsafe	32	31	reset	147	0.13	0
2	unsafe	32	31	reset	148	0.13	0
2	unsafe	32	31	reset	149	0.13	0
2	unsafe	32	31	reset	150	0.14	0
2	unsafe	32	31	reset	151	0.13	0
2	unsafe	32	31	reset	152	0.13	0
2	unsafe	32	31	reset	153	0.13	0
2	unsafe	32	31	reset	154	0.13	0
2	unsafe	32	31	reset	155	0.13	0
2	unsafe	32	31	reset	156	0.14	0
2	unsafe	32	31	reset	157	0.13	0
2	unsafe	32	31	reset	158	0.141	0
2	unsafe	32	31	reset	159	0.13	0
2	unsafe	32	31	reset	160	0.13	0
2	unsafe	32	31	reset	161	0.13	0
2	unsafe	32	31	reset	162	0.131	0
2	unsafe	32	31	reset	163	0.13	0
2	unsafe	32	31	reset	164	0.14	0
2	unsafe	32	31	reset	165	0.13	0
2	unsafe	32	31	reset	166	0.13	0
2	unsafe	32	31	reset	167	0.141	0
2	unsafe	32	31	reset	168	0.14	0
2	unsafe	32	31	reset	169	0.13	0
2	unsafe	32	31	reset	170	0.141	0
2	unsafe	32	31	reset	171	0.13	0
2	unsafe	32	31	reset	172	0.14	0
2	unsafe	32	31	reset	173	0.13	0
2	unsafe	32	31	reset	174	0.13	0
2	unsafe	32	31	reset	175	0.13	0
2	unsafe	32	31	reset	176	0.131	0
2	unsafe	32	31	reset	177	0.131	0
2	unsafe	32	31	reset	178	0.13	0
2	unsafe	32	31	reset	179	0.131	0
2	unsafe	32	31	reset	180	0.13	0
2	unsafe	32	31	reset	181	0.13	0
2	unsafe	32	31	reset	182	0.14	0
2	unsafe	32	31	reset	183	0.12	0
2	unsafe	32	31	reset	184	0.141	0
2	unsafe	32	31	reset	185	0.13	0
2	unsafe	32	31	reset	186	0.13	0
2	unsafe	32	31	reset	187	0.14	0
2	unsafe	32	31	reset	188	0.13	0
2	unsafe	32	31	reset	189	0.13	0
2	unsafe	32	31	reset	190	0.141	0
2	unsafe	32	31	reset	191	0.131	0
2	unsafe	32	31	reset	192	0.13	0
2	unsafe	32	31	reset	193	0.14	0
2	unsafe	32	31	reset	194	0.141	0
2	unsafe	32	31	reset	195	0.14	0
2	unsafe	32	31	reset	196	0.13	0
2	unsafe	32	31	reset	197	0.13	0
2	unsafe	32	31	reset	198	0.14	0
2	unsafe	32	31	reset	199	0.13	0
2	unsafe	32	31	reset	200	0.13	0
2	unsafe	32	31	stall	1	0.0	0
2	unsafe	32	31	stall	2	0.0	0
2	unsafe	32	31	stall	3	3013.537	0
2	unsafe	32	31	stall	4	0.0	0
2	unsafe	32	31	stall	5	0.0	0
2	unsafe	32	31	stall	6	0.0	0
2	unsafe	32	31	stall	7	381.67	0
2	unsafe	32	31	stall	8	0.0	0
2	unsafe	32	31	stall	9	0.0	0
2	unsafe	32	31	stall	10	0.0	0
2	unsafe	32	31	stall	11	0.0	0
2	unsafe	32	31	stall	12	0.0	0
2	unsafe	32	31	stall	13	0.0	0
2	unsafe	32	31	stall	14	1068.026	0
2	unsafe	32	31	stall	15	0.0	0
2	unsafe	32	31	stall	16	0.0	0
2	unsafe	32	31	stall	17	0.0	0
2	unsafe	32	31	stall	18	3002.676	0
2	unsafe	32	31	stall	19	0.0	0
2	unsafe	32	31	stall	20	0.0	0
2	unsafe	32	31	stall	21	3003.557	0
2	unsafe	32	31	stall	22	0.0	0
2	unsafe	32	31	stall	23	3081.054	0
2	unsafe	32	31	stall	24	0.0	0
2	unsafe	32	31	stall	25	0.0	0
2	unsafe	32	31	stall	26	94.839	0
2	unsafe	32	31	stall	27	3003.648	0
2	unsafe	32	31	stall	28	0.0	0
2	unsafe	32	31	stall	29	3004.35	0
2	unsafe	32	31	stall	30	0.0	0
2	unsafe	32	31	stall	31	340.763	0
3	checked	1	0	reset	1	36.93	0
3	checked	1	0	reset	2	31.209	0
3	checked	1	0	reset	3	27.652	0
3	checked	1	0	reset	4	28.194	0
3	checked	1	0	reset	5	26.841	0
3	checked	1	0	reset	6	29.626	0
3	checked	1	0	reset	7	27.251	0
3	checked	1	0	reset	8	27.131	0
3	checked	1	0	reset	9	26.911	0
3	checked	1	0	reset	10	26.761	0
3	checked	1	0	reset	11	26.921	0
3	checked	1	0	reset	12	27.251	0
3	checked	1	0	reset	13	27.181	0
3	checked	1	0	reset	14	26.931	0
3	checked	1	0	reset	15	28.644	0
3	checked	1	0	reset	16	26.721	0
3	checked	1	0	reset	17	28.063	0
3	checked	1	0	reset	18	27.342	0
3	checked	1	0	reset	19	26.69	0
3	checked	1	0	reset	20	28.284	0
3	checked	1	0	reset	21	27.382	0
3	checked	1	0	reset	22	26.961	0
3	checked	1	0	reset	23	27.171	0
3	checked	1	0	reset	24	27.322	0
3	checked	1	0	reset	25	28.103	0
3	checked	1	0	reset	26	27.792	0
3	checked	1	0	reset	27	27.923	0
3	checked	1	0	reset	28	26.661	0
3	checked	1	0	reset	29	26.72	0
3	checked	1	0	reset	30	26.62	0
3	checked	1	0	reset	31	26.6	0
3	checked	1	0	reset	32	26.54	0
3	checked	1	0	reset	33	26.64	0
3	checked	1	0	reset	34	27.061	0
3	checked	1	0	reset	35	26.64	0
3	checked	1	0	reset	36	26.911	0
3	checked	1	0	reset	37	27.131	0
3	checked	1	0	reset	38	27.102	0
3	checked	1	0	reset	39	26.851	0
3	checked	1	0	reset	40	26.71	0
3	checked	1	0	reset	41	26.7	0
3	checked	1	0	reset	42	28.464	0
3	checked	1	0	reset	43	26.801	0
3	checked	1	0	reset	44	26.7	0
3	checked	1	0	reset	45	26.761	0
3	checked	1	0	reset	46	26.69	0
3	checked	1	0	reset	47	26.931	0
3	checked	1	0	reset	48	26.87	0
3	checked	1	0	reset	49	26.83	0
3	checked	1	0	reset	50	26.86	0
3	checked	1	0	reset	51	26.9	0
3	checked	1	0	reset	52	26.61	0
3	checked	1	0	reset	53	26.581	0
3	checked	1	0	reset	54	26.57	0
3	checked	1	0	reset	55	26.72	0
3	checked	1	0	reset	56	26.791	0
3	checked	1	0	reset	57	27.041	0
3	checked	1	0	reset	58	26.81	0
3	checked	1	0	reset	59	27.171	0
3	checked	1	0	reset	60	26.66	0
3	checked	1	0	reset	61	26.66	0
3	checked	1	0	reset	62	26.651	0
3	checked	1	0	reset	63	26.781	0
3	checked	1	0	reset	64	26.68	0
3	checked	1	0	reset	65	26.731	0
3	checked	1	0	reset	66	26.55	0
3	checked	1	0	reset	67	26.9	0
3	checked	1	0	reset	68	26.57	0
3	checked	1	0	reset	69	26.931	0
3	checked	1	0	reset	70	26.78	0
3	checked	1	0	reset	71	26.62	0
3	checked	1	0	reset	72	26.881	0
3	checked	1	0	reset	73	26.721	0
3	checked	1	0	reset	74	26.75	0
3	checked	1	0	reset	75	26.811	0
3	checked	1	0	reset	76	26.981	0
3	checked	1	0	reset	77	26.51	0
3	checked	1	0	reset	78	26.951	0
3	checked	1	0	reset	79	26.78	0
3	checked	1	0	reset	80	27.171	0
3	checked	1	0	reset	81	27.201	0
3	checked	1	0	reset	82	26.69	0
3	checked	1	0	reset	83	26.65	0
3	checked	1	0	reset	84	26.61	0
3	checked	1	0	reset	85	26.831	0
3	checked	1	0	reset	86	26.67	0
3	checked	1	0	reset	87	26.79	0
3	checked	1	0	reset	88	26.951	0
3	checked	1	0	reset	89	28.885	0
3	checked	1	0	reset	90	26.66	0
3	checked	1	0	reset	91	27.061	0
3	checked	1	0	reset	92	28.123	0
3	checked	1	0	reset	93	28.013	0
3	checked	1	0	reset	94	28.183	0
3	checked	1	0	reset	95	27.041	0
3	checked	1	0	reset	96	27.242	0
3	checked	1	0	reset	97	27.081	0
3	checked	1	0	reset	98	29.285	0
3	checked	1	0	reset	99	27.311	0
3	checked	1	0	reset	100	27.522	0
3	checked	1	0	reset	101	27.392	0
3	checked	1	0	reset	102	27.512	0
3	checked	1	0	reset	103	26.74	0
3	checked	1	0	reset	104	26.61	0
3	checked	1	0	reset	105	26.911	0
3	checked	1	0	reset	106	26.711	0
3	checked	1	0	reset	107	26.73	0
3	checked	1	0	reset	108	26.63	0
3	checked	1	0	reset	109	26.771	0
3	checked	1	0	reset	110	26.771	0
3	checked	1	0	reset	111	26.74	0
3	checked	1	0	reset	112	27.692	0
3	checked	1	0	reset	113	27.643	0
3	checked	1	0	reset	114	27.261	0
3	checked	1	0	reset	115	27.312	0
3	checked	1	0	reset	116	27.682	0
3	checked	1	0	reset	117	28.203	0
3	checked	1	0	reset	118	27.842	0
3	checked	1	0	reset	119	27.412	0
3	checked	1	0	reset	120	27.112	0
3	checked	1	0	reset	121	28.614	0
3	checked	1	0	reset	122	27.251	0
3	checked	1	0	reset	123	27.222	0
3	checked	1	0	reset	124	26.741	0
3	checked	1	0	reset	125	26.811	0
3	checked	1	0	reset	126	26.51	0
3	checked	1	0	reset	127	28.965	0
3	checked	1	0	reset	128	26.61	0
3	checked	1	0	reset	129	26.51	0
3	checked	1	0	reset	130	26.701	0
3	checked	1	0	reset	131	26.5	0
3	checked	1	0	reset	132	26.7	0
3	checked	1	0	reset	133	27.772	0
3	checked	1	0	reset	134	26.87	0
3	checked	1	0	reset	135	26.74	0
3	checked	1	0	reset	136	29.385	0
3	checked	1	0	reset	137	26.64	0
3	checked	1	0	reset	138	26.66	0
3	checked	1	0	reset	139	26.751	0
3	checked	1	0	reset	140	26.771	0
3	checked	1	0	reset	141	26.771	0
3	checked	1	0	reset	142	26.741	0
3	checked	1	0	reset	143	26.781	0
3	checked	1	0	reset	144	26.62	0
3	checked	1	0	reset	145	29.446	0
3	checked	1	0	reset	146	26.841	0
3	checked	1	0	reset	147	26.62	0
3	checked	1	0	reset	148	26.751	0
3	checked	1	0	reset	149	26.981	0
3	checked	1	0	reset	150	26.841	0
3	checked	1	0	reset	151	26.75	0
3	checked	1	0	reset	152	26.85	0
3	checked	1	0	reset	153	26.71	0
3	checked	1	0	reset	154	28.725	0
3	checked	1	0	reset	155	26.91	0
3	checked	1	0	reset	156	26.771	0
3	checked	1	0	reset	157	26.71	0
3	checked	1	0	reset	158	26.59	0
3	checked	1	0	reset	159	26.65	0
3	checked	1	0	reset	160	26.57	0
3	checked	1	0	reset	161	28.083	0
3	checked	1	0	reset	162	26.58	0
3	checked	1	0	reset	163	26.71	0
3	checked	1	0	reset	164	26.57	0
3	checked	1	0	reset	165	26.57	0
3	checked	1	0	reset	166	26.981	0
3	checked	1	0	reset	167	26.63	0
3	checked	1	0	reset	168	26.71	0
3	checked	1	0	reset	169	26.661	0
3	checked	1	0	reset	170	26.791	0
3	checked	1	0	reset	171	26.74	0
3	checked	1	0	reset	172	26.701	0
3	checked	1	0	reset	173	26.86	0
3	checked	1	0	reset	174	28.765	0
3	checked	1	0	reset	175	26.75	0
3	checked	1	0	reset	176	26.52	0
3	checked	1	0	reset	177	26.891	0
3	checked	1	0	reset	178	26.991	0
3	checked	1	0	reset	179	26.741	0
3	checked	1	0	reset	180	26.771	0
3	checked	1	0	reset	181	26.991	0
3	checked	1	0	reset	182	26.63	0
3	checked	1	0	reset	183	27.582	0
3	checked	1	0	reset	184	26.71	0
3	checked	1	0	reset	185	26.76	0
3	checked	1	0	reset	186	26.691	0
3	checked	1	0	reset	187	26.56	0
3	checked	1	0	reset	188	26.49	0
3	checked	1	0	reset	189	26.38	0
3	checked	1	0	reset	190	26.53	0
3	checked	1	0	reset	191	26.389	0
3	checked	1	0	reset	192	26.991	0
3	checked	1	0	reset	193	26.55	0
3	checked	1	0	reset	194	26.591	0
3	checked	1	0	reset	195	26.63	0
3	checked	1	0	reset	196	26.55	0
3	checked	1	0	reset	197	26.6	0
3	checked	1	0	reset	198	26.58	0
3	checked	1	0	reset	199	26.63	0
3	checked	1	0	reset	200	26.48	0
3	unsafe	1	0	reset	1	0.151	0
3	unsafe	1	0	reset	2	0.08	0
3	unsafe	1	0	reset	3	0.08	0
3	unsafe	1	0	reset	4	0.08	0
3	unsafe	1	0	reset	5	0.08	0
3	unsafe	1	0	reset	6	0.08	0
3	unsafe	1	0	reset	7	0.08	0
3	unsafe	1	0	reset	8	0.07	0
3	unsafe	1	0	reset	9	0.081	0
3	unsafe	1	0	reset	10	0.08	0
3	unsafe	1	0	reset	11	0.08	0
3	unsafe	1	0	reset	12	0.081	0
3	unsafe	1	0	reset	13	0.08	0
3	unsafe	1	0	reset	14	0.08	0
3	unsafe	1	0	reset	15	0.07	0
3	unsafe	1	0	reset	16	0.08	0
3	unsafe	1	0	reset	17	0.08	0
3	unsafe	1	0	reset	18	0.08	0
3	unsafe	1	0	reset	19	0.08	0
3	unsafe	1	0	reset	20	0.08	0
3	unsafe	1	0	reset	21	0.08	0
3	unsafe	1	0	reset	22	0.09	0
3	unsafe	1	0	reset	23	0.081	0
3	unsafe	1	0	reset	24	0.07	0
3	unsafe	1	0	reset	25	0.09	0
3	unsafe	1	0	reset	26	0.08	0
3	unsafe	1	0	reset	27	0.08	0
3	unsafe	1	0	reset	28	0.07	0
3	unsafe	1	0	reset	29	0.08	0
3	unsafe	1	0	reset	30	0.08	0
3	unsafe	1	0	reset	31	0.08	0
3	unsafe	1	0	reset	32	0.08	0
3	unsafe	1	0	reset	33	0.08	0
3	unsafe	1	0	reset	34	0.07	0
3	unsafe	1	0	reset	35	0.08	0
3	unsafe	1	0	reset	36	0.08	0
3	unsafe	1	0	reset	37	0.07	0
3	unsafe	1	0	reset	38	0.08	0
3	unsafe	1	0	reset	39	0.08	0
3	unsafe	1	0	reset	40	0.071	0
3	unsafe	1	0	reset	41	0.08	0
3	unsafe	1	0	reset	42	0.08	0
3	unsafe	1	0	reset	43	0.08	0
3	unsafe	1	0	reset	44	0.09	0
3	unsafe	1	0	reset	45	0.09	0
3	unsafe	1	0	reset	46	0.08	0
3	unsafe	1	0	reset	47	0.081	0
3	unsafe	1	0	reset	48	0.07	0
3	unsafe	1	0	reset	49	0.08	0
3	unsafe	1	0	reset	50	0.08	0
3	unsafe	1	0	reset	51	0.08	0
3	unsafe	1	0	reset	52	0.08	0
3	unsafe	1	0	reset	53	0.08	0
3	unsafe	1	0	reset	54	0.09	0
3	unsafe	1	0	reset	55	0.09	0
3	unsafe	1	0	reset	56	0.08	0
3	unsafe	1	0	reset	57	0.071	0
3	unsafe	1	0	reset	58	0.09	0
3	unsafe	1	0	reset	59	0.081	0
3	unsafe	1	0	reset	60	0.08	0
3	unsafe	1	0	reset	61	0.08	0
3	unsafe	1	0	reset	62	0.08	0
3	unsafe	1	0	reset	63	0.08	0
3	unsafe	1	0	reset	64	0.08	0
3	unsafe	1	0	reset	65	0.08	0
3	unsafe	1	0	reset	66	0.08	0
3	unsafe	1	0	reset	67	0.081	0
3	unsafe	1	0	reset	68	0.081	0
3	unsafe	1	0	reset	69	0.071	0
3	unsafe	1	0	reset	70	0.08	0
3	unsafe	1	0	reset	71	0.08	0
3	unsafe	1	0	reset	72	0.08	0
3	unsafe	1	0	reset	73	0.08	0
3	unsafe	1	0	reset	74	0.07	0
3	unsafe	1	0	reset	75	0.08	0
3	unsafe	1	0	reset	76	0.08	0
3	unsafe	1	0	reset	77	0.07	0
3	unsafe	1	0	reset	78	0.08	0
3	unsafe	1	0	reset	79	0.08	0
3	unsafe	1	0	reset	80	0.111	0
3	unsafe	1	0	reset	81	0.08	0
3	unsafe	1	0	reset	82	0.08	0
3	unsafe	1	0	reset	83	0.07	0
3	unsafe	1	0	reset	84	0.08	0
3	unsafe	1	0	reset	85	0.08	0
3	unsafe	1	0	reset	86	0.07	0
3	unsafe	1	0	reset	87	0.081	0
3	unsafe	1	0	reset	88	0.08	0
3	unsafe	1	0	reset	89	0.08	0
3	unsafe	1	0	reset	90	0.081	0
3	unsafe	1	0	reset	91	0.07	0
3	unsafe	1	0	reset	92	0.07	0
3	unsafe	1	0	reset	93	0.09	0
3	unsafe	1	0	reset	94	0.08	0
3	unsafe	1	0	reset	95	0.08	0
3	unsafe	1	0	reset	96	0.08	0
3	unsafe	1	0	reset	97	0.08	0
3	unsafe	1	0	reset	98	0.07	0
3	unsafe	1	0	reset	99	0.08	0
3	unsafe	1	0	reset	100	0.08	0
3	unsafe	1	0	reset	101	0.081	0
3	unsafe	1	0	reset	102	0.131	0
3	unsafe	1	0	reset	103	0.07	0
3	unsafe	1	0	reset	104	0.07	0
3	unsafe	1	0	reset	105	0.08	0
3	unsafe	1	0	reset	106	0.08	0
3	unsafe	1	0	reset	107	0.081	0
3	unsafe	1	0	reset	108	0.08	0
3	unsafe	1	0	reset	109	0.081	0
3	unsafe	1	0	reset	110	0.081	0
3	unsafe	1	0	reset	111	0.08	0
3	unsafe	1	0	reset	112	0.081	0
3	unsafe	1	0	reset	113	0.08	0
3	unsafe	1	0	reset	114	0.07	0
3	unsafe	1	0	reset	115	0.09	0
3	unsafe	1	0	reset	116	0.081	0
3	unsafe	1	0	reset	117	0.08	0
3	unsafe	1	0	reset	118	0.08	0
3	unsafe	1	0	reset	119	0.08	0
3	unsafe	1	0	reset	120	0.08	0
3	unsafe	1	0	reset	121	0.07	0
3	unsafe	1	0	reset	122	0.08	0
3	unsafe	1	0	reset	123	0.08	0
3	unsafe	1	0	reset	124	0.08	0
3	unsafe	1	0	reset	125	0.08	0
3	unsafe	1	0	reset	126	0.07	0
3	unsafe	1	0	reset	127	0.081	0
3	unsafe	1	0	reset	128	0.08	0
3	unsafe	1	0	reset	129	0.08	0
3	unsafe	1	0	reset	130	0.08	0
3	unsafe	1	0	reset	131	0.08	0
3	unsafe	1	0	reset	132	0.08	0
3	unsafe	1	0	reset	133	0.08	0
3	unsafe	1	0	reset	134	0.081	0
3	unsafe	1	0	reset	135	0.08	0
3	unsafe	1	0	reset	136	0.08	0
3	unsafe	1	0	reset	137	0.081	0
3	unsafe	1	0	reset	138	0.08	0
3	unsafe	1	0	reset	139	0.081	0
3	unsafe	1	0	reset	140	0.07	0
3	unsafe	1	0	reset	141	0.08	0
3	unsafe	1	0	reset	142	0.08	0
3	unsafe	1	0	reset	143	0.08	0
3	unsafe	1	0	reset	144	0.09	0
3	unsafe	1	0	reset	145	0.081	0
3	unsafe	1	0	reset	146	0.081	0
3	unsafe	1	0	reset	147	0.08	0
3	unsafe	1	0	reset	148	0.08	0
3	unsafe	1	0	reset	149	0.09	0
3	unsafe	1	0	reset	150	0.08	0
3	unsafe	1	0	reset	151	0.09	0
3	unsafe	1	0	reset	152	0.071	0
3	unsafe	1	0	reset	153	0.07	0
3	unsafe	1	0	reset	154	0.08	0
3	unsafe	1	0	reset	155	0.081	0
3	unsafe	1	0	reset	156	0.08	0
3	unsafe	1	0	reset	157	0.08	0
3	unsafe	1	0	reset	158	0.08	0
3	unsafe	1	0	reset	159	0.081	0
3	unsafe	1	0	reset	160	0.08	0
3	unsafe	1	0	reset	161	0.08	0
3	unsafe	1	0	reset	162	0.08	0
3	unsafe	1	0	reset	163	0.08	0
3	unsafe	1	0	reset	164	0.08	0
3	unsafe	1	0	reset	165	0.07	0
3	unsafe	1	0	reset	166	0.08	0
3	unsafe	1	0	reset	167	0.07	0
3	unsafe	1	0	reset	168	0.07	0
3	unsafe	1	0	reset	169	0.08	0
3	unsafe	1	0	reset	170	0.08	0
3	unsafe	1	0	reset	171	0.08	0
3	unsafe	1	0	reset	172	0.08	0
3	unsafe	1	0	reset	173	0.091	0
3	unsafe	1	0	reset	174	0.08	0
3	unsafe	1	0	reset	175	0.08	0
3	unsafe	1	0	reset	176	0.09	0
3	unsafe	1	0	reset	177	0.09	0
3	unsafe	1	0	reset	178	0.08	0
3	unsafe	1	0	reset	179	0.08	0
3	unsafe	1	0	reset	180	0.08	0
3	unsafe	1	0	reset	181	0.08	0
3	unsafe	1	0	reset	182	0.08	0
3	unsafe	1	0	reset	183	0.08	0
3	unsafe	1	0	reset	184	0.08	0
3	unsafe	1	0	reset	185	0.08	0
3	unsafe	1	0	reset	186	0.08	0
3	unsafe	1	0	reset	187	0.08	0
3	unsafe	1	0	reset	188	0.08	0
3	unsafe	1	0	reset	189	0.08	0
3	unsafe	1	0	reset	190	0.08	0
3	unsafe	1	0	reset	191	0.08	0
3	unsafe	1	0	reset	192	0.08	0
3	unsafe	1	0	reset	193	0.08	0
3	unsafe	1	0	reset	194	0.08	0
3	unsafe	1	0	reset	195	0.07	0
3	unsafe	1	0	reset	196	0.081	0
3	unsafe	1	0	reset	197	0.09	0
3	unsafe	1	0	reset	198	0.07	0
3	unsafe	1	0	reset	199	0.07	0
3	unsafe	1	0	reset	200	0.08	0
3	checked	4	3	reset	1	1163.165	0
3	checked	4	3	reset	2	139.994	0
3	checked	4	3	reset	3	62.278	0
3	checked	4	3	reset	4	36.98	0
3	checked	4	3	reset	5	34.355	0
3	checked	4	3	reset	6	32.792	0
3	checked	4	3	reset	7	33.102	0
3	checked	4	3	reset	8	32.602	0
3	checked	4	3	reset	9	34.585	0
3	checked	4	3	reset	10	33.533	0
3	checked	4	3	reset	11	33.102	0
3	checked	4	3	reset	12	35.898	0
3	checked	4	3	reset	13	32.721	0
3	checked	4	3	reset	14	35.587	0
3	checked	4	3	reset	15	32.651	0
3	checked	4	3	reset	16	33.473	0
3	checked	4	3	reset	17	31.81	0
3	checked	4	3	reset	18	30.968	0
3	checked	4	3	reset	19	30.849	0
3	checked	4	3	reset	20	31.68	0
3	checked	4	3	reset	21	30.628	0
3	checked	4	3	reset	22	31.86	0
3	checked	4	3	reset	23	65.774	0
3	checked	4	3	reset	24	62.138	0
3	checked	4	3	reset	25	41.378	0
3	checked	4	3	reset	26	39.515	0
3	checked	4	3	reset	27	39.916	0
3	checked	4	3	reset	28	42.119	0
3	checked	4	3	reset	29	39.394	0
3	checked	4	3	reset	30	38.974	0
3	checked	4	3	reset	31	38.563	0
3	checked	4	3	reset	32	39.255	0
3	checked	4	3	reset	33	39.404	0
3	checked	4	3	reset	34	38.333	0
3	checked	4	3	reset	35	39.224	0
3	checked	4	3	reset	36	39.614	0
3	checked	4	3	reset	37	49.434	0
3	checked	4	3	reset	38	40.175	0
3	checked	4	3	reset	39	41.308	0
3	checked	4	3	reset	40	42.06	0
3	checked	4	3	reset	41	39.775	0
3	checked	4	3	reset	42	40.126	0
3	checked	4	3	reset	43	37.691	0
3	checked	4	3	reset	44	40.035	0
3	checked	4	3	reset	45	39.304	0
3	checked	4	3	reset	46	39.635	0
3	checked	4	3	reset	47	39.385	0
3	checked	4	3	reset	48	40.036	0
3	checked	4	3	reset	49	38.022	0
3	checked	4	3	reset	50	40.216	0
3	checked	4	3	reset	51	38.843	0
3	checked	4	3	reset	52	39.835	0
3	checked	4	3	reset	53	40.817	0
3	checked	4	3	reset	54	40.185	0
3	checked	4	3	reset	55	39.955	0
3	checked	4	3	reset	56	40.066	0
3	checked	4	3	reset	57	39.204	0
3	checked	4	3	reset	58	37.561	0
3	checked	4	3	reset	59	39.645	0
3	checked	4	3	reset	60	41.298	0
3	checked	4	3	reset	61	39.534	0
3	checked	4	3	reset	62	39.875	0
3	checked	4	3	reset	63	40.015	0
3	checked	4	3	reset	64	39.995	0
3	checked	4	3	reset	65	38.472	0
3	checked	4	3	reset	66	39.284	0
3	checked	4	3	reset	67	37.862	0
3	checked	4	3	reset	68	44.224	0
3	checked	4	3	reset	69	35.387	0
3	checked	4	3	reset	70	35.567	0
3	checked	4	3	reset	71	34.385	0
3	checked	4	3	reset	72	36.999	0
3	checked	4	3	reset	73	35.106	0
3	checked	4	3	reset	74	36.84	0
3	checked	4	3	reset	75	35.627	0
3	checked	4	3	reset	76	34.364	0
3	checked	4	3	reset	77	33.974	0
3	checked	4	3	reset	78	34.766	0
3	checked	4	3	reset	79	35.126	0
3	checked	4	3	reset	80	33.954	0
3	checked	4	3	reset	81	34.876	0
3	checked	4	3	reset	82	34.725	0
3	checked	4	3	reset	83	34.715	0
3	checked	4	3	reset	84	34.726	0
3	checked	4	3	reset	85	34.686	0
3	checked	4	3	reset	86	34.465	0
3	checked	4	3	reset	87	33.663	0
3	checked	4	3	reset	88	35.106	0
3	checked	4	3	reset	89	34.675	0
3	checked	4	3	reset	90	34.555	0
3	checked	4	3	reset	91	33.724	0
3	checked	4	3	reset	92	35.477	0
3	checked	4	3	reset	93	33.654	0
3	checked	4	3	reset	94	36.148	0
3	checked	4	3	reset	95	34.295	0
3	checked	4	3	reset	96	36.209	0
3	checked	4	3	reset	97	34.215	0
3	checked	4	3	reset	98	34.735	0
3	checked	4	3	reset	99	34.064	0
3	checked	4	3	reset	100	35.667	0
3	checked	4	3	reset	101	35.026	0
3	checked	4	3	reset	102	34.605	0
3	checked	4	3	reset	103	34.245	0
3	checked	4	3	reset	104	34.465	0
3	checked	4	3	reset	105	35.628	0
3	checked	4	3	reset	106	34.695	0
3	checked	4	3	reset	107	36.739	0
3	checked	4	3	reset	108	34.906	0
3	checked	4	3	reset	109	36.098	0
3	checked	4	3	reset	110	34.826	0
3	checked	4	3	reset	111	34.054	0
3	checked	4	3	reset	112	35.987	0
3	checked	4	3	reset	113	35.197	0
3	checked	4	3	reset	114	34.786	0
3	checked	4	3	reset	115	34.956	0
3	checked	4	3	reset	116	34.435	0
3	checked	4	3	reset	117	34.455	0
3	checked	4	3	reset	118	36.469	0
3	checked	4	3	reset	119	34.796	0
3	checked	4	3	reset	120	40.527	0
3	checked	4	3	reset	121	34.736	0
3	checked	4	3	reset	122	35.537	0
3	checked	4	3	reset	123	36.138	0
3	checked	4	3	reset	124	42.861	0
3	checked	4	3	reset	125	34.204	0
3	checked	4	3	reset	126	35.106	0
3	checked	4	3	reset	127	33.604	0
3	checked	4	3	reset	128	33.423	0
3	checked	4	3	reset	129	33.182	0
3	checked	4	3	reset	130	34.576	0
3	checked	4	3	reset	131	33.734	0
3	checked	4	3	reset	132	34.235	0
3	checked	4	3	reset	133	33.854	0
3	checked	4	3	reset	134	34.385	0
3	checked	4	3	reset	135	33.614	0
3	checked	4	3	reset	136	34.475	0
3	checked	4	3	reset	137	34.425	0
3	checked	4	3	reset	138	35.717	0
3	checked	4	3	reset	139	34.946	0
3	checked	4	3	reset	140	34.916	0
3	checked	4	3	reset	141	33.644	0
3	checked	4	3	reset	142	34.866	0
3	checked	4	3	reset	143	35.367	0
3	checked	4	3	reset	144	33.754	0
3	checked	4	3	reset	145	34.255	0
3	checked	4	3	reset	146	34.735	0
3	checked	4	3	reset	147	34.385	0
3	checked	4	3	reset	148	34.485	0
3	checked	4	3	reset	149	34.135	0
3	checked	4	3	reset	150	33.744	0
3	checked	4	3	reset	151	33.854	0
3	checked	4	3	reset	152	35.818	0
3	checked	4	3	reset	153	34.184	0
3	checked	4	3	reset	154	34.936	0
3	checked	4	3	reset	155	33.513	0
3	checked	4	3	reset	156	35.727	0
3	checked	4	3	reset	157	33.523	0
3	checked	4	3	reset	158	34.866	0
3	checked	4	3	reset	159	34.896	0
3	checked	4	3	reset	160	35.267	0
3	checked	4	3	reset	161	33.353	0
3	checked	4	3	reset	162	35.747	0
3	checked	4	3	reset	163	33.814	0
3	checked	4	3	reset	164	36.439	0
3	checked	4	3	reset	165	35.086	0
3	checked	4	3	reset	166	52.199	0
3	checked	4	3	reset	167	35.146	0
3	checked	4	3	reset	168	34.094	0
3	checked	4	3	reset	169	34.425	0
3	checked	4	3	reset	170	34.736	0
3	checked	4	3	reset	171	35.016	0
3	checked	4	3	reset	172	34.094	0
3	checked	4	3	reset	173	34.305	0
3	checked	4	3	reset	174	34.926	0
3	checked	4	3	reset	175	41.919	0
3	checked	4	3	reset	176	52.489	0
3	checked	4	3	reset	177	52.138	0
3	checked	4	3	reset	178	34.765	0
3	checked	4	3	reset	179	34.946	0
3	checked	4	3	reset	180	34.656	0
3	checked	4	3	reset	181	34.816	0
3	checked	4	3	reset	182	35.497	0
3	checked	4	3	reset	183	33.934	0
3	checked	4	3	reset	184	35.767	0
3	checked	4	3	reset	185	34.184	0
3	checked	4	3	reset	186	36.058	0
3	checked	4	3	reset	187	34.194	0
3	checked	4	3	reset	188	34.996	0
3	checked	4	3	reset	189	35.707	0
3	checked	4	3	reset	190	35.317	0
3	checked	4	3	reset	191	33.744	0
3	checked	4	3	reset	192	34.054	0
3	checked	4	3	reset	193	35.336	0
3	checked	4	3	reset	194	35.446	0
3	checked	4	3	reset	195	34.836	0
3	checked	4	3	reset	196	35.617	0
3	checked	4	3	reset	197	34.776	0
3	checked	4	3	reset	198	33.924	0
3	checked	4	3	reset	199	33.975	0
3	checked	4	3	reset	200	34.896	0
3	checked	4	3	stall	1	63.31	0
3	checked	4	3	stall	2	71.966	0
3	checked	4	3	stall	3	67.808	0
3	unsafe	4	3	reset	1	0.17	0
3	unsafe	4	3	reset	2	0.09	0
3	unsafe	4	3	reset	3	0.08	0
3	unsafe	4	3	reset	4	0.101	0
3	unsafe	4	3	reset	5	0.071	0
3	unsafe	4	3	reset	6	0.191	0
3	unsafe	4	3	reset	7	0.07	0
3	unsafe	4	3	reset	8	0.08	0
3	unsafe	4	3	reset	9	0.071	0
3	unsafe	4	3	reset	10	0.08	0
3	unsafe	4	3	reset	11	0.071	0
3	unsafe	4	3	reset	12	0.09	0
3	unsafe	4	3	reset	13	0.221	0
3	unsafe	4	3	reset	14	0.31	0
3	unsafe	4	3	reset	15	0.321	0
3	unsafe	4	3	reset	16	0.06	0
3	unsafe	4	3	reset	17	0.08	0
3	unsafe	4	3	reset	18	0.161	0
3	unsafe	4	3	reset	19	0.07	0
3	unsafe	4	3	reset	20	0.08	0
3	unsafe	4	3	reset	21	0.17	0
3	unsafe	4	3	reset	22	0.551	0
3	unsafe	4	3	reset	23	0.07	0
3	unsafe	4	3	reset	24	0.07	0
3	unsafe	4	3	reset	25	0.07	0
3	unsafe	4	3	reset	26	0.07	0
3	unsafe	4	3	reset	27	0.08	0
3	unsafe	4	3	reset	28	0.07	0
3	unsafe	4	3	reset	29	0.08	0
3	unsafe	4	3	reset	30	0.081	0
3	unsafe	4	3	reset	31	0.08	0
3	unsafe	4	3	reset	32	0.07	0
3	unsafe	4	3	reset	33	0.07	0
3	unsafe	4	3	reset	34	0.08	0
3	unsafe	4	3	reset	35	0.07	0
3	unsafe	4	3	reset	36	0.07	0
3	unsafe	4	3	reset	37	0.07	0
3	unsafe	4	3	reset	38	0.08	0
3	unsafe	4	3	reset	39	0.071	0
3	unsafe	4	3	reset	40	0.09	0
3	unsafe	4	3	reset	41	0.08	0
3	unsafe	4	3	reset	42	0.06	0
3	unsafe	4	3	reset	43	0.07	0
3	unsafe	4	3	reset	44	0.081	0
3	unsafe	4	3	reset	45	0.08	0
3	unsafe	4	3	reset	46	0.08	0
3	unsafe	4	3	reset	47	0.07	0
3	unsafe	4	3	reset	48	0.09	0
3	unsafe	4	3	reset	49	0.08	0
3	unsafe	4	3	reset	50	0.08	0
3	unsafe	4	3	reset	51	0.07	0
3	unsafe	4	3	reset	52	0.07	0
3	unsafe	4	3	reset	53	0.101	0
3	unsafe	4	3	reset	54	0.08	0
3	unsafe	4	3	reset	55	0.08	0
3	unsafe	4	3	reset	56	0.07	0
3	unsafe	4	3	reset	57	0.07	0
3	unsafe	4	3	reset	58	0.07	0
3	unsafe	4	3	reset	59	0.07	0
3	unsafe	4	3	reset	60	0.071	0
3	unsafe	4	3	reset	61	0.07	0
3	unsafe	4	3	reset	62	0.071	0
3	unsafe	4	3	reset	63	0.07	0
3	unsafe	4	3	reset	64	0.08	0
3	unsafe	4	3	reset	65	0.06	0
3	unsafe	4	3	reset	66	0.08	0
3	unsafe	4	3	reset	67	0.07	0
3	unsafe	4	3	reset	68	0.07	0
3	unsafe	4	3	reset	69	0.08	0
3	unsafe	4	3	reset	70	0.07	0
3	unsafe	4	3	reset	71	0.07	0
3	unsafe	4	3	reset	72	0.07	0
3	unsafe	4	3	reset	73	0.07	0
3	unsafe	4	3	reset	74	0.07	0
3	unsafe	4	3	reset	75	0.07	0
3	unsafe	4	3	reset	76	0.09	0
3	unsafe	4	3	reset	77	0.07	0
3	unsafe	4	3	reset	78	0.08	0
3	unsafe	4	3	reset	79	0.08	0
3	unsafe	4	3	reset	80	0.08	0
3	unsafe	4	3	reset	81	0.08	0
3	unsafe	4	3	reset	82	0.08	0
3	unsafe	4	3	reset	83	0.08	0
3	unsafe	4	3	reset	84	0.07	0
3	unsafe	4	3	reset	85	0.07	0
3	unsafe	4	3	reset	86	0.081	0
3	unsafe	4	3	reset	87	0.081	0
3	unsafe	4	3	reset	88	0.08	0
3	unsafe	4	3	reset	89	0.07	0
3	unsafe	4	3	reset	90	0.081	0
3	unsafe	4	3	reset	91	0.07	0
3	unsafe	4	3	reset	92	0.081	0
3	unsafe	4	3	reset	93	0.08	0
3	unsafe	4	3	reset	94	0.07	0
3	unsafe	4	3	reset	95	0.09	0
3	unsafe	4	3	reset	96	0.07	0
3	unsafe	4	3	reset	97	0.08	0
3	unsafe	4	3	reset	98	0.081	0
3	unsafe	4	3	reset	99	0.07	0
3	unsafe	4	3	reset	100	0.08	0
3	unsafe	4	3	reset	101	0.07	0
3	unsafe	4	3	reset	102	0.07	0
3	unsafe	4	3	reset	103	0.07	0
3	unsafe	4	3	reset	104	0.071	0
3	unsafe	4	3	reset	105	0.07	0
3	unsafe	4	3	reset	106	0.09	0
3	unsafe	4	3	reset	107	0.08	0
3	unsafe	4	3	reset	108	0.08	0
3	unsafe	4	3	reset	109	0.08	0
3	unsafe	4	3	reset	110	0.081	0
3	unsafe	4	3	reset	111	0.09	0
3	unsafe	4	3	reset	112	0.07	0
3	unsafe	4	3	reset	113	0.08	0
3	unsafe	4	3	reset	114	0.08	0
3	unsafe	4	3	reset	115	0.08	0
3	unsafe	4	3	reset	116	0.08	0
3	unsafe	4	3	reset	117	0.071	0
3	unsafe	4	3	reset	118	0.101	0
3	unsafe	4	3	reset	119	0.07	0
3	unsafe	4	3	reset	120	0.081	0
3	unsafe	4	3	reset	121	0.08	0
3	unsafe	4	3	reset	122	0.07	0
3	unsafe	4	3	reset	123	0.07	0
3	unsafe	4	3	reset	124	0.07	0
3	unsafe	4	3	reset	125	0.08	0
3	unsafe	4	3	reset	126	0.09	0
3	unsafe	4	3	reset	127	0.08	0
3	unsafe	4	3	reset	128	0.07	0
3	unsafe	4	3	reset	129	0.07	0
3	unsafe	4	3	reset	130	0.07	0
3	unsafe	4	3	reset	131	0.071	0
3	unsafe	4	3	reset	132	0.08	0
3	unsafe	4	3	reset	133	0.11	0
3	unsafe	4	3	reset	134	0.07	0
3	unsafe	4	3	reset	135	0.091	0
3	unsafe	4	3	reset	136	0.07	0
3	unsafe	4	3	reset	137	0.08	0
3	unsafe	4	3	reset	138	0.07	0
3	unsafe	4	3	reset	139	0.07	0
3	unsafe	4	3	reset	140	0.09	0
3	unsafe	4	3	reset	141	0.07	0
3	unsafe	4	3	reset	142	0.08	0
3	unsafe	4	3	reset	143	0.07	0
3	unsafe	4	3	reset	144	0.07	0
3	unsafe	4	3	reset	145	0.07	0
3	unsafe	4	3	reset	146	0.08	0
3	unsafe	4	3	reset	147	0.07	0
3	unsafe	4	3	reset	148	0.07	0
3	unsafe	4	3	reset	149	0.07	0
3	unsafe	4	3	reset	150	0.07	0
3	unsafe	4	3	reset	151	0.07	0
3	unsafe	4	3	reset	152	0.08	0
3	unsafe	4	3	reset	153	0.07	0
3	unsafe	4	3	reset	154	0.071	0
3	unsafe	4	3	reset	155	0.07	0
3	unsafe	4	3	reset	156	0.08	0
3	unsafe	4	3	reset	157	0.08	0
3	unsafe	4	3	reset	158	0.08	0
3	unsafe	4	3	reset	159	0.071	0
3	unsafe	4	3	reset	160	0.08	0
3	unsafe	4	3	reset	161	0.08	0
3	unsafe	4	3	reset	162	0.07	0
3	unsafe	4	3	reset	163	0.07	0
3	unsafe	4	3	reset	164	0.07	0
3	unsafe	4	3	reset	165	0.07	0
3	unsafe	4	3	reset	166	0.07	0
3	unsafe	4	3	reset	167	0.071	0
3	unsafe	4	3	reset	168	0.08	0
3	unsafe	4	3	reset	169	0.071	0
3	unsafe	4	3	reset	170	0.09	0
3	unsafe	4	3	reset	171	0.07	0
3	unsafe	4	3	reset	172	0.08	0
3	unsafe	4	3	reset	173	0.08	0
3	unsafe	4	3	reset	174	0.07	0
3	unsafe	4	3	reset	175	0.111	0
3	unsafe	4	3	reset	176	0.07	0
3	unsafe	4	3	reset	177	0.07	0
3	unsafe	4	3	reset	178	0.091	0
3	unsafe	4	3	reset	179	0.08	0
3	unsafe	4	3	reset	180	0.08	0
3	unsafe	4	3	reset	181	0.07	0
3	unsafe	4	3	reset	182	0.08	0
3	unsafe	4	3	reset	183	0.07	0
3	unsafe	4	3	reset	184	0.07	0
3	unsafe	4	3	reset	185	0.081	0
3	unsafe	4	3	reset	186	0.07	0
3	unsafe	4	3	reset	187	0.07	0
3	unsafe	4	3	reset	188	0.08	0
3	unsafe	4	3	reset	189	0.09	0
3	unsafe	4	3	reset	190	0.07	0
3	unsafe	4	3	reset	191	0.07	0
3	unsafe	4	3	reset	192	0.071	0
3	unsafe	4	3	reset	193	0.07	0
3	unsafe	4	3	reset	194	0.08	0
3	unsafe	4	3	reset	195	0.08	0
3	unsafe	4	3	reset	196	0.07	0
3	unsafe	4	3	reset	197	0.081	0
3	unsafe	4	3	reset	198	0.08	0
3	unsafe	4	3	reset	199	0.07	0
3	unsafe	4	3	reset	200	0.07	0
3	unsafe	4	3	stall	1	21.09	0
3	unsafe	4	3	stall	2	0.0	0
3	unsafe	4	3	stall	3	0.0	0
3	checked	8	7	reset	1	85.621	0
3	checked	8	7	reset	2	66.826	0
3	checked	8	7	reset	3	69.371	0
3	checked	8	7	reset	4	52.459	0
3	checked	8	7	reset	5	126.148	0
3	checked	8	7	reset	6	37.872	0
3	checked	8	7	reset	7	34.245	0
3	checked	8	7	reset	8	33.504	0
3	checked	8	7	reset	9	33.975	0
3	checked	8	7	reset	10	32.781	0
3	checked	8	7	reset	11	32.882	0
3	checked	8	7	reset	12	33.403	0
3	checked	8	7	reset	13	33.103	0
3	checked	8	7	reset	14	32.591	0
3	checked	8	7	reset	15	36.99	0
3	checked	8	7	reset	16	32.922	0
3	checked	8	7	reset	17	32.672	0
3	checked	8	7	reset	18	32.131	0
3	checked	8	7	reset	19	32.381	0
3	checked	8	7	reset	20	32.05	0
3	checked	8	7	reset	21	32.661	0
3	checked	8	7	reset	22	32.461	0
3	checked	8	7	reset	23	78.608	0
3	checked	8	7	reset	24	69.09	0
3	checked	8	7	reset	25	63.83	0
3	checked	8	7	reset	26	57.589	0
3	checked	8	7	reset	27	64.141	0
3	checked	8	7	reset	28	49.653	0
3	checked	8	7	reset	29	48.632	0
3	checked	8	7	reset	30	46.888	0
3	checked	8	7	reset	31	46.017	0
3	checked	8	7	reset	32	46.027	0
3	checked	8	7	reset	33	45.306	0
3	checked	8	7	reset	34	44.094	0
3	checked	8	7	reset	35	43.522	0
3	checked	8	7	reset	36	47.128	0
3	checked	8	7	reset	37	44.714	0
3	checked	8	7	reset	38	44.313	0
3	checked	8	7	reset	39	47.299	0
3	checked	8	7	reset	40	44.504	0
3	checked	8	7	reset	41	47.339	0
3	checked	8	7	reset	42	44.393	0
3	checked	8	7	reset	43	42.47	0
3	checked	8	7	reset	44	47.6	0
3	checked	8	7	reset	45	45.566	0
3	checked	8	7	reset	46	45.376	0
3	checked	8	7	reset	47	51.236	0
3	checked	8	7	reset	48	45.587	0
3	checked	8	7	reset	49	44.404	0
3	checked	8	7	reset	50	42.169	0
3	checked	8	7	reset	51	46.067	0
3	checked	8	7	reset	52	44.404	0
3	checked	8	7	reset	53	43.342	0
3	checked	8	7	reset	54	44.715	0
3	checked	8	7	reset	55	43.402	0
3	checked	8	7	reset	56	46.037	0
3	checked	8	7	reset	57	44.764	0
3	checked	8	7	reset	58	45.085	0
3	checked	8	7	reset	59	44.524	0
3	checked	8	7	reset	60	46.658	0
3	checked	8	7	reset	61	44.945	0
3	checked	8	7	reset	62	63.83	0
3	checked	8	7	reset	63	49.443	0
3	checked	8	7	reset	64	49.423	0
3	checked	8	7	reset	65	44.935	0
3	checked	8	7	reset	66	45.405	0
3	checked	8	7	reset	67	43.932	0
3	checked	8	7	reset	68	45.446	0
3	checked	8	7	reset	69	43.061	0
3	checked	8	7	reset	70	43.883	0
3	checked	8	7	reset	71	44.173	0
3	checked	8	7	reset	72	45.035	0
3	checked	8	7	reset	73	42.57	0
3	checked	8	7	reset	74	42.961	0
3	checked	8	7	reset	75	43.993	0
3	checked	8	7	reset	76	45.296	0
3	checked	8	7	reset	77	42.3	0
3	checked	8	7	reset	78	44.063	0
3	checked	8	7	reset	79	47.54	0
3	checked	8	7	reset	80	45.616	0
3	checked	8	7	reset	81	48.342	0
3	checked	8	7	reset	82	44.925	0
3	checked	8	7	reset	83	45.275	0
3	checked	8	7	reset	84	44.785	0
3	checked	8	7	reset	85	45.406	0
3	checked	8	7	reset	86	44.424	0
3	checked	8	7	reset	87	44.474	0
3	checked	8	7	reset	88	44.484	0
3	checked	8	7	reset	89	43.503	0
3	checked	8	7	reset	90	45.225	0
3	checked	8	7	reset	91	43.172	0
3	checked	8	7	reset	92	43.773	0
3	checked	8	7	reset	93	43.993	0
3	checked	8	7	reset	94	43.683	0
3	checked	8	7	reset	95	45.225	0
3	checked	8	7	reset	96	48.401	0
3	checked	8	7	reset	97	45.326	0
3	checked	8	7	reset	98	43.052	0
3	checked	8	7	reset	99	44.434	0
3	checked	8	7	reset	100	41.909	0
3	checked	8	7	reset	101	43.232	0
3	checked	8	7	reset	102	42.831	0
3	checked	8	7	reset	103	172.956	0
3	checked	8	7	reset	104	62.759	0
3	checked	8	7	reset	105	54.423	0
3	checked	8	7	reset	106	54.803	0
3	checked	8	7	reset	107	54.904	0
3	checked	8	7	reset	108	2159.044	0
3	checked	8	7	reset	109	56.196	0
3	checked	8	7	reset	110	89.509	0
3	checked	8	7	reset	111	52.389	0
3	checked	8	7	reset	112	110.559	0
3	checked	8	7	reset	113	79.43	0
3	checked	8	7	reset	114	64.171	0
3	checked	8	7	reset	115	55.074	0
3	checked	8	7	reset	116	50.144	0
3	checked	8	7	reset	117	52.059	0
3	checked	8	7	reset	118	46.187	0
3	checked	8	7	reset	119	59.422	0
3	checked	8	7	reset	120	52.249	0
3	checked	8	7	reset	121	57.408	0
3	checked	8	7	reset	122	49.864	0
3	checked	8	7	reset	123	52.56	0
3	checked	8	7	reset	124	114.286	0
3	checked	8	7	reset	125	78.719	0
3	checked	8	7	reset	126	52.759	0
3	checked	8	7	reset	127	60.354	0
3	checked	8	7	reset	128	54.983	0
3	checked	8	7	reset	129	72.456	0
3	checked	8	7	reset	130	91.223	0
3	checked	8	7	reset	131	52.138	0
3	checked	8	7	reset	132	70.252	0
3	checked	8	7	reset	133	54.784	0
3	checked	8	7	reset	134	51.047	0
3	checked	8	7	reset	135	59.422	0
3	checked	8	7	reset	136	54.062	0
3	checked	8	7	reset	137	50.966	0
3	checked	8	7	reset	138	51.768	0
3	checked	8	7	reset	139	48.111	0
3	checked	8	7	reset	140	47.77	0
3	checked	8	7	reset	141	53.701	0
3	checked	8	7	reset	142	52.93	0
3	checked	8	7	reset	143	50.335	0
3	checked	8	7	reset	144	48.471	0
3	checked	8	7	reset	145	49.203	0
3	checked	8	7	reset	146	53.0	0
3	checked	8	7	reset	147	59.773	0
3	checked	8	7	reset	148	53.581	0
3	checked	8	7	reset	149	69.932	0
3	checked	8	7	reset	150	50.967	0
3	checked	8	7	reset	151	46.047	0
3	checked	8	7	reset	152	50.746	0
3	checked	8	7	reset	153	50.595	0
3	checked	8	7	reset	154	48.863	0
3	checked	8	7	reset	155	51.367	0
3	checked	8	7	reset	156	46.668	0
3	checked	8	7	reset	157	53.902	0
3	checked	8	7	reset	158	49.143	0
3	checked	8	7	reset	159	48.371	0
3	checked	8	7	reset	160	47.941	0
3	checked	8	7	reset	161	51.978	0
3	checked	8	7	reset	162	50.064	0
3	checked	8	7	reset	163	45.727	0
3	checked	8	7	reset	164	49.083	0
3	checked	8	7	reset	165	49.173	0
3	checked	8	7	reset	166	47.69	0
3	checked	8	7	reset	167	51.587	0
3	checked	8	7	reset	168	50.675	0
3	checked	8	7	reset	169	49.694	0
3	checked	8	7	reset	170	47.921	0
3	checked	8	7	reset	171	51.417	0
3	checked	8	7	reset	172	51.998	0
3	checked	8	7	reset	173	141.276	0
3	checked	8	7	reset	174	67.047	0
3	checked	8	7	reset	175	60.043	0
3	checked	8	7	reset	176	61.366	0
3	checked	8	7	reset	177	60.133	0
3	checked	8	7	reset	178	45.756	0
3	checked	8	7	reset	179	44.413	0
3	checked	8	7	reset	180	43.923	0
3	checked	8	7	reset	181	43.352	0
3	checked	8	7	reset	182	46.208	0
3	checked	8	7	reset	183	47.389	0
3	checked	8	7	reset	184	43.853	0
3	checked	8	7	reset	185	44.514	0
3	checked	8	7	reset	186	46.477	0
3	checked	8	7	reset	187	44.514	0
3	checked	8	7	reset	188	44.905	0
3	checked	8	7	reset	189	42.991	0
3	checked	8	7	reset	190	49.744	0
3	checked	8	7	reset	191	46.518	0
3	checked	8	7	reset	192	45.807	0
3	checked	8	7	reset	193	45.727	0
3	checked	8	7	reset	194	44.484	0
3	checked	8	7	reset	195	45.686	0
3	checked	8	7	reset	196	47.059	0
3	checked	8	7	reset	197	48.141	0
3	checked	8	7	reset	198	46.919	0
3	checked	8	7	reset	199	42.811	0
3	checked	8	7	reset	200	45.085	0
3	checked	8	7	stall	1	548.976	0
3	checked	8	7	stall	2	170.472	0
3	checked	8	7	stall	3	168.799	0
3	checked	8	7	stall	4	167.305	0
3	checked	8	7	stall	5	167.877	0
3	checked	8	7	stall	6	167.987	0
3	checked	8	7	stall	7	184.148	0
3	unsafe	8	7	reset	1	0.18	0
3	unsafe	8	7	reset	2	0.07	0
3	unsafe	8	7	reset	3	0.1	0
3	unsafe	8	7	reset	4	0.18	0
3	unsafe	8	7	reset	5	0.16	0
3	unsafe	8	7	reset	6	0.171	0
3	unsafe	8	7	reset	7	0.201	0
3	unsafe	8	7	reset	8	0.18	0
3	unsafe	8	7	reset	9	0.17	0
3	unsafe	8	7	reset	10	0.07	0
3	unsafe	8	7	reset	11	0.081	0
3	unsafe	8	7	reset	12	0.07	0
3	unsafe	8	7	reset	13	0.16	0
3	unsafe	8	7	reset	14	0.34	0
3	unsafe	8	7	reset	15	0.33	0
3	unsafe	8	7	reset	16	0.34	0
3	unsafe	8	7	reset	17	0.1	0
3	unsafe	8	7	reset	18	0.09	0
3	unsafe	8	7	reset	19	0.08	0
3	unsafe	8	7	reset	20	0.11	0
3	unsafe	8	7	reset	21	0.09	0
3	unsafe	8	7	reset	22	0.09	0
3	unsafe	8	7	reset	23	0.19	0
3	unsafe	8	7	reset	24	0.291	0
3	unsafe	8	7	reset	25	0.08	0
3	unsafe	8	7	reset	26	0.08	0
3	unsafe	8	7	reset	27	0.181	0
3	unsafe	8	7	reset	28	0.291	0
3	unsafe	8	7	reset	29	0.07	0
3	unsafe	8	7	reset	30	0.08	0
3	unsafe	8	7	reset	31	0.081	0
3	unsafe	8	7	reset	32	0.08	0
3	unsafe	8	7	reset	33	0.07	0
3	unsafe	8	7	reset	34	0.09	0
3	unsafe	8	7	reset	35	0.08	0
3	unsafe	8	7	reset	36	0.07	0
3	unsafe	8	7	reset	37	0.07	0
3	unsafe	8	7	reset	38	0.101	0
3	unsafe	8	7	reset	39	0.09	0
3	unsafe	8	7	reset	40	0.08	0
3	unsafe	8	7	reset	41	0.08	0
3	unsafe	8	7	reset	42	0.07	0
3	unsafe	8	7	reset	43	0.091	0
3	unsafe	8	7	reset	44	0.09	0
3	unsafe	8	7	reset	45	0.07	0
3	unsafe	8	7	reset	46	0.07	0
3	unsafe	8	7	reset	47	0.07	0
3	unsafe	8	7	reset	48	0.08	0
3	unsafe	8	7	reset	49	0.08	0
3	unsafe	8	7	reset	50	0.08	0
3	unsafe	8	7	reset	51	0.1	0
3	unsafe	8	7	reset	52	0.08	0
3	unsafe	8	7	reset	53	0.08	0
3	unsafe	8	7	reset	54	0.07	0
3	unsafe	8	7	reset	55	0.13	0
3	unsafe	8	7	reset	56	0.121	0
3	unsafe	8	7	reset	57	0.13	0
3	unsafe	8	7	reset	58	0.13	0
3	unsafe	8	7	reset	59	0.07	0
3	unsafe	8	7	reset	60	0.071	0
3	unsafe	8	7	reset	61	0.081	0
3	unsafe	8	7	reset	62	0.07	0
3	unsafe	8	7	reset	63	0.07	0
3	unsafe	8	7	reset	64	0.08	0
3	unsafe	8	7	reset	65	0.09	0
3	unsafe	8	7	reset	66	0.08	0
3	unsafe	8	7	reset	67	0.071	0
3	unsafe	8	7	reset	68	0.071	0
3	unsafe	8	7	reset	69	0.08	0
3	unsafe	8	7	reset	70	0.08	0
3	unsafe	8	7	reset	71	0.09	0
3	unsafe	8	7	reset	72	0.09	0
3	unsafe	8	7	reset	73	0.08	0
3	unsafe	8	7	reset	74	0.1	0
3	unsafe	8	7	reset	75	0.08	0
3	unsafe	8	7	reset	76	0.08	0
3	unsafe	8	7	reset	77	0.08	0
3	unsafe	8	7	reset	78	0.071	0
3	unsafe	8	7	reset	79	0.081	0
3	unsafe	8	7	reset	80	0.09	0
3	unsafe	8	7	reset	81	0.081	0
3	unsafe	8	7	reset	82	0.07	0
3	unsafe	8	7	reset	83	0.08	0
3	unsafe	8	7	reset	84	0.09	0
3	unsafe	8	7	reset	85	0.121	0
3	unsafe	8	7	reset	86	0.09	0
3	unsafe	8	7	reset	87	0.08	0
3	unsafe	8	7	reset	88	0.08	0
3	unsafe	8	7	reset	89	0.08	0
3	unsafe	8	7	reset	90	0.09	0
3	unsafe	8	7	reset	91	0.08	0
3	unsafe	8	7	reset	92	0.09	0
3	unsafe	8	7	reset	93	0.08	0
3	unsafe	8	7	reset	94	0.08	0
3	unsafe	8	7	reset	95	0.08	0
3	unsafe	8	7	reset	96	0.08	0
3	unsafe	8	7	reset	97	0.08	0
3	unsafe	8	7	reset	98	0.08	0
3	unsafe	8	7	reset	99	0.07	0
3	unsafe	8	7	reset	100	0.08	0
3	unsafe	8	7	reset	101	0.08	0
3	unsafe	8	7	reset	102	0.07	0
3	unsafe	8	7	reset	103	0.09	0
3	unsafe	8	7	reset	104	0.07	0
3	unsafe	8	7	reset	105	0.081	0
3	unsafe	8	7	reset	106	0.07	0
3	unsafe	8	7	reset	107	0.07	0
3	unsafe	8	7	reset	108	0.08	0
3	unsafe	8	7	reset	109	0.08	0
3	unsafe	8	7	reset	110	0.08	0
3	unsafe	8	7	reset	111	0.07	0
3	unsafe	8	7	reset	112	0.08	0
3	unsafe	8	7	reset	113	0.09	0
3	unsafe	8	7	reset	114	0.08	0
3	unsafe	8	7	reset	115	0.09	0
3	unsafe	8	7	reset	116	0.09	0
3	unsafe	8	7	reset	117	0.08	0
3	unsafe	8	7	reset	118	0.08	0
3	unsafe	8	7	reset	119	0.08	0
3	unsafe	8	7	reset	120	0.08	0
3	unsafe	8	7	reset	121	0.08	0
3	unsafe	8	7	reset	122	0.07	0
3	unsafe	8	7	reset	123	0.09	0
3	unsafe	8	7	reset	124	0.091	0
3	unsafe	8	7	reset	125	0.08	0
3	unsafe	8	7	reset	126	0.09	0
3	unsafe	8	7	reset	127	0.08	0
3	unsafe	8	7	reset	128	0.1	0
3	unsafe	8	7	reset	129	0.08	0
3	unsafe	8	7	reset	130	0.08	0
3	unsafe	8	7	reset	131	0.07	0
3	unsafe	8	7	reset	132	0.08	0
3	unsafe	8	7	reset	133	0.08	0
3	unsafe	8	7	reset	134	0.08	0
3	unsafe	8	7	reset	135	0.07	0
3	unsafe	8	7	reset	136	0.09	0
3	unsafe	8	7	reset	137	0.081	0
3	unsafe	8	7	reset	138	0.081	0
3	unsafe	8	7	reset	139	0.09	0
3	unsafe	8	7	reset	140	0.08	0
3	unsafe	8	7	reset	141	0.09	0
3	unsafe	8	7	reset	142	0.09	0
3	unsafe	8	7	reset	143	0.08	0
3	unsafe	8	7	reset	144	0.09	0
3	unsafe	8	7	reset	145	0.081	0
3	unsafe	8	7	reset	146	0.07	0
3	unsafe	8	7	reset	147	0.1	0
3	unsafe	8	7	reset	148	0.11	0
3	unsafe	8	7	reset	149	0.08	0
3	unsafe	8	7	reset	150	0.08	0
3	unsafe	8	7	reset	151	0.09	0
3	unsafe	8	7	reset	152	0.08	0
3	unsafe	8	7	reset	153	0.08	0
3	unsafe	8	7	reset	154	0.09	0
3	unsafe	8	7	reset	155	0.08	0
3	unsafe	8	7	reset	156	0.09	0
3	unsafe	8	7	reset	157	0.09	0
3	unsafe	8	7	reset	158	0.07	0
3	unsafe	8	7	reset	159	0.101	0
3	unsafe	8	7	reset	160	0.08	0
3	unsafe	8	7	reset	161	0.091	0
3	unsafe	8	7	reset	162	0.08	0
3	unsafe	8	7	reset	163	0.09	0
3	unsafe	8	7	reset	164	0.091	0
3	unsafe	8	7	reset	165	0.081	0
3	unsafe	8	7	reset	166	0.08	0
3	unsafe	8	7	reset	167	0.08	0
3	unsafe	8	7	reset	168	0.081	0
3	unsafe	8	7	reset	169	0.08	0
3	unsafe	8	7	reset	170	0.081	0
3	unsafe	8	7	reset	171	0.08	0
3	unsafe	8	7	reset	172	0.081	0
3	unsafe	8	7	reset	173	0.08	0
3	unsafe	8	7	reset	174	0.07	0
3	unsafe	8	7	reset	175	0.08	0
3	unsafe	8	7	reset	176	0.08	0
3	unsafe	8	7	reset	177	0.1	0
3	unsafe	8	7	reset	178	0.07	0
3	unsafe	8	7	reset	179	0.09	0
3	unsafe	8	7	reset	180	0.1	0
3	unsafe	8	7	reset	181	0.09	0
3	unsafe	8	7	reset	182	0.081	0
3	unsafe	8	7	reset	183	0.1	0
3	unsafe	8	7	reset	184	0.08	0
3	unsafe	8	7	reset	185	0.08	0
3	unsafe	8	7	reset	186	0.08	0
3	unsafe	8	7	reset	187	0.08	0
3	unsafe	8	7	reset	188	0.08	0
3	unsafe	8	7	reset	189	0.08	0
3	unsafe	8	7	reset	190	0.07	0
3	unsafe	8	7	reset	191	0.081	0
3	unsafe	8	7	reset	192	0.08	0
3	unsafe	8	7	reset	193	0.08	0
3	unsafe	8	7	reset	194	0.07	0
3	unsafe	8	7	reset	195	0.071	0
3	unsafe	8	7	reset	196	0.08	0
3	unsafe	8	7	reset	197	0.11	0
3	unsafe	8	7	reset	198	0.08	0
3	unsafe	8	7	reset	199	0.09	0
3	unsafe	8	7	reset	200	0.08	0
3	unsafe	8	7	stall	1	0.0	0
3	unsafe	8	7	stall	2	0.0	0
3	unsafe	8	7	stall	3	0.0	0
3	unsafe	8	7	stall	4	0.0	0
3	unsafe	8	7	stall	5	0.0	0
3	unsafe	8	7	stall	6	0.0	0
3	unsafe	8	7	stall	7	0.0	0
3	checked	16	15	reset	1	118.934	1
3	checked	16	15	reset	2	104.688	1
3	checked	16	15	reset	3	85.03	1
3	checked	16	15	reset	4	249.471	1
3	checked	16	15	reset	5	186.011	1
3	checked	16	15	reset	6	43.923	1
3	checked	16	15	reset	7	38.663	1
3	checked	16	15	reset	8	39.094	1
3	checked	16	15	reset	9	37.741	1
3	checked	16	15	reset	10	37.501	1
3	checked	16	15	reset	11	36.378	1
3	checked	16	15	reset	12	36.769	1
3	checked	16	15	reset	13	37.25	1
3	checked	16	15	reset	14	37.23	1
3	checked	16	15	reset	15	40.166	1
3	checked	16	15	reset	16	35.948	1
3	checked	16	15	reset	17	35.577	1
3	checked	16	15	reset	18	36.649	1
3	checked	16	15	reset	19	35.657	1
3	checked	16	15	reset	20	35.688	1
3	checked	16	15	reset	21	35.717	1
3	checked	16	15	reset	22	40.337	1
3	checked	16	15	reset	23	92.575	1
3	checked	16	15	reset	24	82.475	1
3	checked	16	15	reset	25	78.318	1
3	checked	16	15	reset	26	69.801	1
3	checked	16	15	reset	27	67.046	1
3	checked	16	15	reset	28	68.209	1
3	checked	16	15	reset	29	65.123	1
3	checked	16	15	reset	30	67.226	1
3	checked	16	15	reset	31	67.487	1
3	checked	16	15	reset	32	63.019	1
3	checked	16	15	reset	33	67.357	1
3	checked	16	15	reset	34	64.382	1
3	checked	16	15	reset	35	63.821	1
3	checked	16	15	reset	36	64.201	1
3	checked	16	15	reset	37	67.678	1
3	checked	16	15	reset	38	64.612	1
3	checked	16	15	reset	39	65.043	1
3	checked	16	15	reset	40	67.348	1
3	checked	16	15	reset	41	63.751	1
3	checked	16	15	reset	42	67.978	1
3	checked	16	15	reset	43	66.866	1
3	checked	16	15	reset	44	67.097	1
3	checked	16	15	reset	45	64.161	1
3	checked	16	15	reset	46	65.153	1
3	checked	16	15	reset	47	61.506	1
3	checked	16	15	reset	48	63.88	1
3	checked	16	15	reset	49	65.524	1
3	checked	16	15	reset	50	64.131	1
3	checked	16	15	reset	51	60.524	1
3	checked	16	15	reset	52	65.012	1
3	checked	16	15	reset	53	65.684	1
3	checked	16	15	reset	54	66.465	1
3	checked	16	15	reset	55	64.832	1
3	checked	16	15	reset	56	68.65	1
3	checked	16	15	reset	57	74.621	1
3	checked	16	15	reset	58	64.211	1
3	checked	16	15	reset	59	83.358	1
3	checked	16	15	reset	60	71.485	1
3	checked	16	15	reset	61	102.253	1
3	checked	16	15	reset	62	75.212	1
3	checked	16	15	reset	63	70.252	1
3	checked	16	15	reset	64	71.856	1
3	checked	16	15	reset	65	70.022	1
3	checked	16	15	reset	66	66.656	1
3	checked	16	15	reset	67	67.698	1
3	checked	16	15	reset	68	60.434	1
3	checked	16	15	reset	69	64.882	1
3	checked	16	15	reset	70	60.955	1
3	checked	16	15	reset	71	59.793	1
3	checked	16	15	reset	72	59.692	1
3	checked	16	15	reset	73	67.607	1
3	checked	16	15	reset	74	63.179	1
3	checked	16	15	reset	75	64.862	1
3	checked	16	15	reset	76	64.152	1
3	checked	16	15	reset	77	67.878	1
3	checked	16	15	reset	78	61.346	1
3	checked	16	15	reset	79	66.025	1
3	checked	16	15	reset	80	66.866	1
3	checked	16	15	reset	81	65.714	1
3	checked	16	15	reset	82	60.895	1
3	checked	16	15	reset	83	68.59	1
3	checked	16	15	reset	84	62.768	1
3	checked	16	15	reset	85	61.917	1
3	checked	16	15	reset	86	61.156	1
3	checked	16	15	reset	87	60.113	1
3	checked	16	15	reset	88	63.79	1
3	checked	16	15	reset	89	57.679	1
3	checked	16	15	reset	90	62.207	1
3	checked	16	15	reset	91	63.56	1
3	checked	16	15	reset	92	65.143	1
3	checked	16	15	reset	93	60.625	1
3	checked	16	15	reset	94	65.243	1
3	checked	16	15	reset	95	62.427	1
3	checked	16	15	reset	96	61.997	1
3	checked	16	15	reset	97	64.311	1
3	checked	16	15	reset	98	59.472	1
3	checked	16	15	reset	99	59.142	1
3	checked	16	15	reset	100	66.476	1
3	checked	16	15	reset	101	72.347	1
3	checked	16	15	reset	102	68.148	1
3	checked	16	15	reset	103	67.738	1
3	checked	16	15	reset	104	69.681	1
3	checked	16	15	reset	105	60.394	1
3	checked	16	15	reset	106	59.603	1
3	checked	16	15	reset	107	61.997	1
3	checked	16	15	reset	108	60.364	1
3	checked	16	15	reset	109	63.77	1
3	checked	16	15	reset	110	63.56	1
3	checked	16	15	reset	111	68.84	1
3	checked	16	15	reset	112	66.165	1
3	checked	16	15	reset	113	66.506	1
3	checked	16	15	reset	114	61.937	1
3	checked	16	15	reset	115	61.486	1
3	checked	16	15	reset	116	65.684	1
3	checked	16	15	reset	117	60.705	1
3	checked	16	15	reset	118	64.091	1
3	checked	16	15	reset	119	61.306	1
3	checked	16	15	reset	120	66.797	1
3	checked	16	15	reset	121	61.917	1
3	checked	16	15	reset	122	68.279	1
3	checked	16	15	reset	123	69.13	1
3	checked	16	15	reset	124	61.226	1
3	checked	16	15	reset	125	57.809	1
3	checked	16	15	reset	126	64.682	1
3	checked	16	15	reset	127	63.239	1
3	checked	16	15	reset	128	63.72	1
3	checked	16	15	reset	129	65.363	1
3	checked	16	15	reset	130	62.277	1
3	checked	16	15	reset	131	60.043	1
3	checked	16	15	reset	132	61.957	1
3	checked	16	15	reset	133	93.616	1
3	checked	16	15	reset	134	64.041	1
3	checked	16	15	reset	135	73.549	1
3	checked	16	15	reset	136	96.943	1
3	checked	16	15	reset	137	100.6	1
3	checked	16	15	reset	138	76.514	1
3	checked	16	15	reset	139	66.395	1
3	checked	16	15	reset	140	69.441	1
3	checked	16	15	reset	141	59.372	1
3	checked	16	15	reset	142	57.579	1
3	checked	16	15	reset	143	54.923	1
3	checked	16	15	reset	144	56.606	1
3	checked	16	15	reset	145	54.222	1
3	checked	16	15	reset	146	54.323	1
3	checked	16	15	reset	147	54.663	1
3	checked	16	15	reset	148	53.561	1
3	checked	16	15	reset	149	57.188	1
3	checked	16	15	reset	150	75.743	1
3	checked	16	15	reset	151	58.029	1
3	checked	16	15	reset	152	66.385	1
3	checked	16	15	reset	153	65.724	1
3	checked	16	15	reset	154	54.212	1
3	checked	16	15	reset	155	60.784	1
3	checked	16	15	reset	156	52.939	1
3	checked	16	15	reset	157	51.497	1
3	checked	16	15	reset	158	53.14	1
3	checked	16	15	reset	159	51.908	1
3	checked	16	15	reset	160	53.01	1
3	checked	16	15	reset	161	53.301	1
3	checked	16	15	reset	162	51.708	1
3	checked	16	15	reset	163	52.279	1
3	checked	16	15	reset	164	53.091	1
3	checked	16	15	reset	165	52.719	1
3	checked	16	15	reset	166	51.778	1
3	checked	16	15	reset	167	52.98	1
3	checked	16	15	reset	168	51.758	1
3	checked	16	15	reset	169	53.321	1
3	checked	16	15	reset	170	52.449	1
3	checked	16	15	reset	171	53.17	1
3	checked	16	15	reset	172	53.831	1
3	checked	16	15	reset	173	53.832	1
3	checked	16	15	reset	174	53.591	1
3	checked	16	15	reset	175	55.294	1
3	checked	16	15	reset	176	52.97	1
3	checked	16	15	reset	177	69.371	1
3	checked	16	15	reset	178	54.282	1
3	checked	16	15	reset	179	52.389	1
3	checked	16	15	reset	180	52.339	1
3	checked	16	15	reset	181	54.233	1
3	checked	16	15	reset	182	52.549	1
3	checked	16	15	reset	183	54.002	1
3	checked	16	15	reset	184	53.281	1
3	checked	16	15	reset	185	52.71	1
3	checked	16	15	reset	186	52.259	1
3	checked	16	15	reset	187	52.76	1
3	checked	16	15	reset	188	53.32	1
3	checked	16	15	reset	189	51.356	1
3	checked	16	15	reset	190	52.79	1
3	checked	16	15	reset	191	52.88	1
3	checked	16	15	reset	192	53.662	1
3	checked	16	15	reset	193	52.5	1
3	checked	16	15	reset	194	56.296	1
3	checked	16	15	reset	195	51.658	1
3	checked	16	15	reset	196	53.621	1
3	checked	16	15	reset	197	53.882	1
3	checked	16	15	reset	198	51.657	1
3	checked	16	15	reset	199	51.518	1
3	checked	16	15	reset	200	51.868	1
3	checked	16	15	stall	1	815.298	1
3	checked	16	15	stall	2	92.334	1
3	checked	16	15	stall	3	90.571	1
3	checked	16	15	stall	4	913.844	1
3	checked	16	15	stall	5	882.315	1
3	checked	16	15	stall	6	93.306	1
3	checked	16	15	stall	7	93.647	1
3	checked	16	15	stall	8	96.542	1
3	checked	16	15	stall	9	88.928	1
3	checked	16	15	stall	10	938.291	1
3	checked	16	15	stall	11	942.178	1
3	checked	16	15	stall	12	896.993	1
3	checked	16	15	stall	13	98.797	1
3	checked	16	15	stall	14	93.897	1
3	checked	16	15	stall	15	891.893	1
3	unsafe	16	15	reset	1	0.361	1
3	unsafe	16	15	reset	2	1.633	1
3	unsafe	16	15	reset	3	0.07	1
3	unsafe	16	15	reset	4	0.07	1
3	unsafe	16	15	reset	5	0.301	1
3	unsafe	16	15	reset	6	0.301	1
3	unsafe	16	15	reset	7	0.772	1
3	unsafe	16	15	reset	8	0.07	1
3	unsafe	16	15	reset	9	0.06	1
3	unsafe	16	15	reset	10	0.17	1
3	unsafe	16	15	reset	11	0.07	1
3	unsafe	16	15	reset	12	0.291	1
3	unsafe	16	15	reset	13	0.07	1
3	unsafe	16	15	reset	14	0.07	1
3	unsafe	16	15	reset	15	0.08	1
3	unsafe	16	15	reset	16	0.16	1
3	unsafe	16	15	reset	17	0.17	1
3	unsafe	16	15	reset	18	0.17	1
3	unsafe	16	15	reset	19	0.08	1
3	unsafe	16	15	reset	20	0.16	1
3	unsafe	16	15	reset	21	0.401	1
3	unsafe	16	15	reset	22	0.311	1
3	unsafe	16	15	reset	23	0.08	1
3	unsafe	16	15	reset	24	0.07	1
3	unsafe	16	15	reset	25	0.17	1
3	unsafe	16	15	reset	26	0.08	1
3	unsafe	16	15	reset	27	0.381	1
3	unsafe	16	15	reset	28	0.131	1
3	unsafe	16	15	reset	29	0.13	1
3	unsafe	16	15	reset	30	0.14	1
3	unsafe	16	15	reset	31	0.14	1
3	unsafe	16	15	reset	32	0.131	1
3	unsafe	16	15	reset	33	0.131	1
3	unsafe	16	15	reset	34	0.16	1
3	unsafe	16	15	reset	35	1.092	1
3	unsafe	16	15	reset	36	0.08	1
3	unsafe	16	15	reset	37	0.241	1
3	unsafe	16	15	reset	38	0.15	1
3	unsafe	16	15	reset	39	0.13	1
3	unsafe	16	15	reset	40	0.13	1
3	unsafe	16	15	reset	41	0.12	1
3	unsafe	16	15	reset	42	0.17	1
3	unsafe	16	15	reset	43	0.12	1
3	unsafe	16	15	reset	44	0.13	1
3	unsafe	16	15	reset	45	0.121	1
3	unsafe	16	15	reset	46	0.12	1
3	unsafe	16	15	reset	47	0.14	1
3	unsafe	16	15	reset	48	0.13	1
3	unsafe	16	15	reset	49	0.13	1
3	unsafe	16	15	reset	50	0.131	1
3	unsafe	16	15	reset	51	0.131	1
3	unsafe	16	15	reset	52	0.08	1
3	unsafe	16	15	reset	53	0.07	1
3	unsafe	16	15	reset	54	0.08	1
3	unsafe	16	15	reset	55	0.08	1
3	unsafe	16	15	reset	56	0.07	1
3	unsafe	16	15	reset	57	0.081	1
3	unsafe	16	15	reset	58	0.08	1
3	unsafe	16	15	reset	59	0.08	1
3	unsafe	16	15	reset	60	0.08	1
3	unsafe	16	15	reset	61	0.071	1
3	unsafe	16	15	reset	62	0.08	1
3	unsafe	16	15	reset	63	0.08	1
3	unsafe	16	15	reset	64	0.08	1
3	unsafe	16	15	reset	65	0.07	1
3	unsafe	16	15	reset	66	0.09	1
3	unsafe	16	15	reset	67	0.08	1
3	unsafe	16	15	reset	68	0.08	1
3	unsafe	16	15	reset	69	0.08	1
3	unsafe	16	15	reset	70	0.08	1
3	unsafe	16	15	reset	71	0.07	1
3	unsafe	16	15	reset	72	0.071	1
3	unsafe	16	15	reset	73	0.07	1
3	unsafe	16	15	reset	74	0.08	1
3	unsafe	16	15	reset	75	0.08	1
3	unsafe	16	15	reset	76	0.08	1
3	unsafe	16	15	reset	77	0.08	1
3	unsafe	16	15	reset	78	0.07	1
3	unsafe	16	15	reset	79	0.071	1
3	unsafe	16	15	reset	80	0.08	1
3	unsafe	16	15	reset	81	0.07	1
3	unsafe	16	15	reset	82	0.081	1
3	unsafe	16	15	reset	83	0.08	1
3	unsafe	16	15	reset	84	0.08	1
3	unsafe	16	15	reset	85	0.14	1
3	unsafe	16	15	reset	86	0.08	1
3	unsafe	16	15	reset	87	0.11	1
3	unsafe	16	15	reset	88	0.08	1
3	unsafe	16	15	reset	89	0.08	1
3	unsafe	16	15	reset	90	0.07	1
3	unsafe	16	15	reset	91	0.071	1
3	unsafe	16	15	reset	92	0.071	1
3	unsafe	16	15	reset	93	0.08	1
3	unsafe	16	15	reset	94	0.08	1
3	unsafe	16	15	reset	95	0.07	1
3	unsafe	16	15	reset	96	0.08	1
3	unsafe	16	15	reset	97	0.07	1
3	unsafe	16	15	reset	98	0.08	1
3	unsafe	16	15	reset	99	0.08	1
3	unsafe	16	15	reset	100	0.08	1
3	unsafe	16	15	reset	101	0.08	1
3	unsafe	16	15	reset	102	0.08	1
3	unsafe	16	15	reset	103	0.07	1
3	unsafe	16	15	reset	104	0.07	1
3	unsafe	16	15	reset	105	0.11	1
3	unsafe	16	15	reset	106	0.1	1
3	unsafe	16	15	reset	107	0.081	1
3	unsafe	16	15	reset	108	0.07	1
3	unsafe	16	15	reset	109	0.13	1
3	unsafe	16	15	reset	110	0.08	1
3	unsafe	16	15	reset	111	0.08	1
3	unsafe	16	15	reset	112	0.08	1
3	unsafe	16	15	reset	113	0.08	1
3	unsafe	16	15	reset	114	0.08	1
3	unsafe	16	15	reset	115	0.1	1
3	unsafe	16	15	reset	116	0.071	1
3	unsafe	16	15	reset	117	0.08	1
3	unsafe	16	15	reset	118	0.08	1
3	unsafe	16	15	reset	119	0.08	1
3	unsafe	16	15	reset	120	0.081	1
3	unsafe	16	15	reset	121	0.071	1
3	unsafe	16	15	reset	122	0.08	1
3	unsafe	16	15	reset	123	0.08	1
3	unsafe	16	15	reset	124	0.14	1
3	unsafe	16	15	reset	125	0.07	1
3	unsafe	16	15	reset	126	0.08	1
3	unsafe	16	15	reset	127	0.08	1
3	unsafe	16	15	reset	128	0.071	1
3	unsafe	16	15	reset	129	0.12	1
3	unsafe	16	15	reset	130	0.08	1
3	unsafe	16	15	reset	131	0.1	1
3	unsafe	16	15	reset	132	0.07	1
3	unsafe	16	15	reset	133	0.08	1
3	unsafe	16	15	reset	134	0.08	1
3	unsafe	16	15	reset	135	0.08	1
3	unsafe	16	15	reset	136	0.08	1
3	unsafe	16	15	reset	137	0.1	1
3	unsafe	16	15	reset	138	0.081	1
3	unsafe	16	15	reset	139	0.08	1
3	unsafe	16	15	reset	140	0.08	1
3	unsafe	16	15	reset	141	0.08	1
3	unsafe	16	15	reset	142	0.08	1
3	unsafe	16	15	reset	143	0.081	1
3	unsafe	16	15	reset	144	0.081	1
3	unsafe	16	15	reset	145	0.08	1
3	unsafe	16	15	reset	146	0.08	1
3	unsafe	16	15	reset	147	0.08	1
3	unsafe	16	15	reset	148	0.07	1
3	unsafe	16	15	reset	149	0.08	1
3	unsafe	16	15	reset	150	0.07	1
3	unsafe	16	15	reset	151	0.08	1
3	unsafe	16	15	reset	152	0.071	1
3	unsafe	16	15	reset	153	0.071	1
3	unsafe	16	15	reset	154	0.13	1
3	unsafe	16	15	reset	155	0.08	1
3	unsafe	16	15	reset	156	0.09	1
3	unsafe	16	15	reset	157	0.07	1
3	unsafe	16	15	reset	158	0.081	1
3	unsafe	16	15	reset	159	0.081	1
3	unsafe	16	15	reset	160	0.07	1
3	unsafe	16	15	reset	161	0.08	1
3	unsafe	16	15	reset	162	0.08	1
3	unsafe	16	15	reset	163	0.091	1
3	unsafe	16	15	reset	164	0.08	1
3	unsafe	16	15	reset	165	0.08	1
3	unsafe	16	15	reset	166	0.081	1
3	unsafe	16	15	reset	167	0.09	1
3	unsafe	16	15	reset	168	0.08	1
3	unsafe	16	15	reset	169	0.08	1
3	unsafe	16	15	reset	170	0.08	1
3	unsafe	16	15	reset	171	0.07	1
3	unsafe	16	15	reset	172	0.08	1
3	unsafe	16	15	reset	173	0.08	1
3	unsafe	16	15	reset	174	0.08	1
3	unsafe	16	15	reset	175	0.13	1
3	unsafe	16	15	reset	176	0.08	1
3	unsafe	16	15	reset	177	0.08	1
3	unsafe	16	15	reset	178	0.08	1
3	unsafe	16	15	reset	179	0.08	1
3	unsafe	16	15	reset	180	0.08	1
3	unsafe	16	15	reset	181	0.101	1
3	unsafe	16	15	reset	182	0.07	1
3	unsafe	16	15	reset	183	0.08	1
3	unsafe	16	15	reset	184	0.091	1
3	unsafe	16	15	reset	185	0.07	1
3	unsafe	16	15	reset	186	0.09	1
3	unsafe	16	15	reset	187	0.081	1
3	unsafe	16	15	reset	188	0.08	1
3	unsafe	16	15	reset	189	0.08	1
3	unsafe	16	15	reset	190	0.071	1
3	unsafe	16	15	reset	191	0.08	1
3	unsafe	16	15	reset	192	0.08	1
3	unsafe	16	15	reset	193	0.08	1
3	unsafe	16	15	reset	194	0.081	1
3	unsafe	16	15	reset	195	0.08	1
3	unsafe	16	15	reset	196	0.131	1
3	unsafe	16	15	reset	197	0.08	1
3	unsafe	16	15	reset	198	0.07	1
3	unsafe	16	15	reset	199	0.08	1
3	unsafe	16	15	reset	200	0.08	1
3	unsafe	16	15	stall	1	0.0	1
3	unsafe	16	15	stall	2	0.0	1
3	unsafe	16	15	stall	3	0.0	1
3	unsafe	16	15	stall	4	0.0	1
3	unsafe	16	15	stall	5	0.0	1
3	unsafe	16	15	stall	6	0.0	1
3	unsafe	16	15	stall	7	0.0	1
3	unsafe	16	15	stall	8	0.0	1
3	unsafe	16	15	stall	9	0.0	1
3	unsafe	16	15	stall	10	0.0	1
3	unsafe	16	15	stall	11	0.0	1
3	unsafe	16	15	stall	12	0.0	1
3	unsafe	16	15	stall	13	990.339	1
3	unsafe	16	15	stall	14	0.0	1
3	unsafe	16	15	stall	15	0.0	1
3	checked	32	31	reset	1	75.042	0
3	checked	32	31	reset	2	42.57	0
3	checked	32	31	reset	3	41.889	0
3	checked	32	31	reset	4	41.018	0
3	checked	32	31	reset	5	41.248	0
3	checked	32	31	reset	6	40.767	0
3	checked	32	31	reset	7	53.742	0
3	checked	32	31	reset	8	47.099	0
3	checked	32	31	reset	9	41.929	0
3	checked	32	31	reset	10	44.464	0
3	checked	32	31	reset	11	41.338	0
3	checked	32	31	reset	12	41.168	0
3	checked	32	31	reset	13	39.975	0
3	checked	32	31	reset	14	40.496	0
3	checked	32	31	reset	15	39.464	0
3	checked	32	31	reset	16	39.625	0
3	checked	32	31	reset	17	40.346	0
3	checked	32	31	reset	18	176.933	0
3	checked	32	31	reset	19	1946.864	0
3	checked	32	31	reset	20	144.052	0
3	checked	32	31	reset	21	134.975	0
3	checked	32	31	reset	22	126.549	0
3	checked	32	31	reset	23	136.377	0
3	checked	32	31	reset	24	107.913	0
3	checked	32	31	reset	25	103.265	0
3	checked	32	31	reset	26	104.458	0
3	checked	32	31	reset	27	107.503	0
3	checked	32	31	reset	28	112.853	0
3	checked	32	31	reset	29	121.178	0
3	checked	32	31	reset	30	117.993	0
3	checked	32	31	reset	31	134.113	0
3	checked	32	31	reset	32	126.99	0
3	checked	32	31	reset	33	148.46	0
3	checked	32	31	reset	34	113.784	0
3	checked	32	31	reset	35	110.919	0
3	checked	32	31	reset	36	103.255	0
3	checked	32	31	reset	37	125.727	0
3	checked	32	31	reset	38	115.648	0
3	checked	32	31	reset	39	112.603	0
3	checked	32	31	reset	40	102.253	0
3	checked	32	31	reset	41	105.799	0
3	checked	32	31	reset	42	145.454	0
3	checked	32	31	reset	43	125.497	0
3	checked	32	31	reset	44	122.511	0
3	checked	32	31	reset	45	107.373	0
3	checked	32	31	reset	46	119.025	0
3	checked	32	31	reset	47	110.368	0
3	checked	32	31	reset	48	3680.185	0
3	checked	32	31	reset	49	3221.549	0
3	checked	32	31	reset	50	118.433	0
3	checked	32	31	reset	51	111.46	0
3	checked	32	31	reset	52	121.349	0
3	checked	32	31	reset	53	114.506	0
3	checked	32	31	reset	54	115.648	0
3	checked	32	31	reset	55	3705.472	0
3	checked	32	31	reset	56	119.675	0
3	checked	32	31	reset	57	110.999	0
3	checked	32	31	reset	58	119.085	0
3	checked	32	31	reset	59	104.357	0
3	checked	32	31	reset	60	127.711	0
3	checked	32	31	reset	61	112.763	0
3	checked	32	31	reset	62	116.359	0
3	checked	32	31	reset	63	114.215	0
3	checked	32	31	reset	64	114.046	0
3	checked	32	31	reset	65	110.539	0
3	checked	32	31	reset	66	140.655	0
3	checked	32	31	reset	67	3301.711	0
3	checked	32	31	reset	68	116.029	0
3	checked	32	31	reset	69	3314.405	0
3	checked	32	31	reset	70	109.296	0
3	checked	32	31	reset	71	124.245	0
3	checked	32	31	reset	72	148.701	0
3	checked	32	31	reset	73	109.076	0
3	checked	32	31	reset	74	113.214	0
3	checked	32	31	reset	75	121.95	0
3	checked	32	31	reset	76	109.406	0
3	checked	32	31	reset	77	107.372	0
3	checked	32	31	reset	78	111.26	0
3	checked	32	31	reset	79	110.709	0
3	checked	32	31	reset	80	121.429	0
3	checked	32	31	reset	81	105.279	0
3	checked	32	31	reset	82	3437.417	0
3	checked	32	31	reset	83	159.752	0
3	checked	32	31	reset	84	114.035	0
3	checked	32	31	reset	85	110.118	0
3	checked	32	31	reset	86	115.568	0
3	checked	32	31	reset	87	134.664	0
3	checked	32	31	reset	88	99.859	0
3	checked	32	31	reset	89	116.22	0
3	checked	32	31	reset	90	106.731	0
3	checked	32	31	reset	91	119.235	0
3	checked	32	31	reset	92	119.315	0
3	checked	32	31	reset	93	116.229	0
3	checked	32	31	reset	94	93.216	0
3	checked	32	31	reset	95	89.729	0
3	checked	32	31	reset	96	103.315	0
3	checked	32	31	reset	97	109.266	0
3	checked	32	31	reset	98	106.982	0
3	checked	32	31	reset	99	116.019	0
3	checked	32	31	reset	100	251.624	0
3	checked	32	31	reset	101	102.964	0
3	checked	32	31	reset	102	172.806	0
3	checked	32	31	reset	103	108.305	0
3	checked	32	31	reset	104	103.626	0
3	checked	32	31	reset	105	113.785	0
3	checked	32	31	reset	106	100.209	0
3	checked	32	31	reset	107	118.594	0
3	checked	32	31	reset	108	147.889	0
3	checked	32	31	reset	109	119.746	0
3	checked	32	31	reset	110	139.814	0
3	checked	32	31	reset	111	120.938	0
3	checked	32	31	reset	112	109.516	0
3	checked	32	31	reset	113	131.879	0
3	checked	32	31	reset	114	137.089	0
3	checked	32	31	reset	115	106.08	0
3	checked	32	31	reset	116	124.165	0
3	checked	32	31	reset	117	117.521	0
3	checked	32	31	reset	118	112.693	0
3	checked	32	31	reset	119	110.369	0
3	checked	32	31	reset	120	109.096	0
3	checked	32	31	reset	121	133.893	0
3	checked	32	31	reset	122	102.293	0
3	checked	32	31	reset	123	104.888	0
3	checked	32	31	reset	124	111.791	0
3	checked	32	31	reset	125	106.07	0
3	checked	32	31	reset	126	111.4	0
3	checked	32	31	reset	127	3628.667	0
3	checked	32	31	reset	128	148.33	0
3	checked	32	31	reset	129	3309.495	0
3	checked	32	31	reset	130	108.735	0
3	checked	32	31	reset	131	122.701	0
3	checked	32	31	reset	132	102.894	0
3	checked	32	31	reset	133	6507.81	0
3	checked	32	31	reset	134	129.385	0
3	checked	32	31	reset	135	245.413	0
3	checked	32	31	reset	136	1628.944	0
3	checked	32	31	reset	137	154.311	0
3	checked	32	31	reset	138	226.738	0
3	checked	32	31	reset	139	130.216	0
3	checked	32	31	reset	140	711.543	0
3	checked	32	31	reset	141	201.23	0
3	checked	32	31	reset	142	329.683	0
3	checked	32	31	reset	143	92.144	0
3	checked	32	31	reset	144	89.599	0
3	checked	32	31	reset	145	102.083	0
3	checked	32	31	reset	146	115.779	0
3	checked	32	31	reset	147	106.17	0
3	checked	32	31	reset	148	2161.92	0
3	checked	32	31	reset	149	224.895	0
3	checked	32	31	reset	150	3406.909	0
3	checked	32	31	reset	151	110.939	0
3	checked	32	31	reset	152	187.293	0
3	checked	32	31	reset	153	135.806	0
3	checked	32	31	reset	154	3424.893	0
3	checked	32	31	reset	155	176.784	0
3	checked	32	31	reset	156	139.373	0
3	checked	32	31	reset	157	121.61	0
3	checked	32	31	reset	158	111.049	0
3	checked	32	31	reset	159	113.765	0
3	checked	32	31	reset	160	119.195	0
3	checked	32	31	reset	161	128.452	0
3	checked	32	31	reset	162	143.861	0
3	checked	32	31	reset	163	108.645	0
3	checked	32	31	reset	164	116.66	0
3	checked	32	31	reset	165	118.924	0
3	checked	32	31	reset	166	114.756	0
3	checked	32	31	reset	167	115.679	0
3	checked	32	31	reset	168	107.432	0
3	checked	32	31	reset	169	101.461	0
3	checked	32	31	reset	170	143.791	0
3	checked	32	31	reset	171	136.417	0
3	checked	32	31	reset	172	102.534	0
3	checked	32	31	reset	173	115.628	0
3	checked	32	31	reset	174	105.77	0
3	checked	32	31	reset	175	125.527	0
3	checked	32	31	reset	176	113.024	0
3	checked	32	31	reset	177	109.516	0
3	checked	32	31	reset	178	117.933	0
3	checked	32	31	reset	179	116.509	0
3	checked	32	31	reset	180	105.098	0
3	checked	32	31	reset	181	89.93	0
3	checked	32	31	reset	182	92.575	0
3	checked	32	31	reset	183	107.122	0
3	checked	32	31	reset	184	108.084	0
3	checked	32	31	reset	185	107.563	0
3	checked	32	31	reset	186	106.942	0
3	checked	32	31	reset	187	110.068	0
3	checked	32	31	reset	188	142.489	0
3	checked	32	31	reset	189	120.237	0
3	checked	32	31	reset	190	116.6	0
3	checked	32	31	reset	191	167.606	0
3	checked	32	31	reset	192	119.325	0
3	checked	32	31	reset	193	304.545	0
3	checked	32	31	reset	194	183.186	0
3	checked	32	31	reset	195	232.268	0
3	checked	32	31	reset	196	117.602	0
3	checked	32	31	reset	197	117.913	0
3	checked	32	31	reset	198	113.203	0
3	checked	32	31	reset	199	155.394	0
3	checked	32	31	reset	200	114.676	0
3	checked	32	31	stall	1	5134.278	0
3	checked	32	31	stall	2	3617.175	0
3	checked	32	31	stall	3	4348.997	0
3	checked	32	31	stall	4	3013.687	0
3	checked	32	31	stall	5	3411.768	0
3	checked	32	31	stall	6	3911.822	0
3	checked	32	31	stall	7	4201.158	0
3	checked	32	31	stall	8	3666.679	0
3	checked	32	31	stall	9	1919.903	0
3	checked	32	31	stall	10	2772.592	0
3	checked	32	31	stall	11	4563.321	0
3	checked	32	31	stall	12	1917.909	0
3	checked	32	31	stall	13	3209.687	0
3	checked	32	31	stall	14	3645.679	0
3	checked	32	31	stall	15	3207.042	0
3	checked	32	31	stall	16	3413.021	0
3	checked	32	31	stall	17	3425.604	0
3	checked	32	31	stall	18	2783.522	0
3	checked	32	31	stall	19	4168.386	0
3	checked	32	31	stall	20	2849.056	0
3	checked	32	31	stall	21	2066.55	0
3	checked	32	31	stall	22	4365.137	0
3	checked	32	31	stall	23	2891.637	0
3	checked	32	31	stall	24	3495.566	0
3	checked	32	31	stall	25	3809.339	0
3	checked	32	31	stall	26	3412.65	0
3	checked	32	31	stall	27	1918.5	0
3	checked	32	31	stall	28	1926.705	0
3	checked	32	31	stall	29	4368.494	0
3	checked	32	31	stall	30	4377.04	0
3	checked	32	31	stall	31	2509.766	0
3	unsafe	32	31	reset	1	0.16	0
3	unsafe	32	31	reset	2	0.08	0
3	unsafe	32	31	reset	3	0.11	0
3	unsafe	32	31	reset	4	0.08	0
3	unsafe	32	31	reset	5	0.29	0
3	unsafe	32	31	reset	6	0.16	0
3	unsafe	32	31	reset	7	0.09	0
3	unsafe	32	31	reset	8	0.1	0
3	unsafe	32	31	reset	9	0.241	0
3	unsafe	32	31	reset	10	0.161	0
3	unsafe	32	31	reset	11	0.08	0
3	unsafe	32	31	reset	12	0.11	0
3	unsafe	32	31	reset	13	0.06	0
3	unsafe	32	31	reset	14	0.06	0
3	unsafe	32	31	reset	15	0.08	0
3	unsafe	32	31	reset	16	0.07	0
3	unsafe	32	31	reset	17	0.05	0
3	unsafe	32	31	reset	18	0.06	0
3	unsafe	32	31	reset	19	0.05	0
3	unsafe	32	31	reset	20	0.06	0
3	unsafe	32	31	reset	21	0.07	0
3	unsafe	32	31	reset	22	0.05	0
3	unsafe	32	31	reset	23	0.12	0
3	unsafe	32	31	reset	24	0.071	0
3	unsafe	32	31	reset	25	0.06	0
3	unsafe	32	31	reset	26	0.06	0
3	unsafe	32	31	reset	27	0.05	0
3	unsafe	32	31	reset	28	0.06	0
3	unsafe	32	31	reset	29	0.08	0
3	unsafe	32	31	reset	30	0.14	0
3	unsafe	32	31	reset	31	0.06	0
3	unsafe	32	31	reset	32	0.06	0
3	unsafe	32	31	reset	33	0.05	0
3	unsafe	32	31	reset	34	0.06	0
3	unsafe	32	31	reset	35	0.25	0
3	unsafe	32	31	reset	36	0.12	0
3	unsafe	32	31	reset	37	0.08	0
3	unsafe	32	31	reset	38	0.13	0
3	unsafe	32	31	reset	39	0.091	0
3	unsafe	32	31	reset	40	0.111	0
3	unsafe	32	31	reset	41	0.1	0
3	unsafe	32	31	reset	42	0.09	0
3	unsafe	32	31	reset	43	0.08	0
3	unsafe	32	31	reset	44	0.121	0
3	unsafe	32	31	reset	45	0.11	0
3	unsafe	32	31	reset	46	0.12	0
3	unsafe	32	31	reset	47	0.09	0
3	unsafe	32	31	reset	48	0.12	0
3	unsafe	32	31	reset	49	0.091	0
3	unsafe	32	31	reset	50	0.1	0
3	unsafe	32	31	reset	51	0.09	0
3	unsafe	32	31	reset	52	0.131	0
3	unsafe	32	31	reset	53	0.1	0
3	unsafe	32	31	reset	54	0.1	0
3	unsafe	32	31	reset	55	0.1	0
3	unsafe	32	31	reset	56	0.1	0
3	unsafe	32	31	reset	57	0.09	0
3	unsafe	32	31	reset	58	0.11	0
3	unsafe	32	31	reset	59	0.11	0
3	unsafe	32	31	reset	60	0.09	0
3	unsafe	32	31	reset	61	0.11	0
3	unsafe	32	31	reset	62	0.1	0
3	unsafe	32	31	reset	63	0.1	0
3	unsafe	32	31	reset	64	0.101	0
3	unsafe	32	31	reset	65	0.1	0
3	unsafe	32	31	reset	66	0.12	0
3	unsafe	32	31	reset	67	0.101	0
3	unsafe	32	31	reset	68	0.101	0
3	unsafe	32	31	reset	69	0.1	0
3	unsafe	32	31	reset	70	0.1	0
3	unsafe	32	31	reset	71	0.09	0
3	unsafe	32	31	reset	72	0.12	0
3	unsafe	32	31	reset	73	0.1	0
3	unsafe	32	31	reset	74	0.101	0
3	unsafe	32	31	reset	75	0.09	0
3	unsafe	32	31	reset	76	0.12	0
3	unsafe	32	31	reset	77	0.11	0
3	unsafe	32	31	reset	78	0.12	0
3	unsafe	32	31	reset	79	0.09	0
3	unsafe	32	31	reset	80	0.12	0
3	unsafe	32	31	reset	81	0.1	0
3	unsafe	32	31	reset	82	0.1	0
3	unsafe	32	31	reset	83	0.091	0
3	unsafe	32	31	reset	84	0.121	0
3	unsafe	32	31	reset	85	0.091	0
3	unsafe	32	31	reset	86	0.11	0
3	unsafe	32	31	reset	87	0.12	0
3	unsafe	32	31	reset	88	0.11	0
3	unsafe	32	31	reset	89	0.12	0
3	unsafe	32	31	reset	90	0.11	0
3	unsafe	32	31	reset	91	0.111	0
3	unsafe	32	31	reset	92	0.1	0
3	unsafe	32	31	reset	93	0.12	0
3	unsafe	32	31	reset	94	0.11	0
3	unsafe	32	31	reset	95	0.11	0
3	unsafe	32	31	reset	96	0.11	0
3	unsafe	32	31	reset	97	0.11	0
3	unsafe	32	31	reset	98	0.141	0
3	unsafe	32	31	reset	99	0.11	0
3	unsafe	32	31	reset	100	0.12	0
3	unsafe	32	31	reset	101	0.11	0
3	unsafe	32	31	reset	102	0.121	0
3	unsafe	32	31	reset	103	0.1	0
3	unsafe	32	31	reset	104	0.11	0
3	unsafe	32	31	reset	105	0.11	0
3	unsafe	32	31	reset	106	0.121	0
3	unsafe	32	31	reset	107	0.101	0
3	unsafe	32	31	reset	108	0.09	0
3	unsafe	32	31	reset	109	0.12	0
3	unsafe	32	31	reset	110	0.11	0
3	unsafe	32	31	reset	111	0.1	0
3	unsafe	32	31	reset	112	0.11	0
3	unsafe	32	31	reset	113	0.111	0
3	unsafe	32	31	reset	114	0.13	0
3	unsafe	32	31	reset	115	0.11	0
3	unsafe	32	31	reset	116	0.09	0
3	unsafe	32	31	reset	117	0.11	0
3	unsafe	32	31	reset	118	0.111	0
3	unsafe	32	31	reset	119	0.09	0
3	unsafe	32	31	reset	120	0.09	0
3	unsafe	32	31	reset	121	0.11	0
3	unsafe	32	31	reset	122	0.12	0
3	unsafe	32	31	reset	123	0.13	0
3	unsafe	32	31	reset	124	0.121	0
3	unsafe	32	31	reset	125	0.11	0
3	unsafe	32	31	reset	126	0.11	0
3	unsafe	32	31	reset	127	0.1	0
3	unsafe	32	31	reset	128	0.11	0
3	unsafe	32	31	reset	129	0.12	0
3	unsafe	32	31	reset	130	0.1	0
3	unsafe	32	31	reset	131	0.1	0
3	unsafe	32	31	reset	132	0.09	0
3	unsafe	32	31	reset	133	0.1	0
3	unsafe	32	31	reset	134	0.1	0
3	unsafe	32	31	reset	135	0.11	0
3	unsafe	32	31	reset	136	0.08	0
3	unsafe	32	31	reset	137	0.12	0
3	unsafe	32	31	reset	138	0.11	0
3	unsafe	32	31	reset	139	0.281	0
3	unsafe	32	31	reset	140	0.1	0
3	unsafe	32	31	reset	141	0.11	0
3	unsafe	32	31	reset	142	0.111	0
3	unsafe	32	31	reset	143	0.11	0
3	unsafe	32	31	reset	144	0.1	0
3	unsafe	32	31	reset	145	0.1	0
3	unsafe	32	31	reset	146	0.11	0
3	unsafe	32	31	reset	147	0.111	0
3	unsafe	32	31	reset	148	0.101	0
3	unsafe	32	31	reset	149	0.12	0
3	unsafe	32	31	reset	150	0.12	0
3	unsafe	32	31	reset	151	0.11	0
3	unsafe	32	31	reset	152	0.1	0
3	unsafe	32	31	reset	153	0.11	0
3	unsafe	32	31	reset	154	0.11	0
3	unsafe	32	31	reset	155	0.11	0
3	unsafe	32	31	reset	156	0.1	0
3	unsafe	32	31	reset	157	0.11	0
3	unsafe	32	31	reset	158	0.13	0
3	unsafe	32	31	reset	159	0.1	0
3	unsafe	32	31	reset	160	0.091	0
3	unsafe	32	31	reset	161	0.12	0
3	unsafe	32	31	reset	162	0.12	0
3	unsafe	32	31	reset	163	0.09	0
3	unsafe	32	31	reset	164	0.09	0
3	unsafe	32	31	reset	165	0.11	0
3	unsafe	32	31	reset	166	0.11	0
3	unsafe	32	31	reset	167	0.11	0
3	unsafe	32	31	reset	168	0.101	0
3	unsafe	32	31	reset	169	0.11	0
3	unsafe	32	31	reset	170	0.11	0
3	unsafe	32	31	reset	171	0.12	0
3	unsafe	32	31	reset	172	0.091	0
3	unsafe	32	31	reset	173	0.12	0
3	unsafe	32	31	reset	174	0.09	0
3	unsafe	32	31	reset	175	0.12	0
3	unsafe	32	31	reset	176	0.091	0
3	unsafe	32	31	reset	177	0.09	0
3	unsafe	32	31	reset	178	0.11	0
3	unsafe	32	31	reset	179	0.1	0
3	unsafe	32	31	reset	180	0.101	0
3	unsafe	32	31	reset	181	0.11	0
3	unsafe	32	31	reset	182	0.1	0
3	unsafe	32	31	reset	183	0.111	0
3	unsafe	32	31	reset	184	0.11	0
3	unsafe	32	31	reset	185	0.09	0
3	unsafe	32	31	reset	186	0.12	0
3	unsafe	32	31	reset	187	0.12	0
3	unsafe	32	31	reset	188	0.11	0
3	unsafe	32	31	reset	189	0.101	0
3	unsafe	32	31	reset	190	0.111	0
3	unsafe	32	31	reset	191	0.11	0
3	unsafe	32	31	reset	192	0.11	0
3	unsafe	32	31	reset	193	0.1	0
3	unsafe	32	31	reset	194	0.11	0
3	unsafe	32	31	reset	195	0.1	0
3	unsafe	32	31	reset	196	0.1	0
3	unsafe	32	31	reset	197	0.1	0
3	unsafe	32	31	reset	198	0.11	0
3	unsafe	32	31	reset	199	0.11	0
3	unsafe	32	31	reset	200	0.11	0
3	unsafe	32	31	stall	1	3006.173	0
3	unsafe	32	31	stall	2	0.0	0
3	unsafe	32	31	stall	3	3008.236	0
3	unsafe	32	31	stall	4	0.0	0
3	unsafe	32	31	stall	5	0.0	0
3	unsafe	32	31	stall	6	0.0	0
3	unsafe	32	31	stall	7	0.0	0
3	unsafe	32	31	stall	8	0.0	0
3	unsafe	32	31	stall	9	431.695	0
3	unsafe	32	31	stall	10	0.0	0
3	unsafe	32	31	stall	11	0.0	0
3	unsafe	32	31	stall	12	0.0	0
3	unsafe	32	31	stall	13	0.0	0
3	unsafe	32	31	stall	14	0.0	0
3	unsafe	32	31	stall	15	0.0	0
3	unsafe	32	31	stall	16	0.0	0
3	unsafe	32	31	stall	17	4003.545	0
3	unsafe	32	31	stall	18	3769.533	0
3	unsafe	32	31	stall	19	770.414	0
3	unsafe	32	31	stall	20	96.532	0
3	unsafe	32	31	stall	21	0.0	0
3	unsafe	32	31	stall	22	0.0	0
3	unsafe	32	31	stall	23	881.203	0
3	unsafe	32	31	stall	24	0.0	0
3	unsafe	32	31	stall	25	0.0	0
3	unsafe	32	31	stall	26	0.0	0
3	unsafe	32	31	stall	27	0.0	0
3	unsafe	32	31	stall	28	0.0	0
3	unsafe	32	31	stall	29	995.628	0
3	unsafe	32	31	stall	30	0.0	0
3	unsafe	32	31	stall	31	0.0	0
4	checked	1	0	reset	1	28.895	0
4	checked	1	0	reset	2	27.191	0
4	checked	1	0	reset	3	26.76	0
4	checked	1	0	reset	4	27.041	0
4	checked	1	0	reset	5	26.7	0
4	checked	1	0	reset	6	27.111	0
4	checked	1	0	reset	7	27.993	0
4	checked	1	0	reset	8	27.372	0
4	checked	1	0	reset	9	27.121	0
4	checked	1	0	reset	10	30.137	0
4	checked	1	0	reset	11	26.94	0
4	checked	1	0	reset	12	27.161	0
4	checked	1	0	reset	13	27.232	0
4	checked	1	0	reset	14	27.372	0
4	checked	1	0	reset	15	26.981	0
4	checked	1	0	reset	16	27.201	0
4	checked	1	0	reset	17	27.201	0
4	checked	1	0	reset	18	28.364	0
4	checked	1	0	reset	19	28.334	0
4	checked	1	0	reset	20	27.452	0
4	checked	1	0	reset	21	27.491	0
4	checked	1	0	reset	22	27.993	0
4	checked	1	0	reset	23	28.353	0
4	checked	1	0	reset	24	27.411	0
4	checked	1	0	reset	25	26.981	0
4	checked	1	0	reset	26	27.652	0
4	checked	1	0	reset	27	27.422	0
4	checked	1	0	reset	28	28.033	0
4	checked	1	0	reset	29	27.622	0
4	checked	1	0	reset	30	28.574	0
4	checked	1	0	reset	31	27.883	0
4	checked	1	0	reset	32	28.213	0
4	checked	1	0	reset	33	27.372	0
4	checked	1	0	reset	34	27.793	0
4	checked	1	0	reset	35	27.191	0
4	checked	1	0	reset	36	28.063	0
4	checked	1	0	reset	37	27.392	0
4	checked	1	0	reset	38	27.471	0
4	checked	1	0	reset	39	27.211	0
4	checked	1	0	reset	40	26.911	0
4	checked	1	0	reset	41	26.961	0
4	checked	1	0	reset	42	26.951	0
4	checked	1	0	reset	43	26.84	0
4	checked	1	0	reset	44	26.951	0
4	checked	1	0	reset	45	26.801	0
4	checked	1	0	reset	46	26.891	0
4	checked	1	0	reset	47	27.031	0
4	checked	1	0	reset	48	27.512	0
4	checked	1	0	reset	49	27.633	0
4	checked	1	0	reset	50	30.968	0
4	checked	1	0	reset	51	28.393	0
4	checked	1	0	reset	52	28.123	0
4	checked	1	0	reset	53	27.171	0
4	checked	1	0	reset	54	27.232	0
4	checked	1	0	reset	55	27.101	0
4	checked	1	0	reset	56	27.391	0
4	checked	1	0	reset	57	30.177	0
4	checked	1	0	reset	58	27.161	0
4	checked	1	0	reset	59	27.172	0
4	checked	1	0	reset	60	27.733	0
4	checked	1	0	reset	61	27.001	0
4	checked	1	0	reset	62	27.071	0
4	checked	1	0	reset	63	26.891	0
4	checked	1	0	reset	64	27.041	0
4	checked	1	0	reset	65	26.911	0
4	checked	1	0	reset	66	27.021	0
4	checked	1	0	reset	67	27.051	0
4	checked	1	0	reset	68	27.001	0
4	checked	1	0	reset	69	26.861	0
4	checked	1	0	reset	70	27.051	0
4	checked	1	0	reset	71	26.951	0
4	checked	1	0	reset	72	26.871	0
4	checked	1	0	reset	73	26.941	0
4	checked	1	0	reset	74	28.203	0
4	checked	1	0	reset	75	26.921	0
4	checked	1	0	reset	76	26.95	0
4	checked	1	0	reset	77	27.011	0
4	checked	1	0	reset	78	26.981	0
4	checked	1	0	reset	79	26.851	0
4	checked	1	0	reset	80	26.981	0
4	checked	1	0	reset	81	26.93	0
4	checked	1	0	reset	82	27.021	0
4	checked	1	0	reset	83	26.961	0
4	checked	1	0	reset	84	26.9	0
4	checked	1	0	reset	85	26.86	0
4	checked	1	0	reset	86	26.921	0
4	checked	1	0	reset	87	26.901	0
4	checked	1	0	reset	88	26.83	0
4	checked	1	0	reset	89	26.85	0
4	checked	1	0	reset	90	26.921	0
4	checked	1	0	reset	91	26.83	0
4	checked	1	0	reset	92	27.122	0
4	checked	1	0	reset	93	27.111	0
4	checked	1	0	reset	94	27.001	0
4	checked	1	0	reset	95	27.181	0
4	checked	1	0	reset	96	26.981	0
4	checked	1	0	reset	97	28.244	0
4	checked	1	0	reset	98	26.971	0
4	checked	1	0	reset	99	26.901	0
4	checked	1	0	reset	100	27.021	0
4	checked	1	0	reset	101	26.941	0
4	checked	1	0	reset	102	26.93	0
4	checked	1	0	reset	103	26.961	0
4	checked	1	0	reset	104	29.656	0
4	checked	1	0	reset	105	26.811	0
4	checked	1	0	reset	106	26.971	0
4	checked	1	0	reset	107	26.84	0
4	checked	1	0	reset	108	26.961	0
4	checked	1	0	reset	109	26.82	0
4	checked	1	0	reset	110	27.111	0
4	checked	1	0	reset	111	27.342	0
4	checked	1	0	reset	112	26.951	0
4	checked	1	0	reset	113	26.951	0
4	checked	1	0	reset	114	26.941	0
4	checked	1	0	reset	115	26.911	0
4	checked	1	0	reset	116	26.951	0
4	checked	1	0	reset	117	26.86	0
4	checked	1	0	reset	118	26.941	0
4	checked	1	0	reset	119	26.76	0
4	checked	1	0	reset	120	26.861	0
4	checked	1	0	reset	121	26.82	0
4	checked	1	0	reset	122	26.891	0
4	checked	1	0	reset	123	26.971	0
4	checked	1	0	reset	124	27.121	0
4	checked	1	0	reset	125	26.911	0
4	checked	1	0	reset	126	27.192	0
4	checked	1	0	reset	127	26.861	0
4	checked	1	0	reset	128	26.971	0
4	checked	1	0	reset	129	26.941	0
4	checked	1	0	reset	130	26.951	0
4	checked	1	0	reset	131	26.871	0
4	checked	1	0	reset	132	26.951	0
4	checked	1	0	reset	133	26.971	0
4	checked	1	0	reset	134	27.051	0
4	checked	1	0	reset	135	26.971	0
4	checked	1	0	reset	136	26.971	0
4	checked	1	0	reset	137	26.871	0
4	checked	1	0	reset	138	27.011	0
4	checked	1	0	reset	139	26.911	0
4	checked	1	0	reset	140	26.921	0
4	checked	1	0	reset	141	26.871	0
4	checked	1	0	reset	142	26.9	0
4	checked	1	0	reset	143	26.86	0
4	checked	1	0	reset	144	26.981	0
4	checked	1	0	reset	145	27.001	0
4	checked	1	0	reset	146	26.951	0
4	checked	1	0	reset	147	26.851	0
4	checked	1	0	reset	148	26.98	0
4	checked	1	0	reset	149	26.851	0
4	checked	1	0	reset	150	26.961	0
4	checked	1	0	reset	151	26.961	0
4	checked	1	0	reset	152	26.931	0
4	checked	1	0	reset	153	26.92	0
4	checked	1	0	reset	154	26.911	0
4	checked	1	0	reset	155	26.811	0
4	checked	1	0	reset	156	27.162	0
4	checked	1	0	reset	157	26.91	0
4	checked	1	0	reset	158	29.676	0
4	checked	1	0	reset	159	26.821	0
4	checked	1	0	reset	160	26.951	0
4	checked	1	0	reset	161	27.051	0
4	checked	1	0	reset	162	26.961	0
4	checked	1	0	reset	163	26.861	0
4	checked	1	0	reset	164	26.921	0
4	checked	1	0	reset	165	26.901	0
4	checked	1	0	reset	166	26.931	0
4	checked	1	0	reset	167	27.121	0
4	checked	1	0	reset	168	27.532	0
4	checked	1	0	reset	169	26.901	0
4	checked	1	0	reset	170	26.981	0
4	checked	1	0	reset	171	26.801	0
4	checked	1	0	reset	172	26.941	0
4	checked	1	0	reset	173	27.141	0
4	checked	1	0	reset	174	26.931	0
4	checked	1	0	reset	175	26.841	0
4	checked	1	0	reset	176	26.891	0
4	checked	1	0	reset	177	27.021	0
4	checked	1	0	reset	178	27.121	0
4	checked	1	0	reset	179	26.931	0
4	checked	1	0	reset	180	26.921	0
4	checked	1	0	reset	181	26.83	0
4	checked	1	0	reset	182	26.941	0
4	checked	1	0	reset	183	26.931	0
4	checked	1	0	reset	184	27.051	0
4	checked	1	0	reset	185	26.851	0
4	checked	1	0	reset	186	26.921	0
4	checked	1	0	reset	187	26.851	0
4	checked	1	0	reset	188	27.112	0
4	checked	1	0	reset	189	26.861	0
4	checked	1	0	reset	190	27.572	0
4	checked	1	0	reset	191	26.811	0
4	checked	1	0	reset	192	26.931	0
4	checked	1	0	reset	193	26.841	0
4	checked	1	0	reset	194	27.0	0
4	checked	1	0	reset	195	26.841	0
4	checked	1	0	reset	196	26.921	0
4	checked	1	0	reset	197	26.921	0
4	checked	1	0	reset	198	27.011	0
4	checked	1	0	reset	199	26.981	0
4	checked	1	0	reset	200	26.891	0
4	unsafe	1	0	reset	1	0.151	0
4	unsafe	1	0	reset	2	0.071	0
4	unsafe	1	0	reset	3	0.14	0
4	unsafe	1	0	reset	4	0.07	0
4	unsafe	1	0	reset	5	0.07	0
4	unsafe	1	0	reset	6	0.07	0
4	unsafe	1	0	reset	7	0.07	0
4	unsafe	1	0	reset	8	0.07	0
4	unsafe	1	0	reset	9	0.07	0
4	unsafe	1	0	reset	10	0.07	0
4	unsafe	1	0	reset	11	0.08	0
4	unsafe	1	0	reset	12	0.08	0
4	unsafe	1	0	reset	13	0.08	0
4	unsafe	1	0	reset	14	0.07	0
4	unsafe	1	0	reset	15	0.06	0
4	unsafe	1	0	reset	16	0.08	0
4	unsafe	1	0	reset	17	0.07	0
4	unsafe	1	0	reset	18	0.06	0
4	unsafe	1	0	reset	19	0.07	0
4	unsafe	1	0	reset	20	0.071	0
4	unsafe	1	0	reset	21	0.071	0
4	unsafe	1	0	reset	22	0.081	0
4	unsafe	1	0	reset	23	0.081	0
4	unsafe	1	0	reset	24	0.07	0
4	unsafe	1	0	reset	25	0.061	0
4	unsafe	1	0	reset	26	0.07	0
4	unsafe	1	0	reset	27	0.081	0
4	unsafe	1	0	reset	28	0.06	0
4	unsafe	1	0	reset	29	0.07	0
4	unsafe	1	0	reset	30	0.08	0
4	unsafe	1	0	reset	31	0.07	0
4	unsafe	1	0	reset	32	0.071	0
4	unsafe	1	0	reset	33	0.071	0
4	unsafe	1	0	reset	34	0.07	0
4	unsafe	1	0	reset	35	0.07	0
4	unsafe	1	0	reset	36	0.07	0
4	unsafe	1	0	reset	37	0.08	0
4	unsafe	1	0	reset	38	0.07	0
4	unsafe	1	0	reset	39	0.071	0
4	unsafe	1	0	reset	40	0.07	0
4	unsafe	1	0	reset	41	0.07	0
4	unsafe	1	0	reset	42	0.07	0
4	unsafe	1	0	reset	43	0.071	0
4	unsafe	1	0	reset	44	0.07	0
4	unsafe	1	0	reset	45	0.07	0
4	unsafe	1	0	reset	46	0.07	0
4	unsafe	1	0	reset	47	0.07	0
4	unsafe	1	0	reset	48	0.071	0
4	unsafe	1	0	reset	49	0.071	0
4	unsafe	1	0	reset	50	0.1	0
4	unsafe	1	0	reset	51	0.07	0
4	unsafe	1	0	reset	52	0.07	0
4	unsafe	1	0	reset	53	0.08	0
4	unsafe	1	0	reset	54	0.07	0
4	unsafe	1	0	reset	55	0.07	0
4	unsafe	1	0	reset	56	0.07	0
4	unsafe	1	0	reset	57	0.07	0
4	unsafe	1	0	reset	58	0.141	0
4	unsafe	1	0	reset	59	0.07	0
4	unsafe	1	0	reset	60	0.071	0
4	unsafe	1	0	reset	61	0.07	0
4	unsafe	1	0	reset	62	0.07	0
4	unsafe	1	0	reset	63	0.07	0
4	unsafe	1	0	reset	64	0.09	0
4	unsafe	1	0	reset	65	0.07	0
4	unsafe	1	0	reset	66	0.07	0
4	unsafe	1	0	reset	67	0.08	0
4	unsafe	1	0	reset	68	0.071	0
4	unsafe	1	0	reset	69	0.07	0
4	unsafe	1	0	reset	70	0.07	0
4	unsafe	1	0	reset	71	0.071	0
4	unsafe	1	0	reset	72	0.08	0
4	unsafe	1	0	reset	73	0.08	0
4	unsafe	1	0	reset	74	0.08	0
4	unsafe	1	0	reset	75	0.07	0
4	unsafe	1	0	reset	76	0.07	0
4	unsafe	1	0	reset	77	0.08	0
4	unsafe	1	0	reset	78	0.08	0
4	unsafe	1	0	reset	79	0.08	0
4	unsafe	1	0	reset	80	0.071	0
4	unsafe	1	0	reset	81	0.07	0
4	unsafe	1	0	reset	82	0.07	0
4	unsafe	1	0	reset	83	0.07	0
4	unsafe	1	0	reset	84	0.071	0
4	unsafe	1	0	reset	85	0.07	0
4	unsafe	1	0	reset	86	0.07	0
4	unsafe	1	0	reset	87	0.07	0
4	unsafe	1	0	reset	88	0.07	0
4	unsafe	1	0	reset	89	0.08	0
4	unsafe	1	0	reset	90	0.071	0
4	unsafe	1	0	reset	91	0.07	0
4	unsafe	1	0	reset	92	0.07	0
4	unsafe	1	0	reset	93	0.07	0
4	unsafe	1	0	reset	94	0.07	0
4	unsafe	1	0	reset	95	0.07	0
4	unsafe	1	0	reset	96	0.07	0
4	unsafe	1	0	reset	97	0.07	0
4	unsafe	1	0	reset	98	0.07	0
4	unsafe	1	0	reset	99	0.07	0
4	unsafe	1	0	reset	100	0.07	0
4	unsafe	1	0	reset	101	0.081	0
4	unsafe	1	0	reset	102	0.07	0
4	unsafe	1	0	reset	103	0.07	0
4	unsafe	1	0	reset	104	0.07	0
4	unsafe	1	0	reset	105	0.071	0
4	unsafe	1	0	reset	106	0.07	0
4	unsafe	1	0	reset	107	0.071	0
4	unsafe	1	0	reset	108	0.07	0
4	unsafe	1	0	reset	109	0.071	0
4	unsafe	1	0	reset	110	0.06	0
4	unsafe	1	0	reset	111	0.07	0
4	unsafe	1	0	reset	112	0.06	0
4	unsafe	1	0	reset	113	0.07	0
4	unsafe	1	0	reset	114	0.07	0
4	unsafe	1	0	reset	115	0.07	0
4	unsafe	1	0	reset	116	0.07	0
4	unsafe	1	0	reset	117	0.07	0
4	unsafe	1	0	reset	118	0.07	0
4	unsafe	1	0	reset	119	0.07	0
4	unsafe	1	0	reset	120	0.07	0
4	unsafe	1	0	reset	121	0.071	0
4	unsafe	1	0	reset	122	0.06	0
4	unsafe	1	0	reset	123	0.07	0
4	unsafe	1	0	reset	124	0.07	0
4	unsafe	1	0	reset	125	0.071	0
4	unsafe	1	0	reset	126	0.081	0
4	unsafe	1	0	reset	127	0.071	0
4	unsafe	1	0	reset	128	0.07	0
4	unsafe	1	0	reset	129	0.07	0
4	unsafe	1	0	reset	130	0.06	0
4	unsafe	1	0	reset	131	0.06	0
4	unsafe	1	0	reset	132	0.07	0
4	unsafe	1	0	reset	133	0.07	0
4	unsafe	1	0	reset	134	0.07	0
4	unsafe	1	0	reset	135	0.06	0
4	unsafe	1	0	reset	136	0.07	0
4	unsafe	1	0	reset	137	0.07	0
4	unsafe	1	0	reset	138	0.071	0
4	unsafe	1	0	reset	139	0.07	0
4	unsafe	1	0	reset	140	0.07	0
4	unsafe	1	0	reset	141	0.07	0
4	unsafe	1	0	reset	142	0.12	0
4	unsafe	1	0	reset	143	0.071	0
4	unsafe	1	0	reset	144	0.08	0
4	unsafe	1	0	reset	145	0.07	0
4	unsafe	1	0	reset	146	0.071	0
4	unsafe	1	0	reset	147	0.08	0
4	unsafe	1	0	reset	148	0.06	0
4	unsafe	1	0	reset	149	0.07	0
4	unsafe	1	0	reset	150	0.07	0
4	unsafe	1	0	reset	151	0.07	0
4	unsafe	1	0	reset	152	0.07	0
4	unsafe	1	0	reset	153	0.08	0
4	unsafe	1	0	reset	154	0.07	0
4	unsafe	1	0	reset	155	0.07	0
4	unsafe	1	0	reset	156	0.07	0
4	unsafe	1	0	reset	157	0.07	0
4	unsafe	1	0	reset	158	0.07	0
4	unsafe	1	0	reset	159	0.06	0
4	unsafe	1	0	reset	160	0.07	0
4	unsafe	1	0	reset	161	0.08	0
4	unsafe	1	0	reset	162	0.07	0
4	unsafe	1	0	reset	163	0.07	0
4	unsafe	1	0	reset	164	0.07	0
4	unsafe	1	0	reset	165	0.07	0
4	unsafe	1	0	reset	166	0.07	0
4	unsafe	1	0	reset	167	0.06	0
4	unsafe	1	0	reset	168	0.07	0
4	unsafe	1	0	reset	169	0.06	0
4	unsafe	1	0	reset	170	0.07	0
4	unsafe	1	0	reset	171	0.071	0
4	unsafe	1	0	reset	172	0.07	0
4	unsafe	1	0	reset	173	0.071	0
4	unsafe	1	0	reset	174	0.08	0
4	unsafe	1	0	reset	175	0.07	0
4	unsafe	1	0	reset	176	0.07	0
4	unsafe	1	0	reset	177	0.08	0
4	unsafe	1	0	reset	178	0.07	0
4	unsafe	1	0	reset	179	0.07	0
4	unsafe	1	0	reset	180	0.1	0
4	unsafe	1	0	reset	181	0.07	0
4	unsafe	1	0	reset	182	0.07	0
4	unsafe	1	0	reset	183	0.081	0
4	unsafe	1	0	reset	184	0.07	0
4	unsafe	1	0	reset	185	0.08	0
4	unsafe	1	0	reset	186	0.081	0
4	unsafe	1	0	reset	187	0.061	0
4	unsafe	1	0	reset	188	0.08	0
4	unsafe	1	0	reset	189	0.061	0
4	unsafe	1	0	reset	190	0.08	0
4	unsafe	1	0	reset	191	0.07	0
4	unsafe	1	0	reset	192	0.071	0
4	unsafe	1	0	reset	193	0.07	0
4	unsafe	1	0	reset	194	0.071	0
4	unsafe	1	0	reset	195	0.07	0
4	unsafe	1	0	reset	196	0.07	0
4	unsafe	1	0	reset	197	0.07	0
4	unsafe	1	0	reset	198	0.07	0
4	unsafe	1	0	reset	199	0.07	0
4	unsafe	1	0	reset	200	0.07	0
4	checked	4	3	reset	1	84.519	0
4	checked	4	3	reset	2	67.728	0
4	checked	4	3	reset	3	109.025	0
4	checked	4	3	reset	4	89.669	0
4	checked	4	3	reset	5	31.049	0
4	checked	4	3	reset	6	32.161	0
4	checked	4	3	reset	7	31.169	0
4	checked	4	3	reset	8	31.249	0
4	checked	4	3	reset	9	31.79	0
4	checked	4	3	reset	10	30.788	0
4	checked	4	3	reset	11	30.548	0
4	checked	4	3	reset	12	30.978	0
4	checked	4	3	reset	13	39.324	0
4	checked	4	3	reset	14	30.658	0
4	checked	4	3	reset	15	30.428	0
4	checked	4	3	reset	16	29.836	0
4	checked	4	3	reset	17	30.397	0
4	checked	4	3	reset	18	29.987	0
4	checked	4	3	reset	19	29.896	0
4	checked	4	3	reset	20	30.167	0
4	checked	4	3	reset	21	31.84	0
4	checked	4	3	reset	22	1049.861	0
4	checked	4	3	reset	23	45.676	0
4	checked	4	3	reset	24	41.559	0
4	checked	4	3	reset	25	39.695	0
4	checked	4	3	reset	26	39.504	0
4	checked	4	3	reset	27	38.853	0
4	checked	4	3	reset	28	37.541	0
4	checked	4	3	reset	29	37.36	0
4	checked	4	3	reset	30	39.515	0
4	checked	4	3	reset	31	185.831	0
4	checked	4	3	reset	32	78.559	0
4	checked	4	3	reset	33	66.285	0
4	checked	4	3	reset	34	59.903	0
4	checked	4	3	reset	35	38.473	0
4	checked	4	3	reset	36	36.569	0
4	checked	4	3	reset	37	36.108	0
4	checked	4	3	reset	38	34.355	0
4	checked	4	3	reset	39	34.275	0
4	checked	4	3	reset	40	33.794	0
4	checked	4	3	reset	41	33.714	0
4	checked	4	3	reset	42	35.898	0
4	checked	4	3	reset	43	34.445	0
4	checked	4	3	reset	44	36.308	0
4	checked	4	3	reset	45	33.393	0
4	checked	4	3	reset	46	33.343	0
4	checked	4	3	reset	47	34.845	0
4	checked	4	3	reset	48	34.515	0
4	checked	4	3	reset	49	33.994	0
4	checked	4	3	reset	50	34.234	0
4	checked	4	3	reset	51	37.18	0
4	checked	4	3	reset	52	35.667	0
4	checked	4	3	reset	53	36.96	0
4	checked	4	3	reset	54	41.418	0
4	checked	4	3	reset	55	35.507	0
4	checked	4	3	reset	56	37.03	0
4	checked	4	3	reset	57	38.583	0
4	checked	4	3	reset	58	34.835	0
4	checked	4	3	reset	59	35.266	0
4	checked	4	3	reset	60	34.425	0
4	checked	4	3	reset	61	34.195	0
4	checked	4	3	reset	62	36.639	0
4	checked	4	3	reset	63	37.521	0
4	checked	4	3	reset	64	37.029	0
4	checked	4	3	reset	65	36.389	0
4	checked	4	3	reset	66	37.762	0
4	checked	4	3	reset	67	40.015	0
4	checked	4	3	reset	68	41.108	0
4	checked	4	3	reset	69	36.178	0
4	checked	4	3	reset	70	35.717	0
4	checked	4	3	reset	71	34.455	0
4	checked	4	3	reset	72	35.527	0
4	checked	4	3	reset	73	34.595	0
4	checked	4	3	reset	74	33.884	0
4	checked	4	3	reset	75	34.204	0
4	checked	4	3	reset	76	36.138	0
4	checked	4	3	reset	77	35.476	0
4	checked	4	3	reset	78	35.477	0
4	checked	4	3	reset	79	34.375	0
4	checked	4	3	reset	80	34.595	0
4	checked	4	3	reset	81	35.688	0
4	checked	4	3	reset	82	35.016	0
4	checked	4	3	reset	83	35.036	0
4	checked	4	3	reset	84	34.706	0
4	checked	4	3	reset	85	35.898	0
4	checked	4	3	reset	86	36.539	0
4	checked	4	3	reset	87	35.346	0
4	checked	4	3	reset	88	36.489	0
4	checked	4	3	reset	89	34.265	0
4	checked	4	3	reset	90	34.345	0
4	checked	4	3	reset	91	33.764	0
4	checked	4	3	reset	92	53.932	0
4	checked	4	3	reset	93	35.437	0
4	checked	4	3	reset	94	35.677	0
4	checked	4	3	reset	95	34.585	0
4	checked	4	3	reset	96	34.966	0
4	checked	4	3	reset	97	36.87	0
4	checked	4	3	reset	98	33.864	0
4	checked	4	3	reset	99	36.468	0
4	checked	4	3	reset	100	34.094	0
4	checked	4	3	reset	101	35.738	0
4	checked	4	3	reset	102	34.776	0
4	checked	4	3	reset	103	35.568	0
4	checked	4	3	reset	104	35.107	0
4	checked	4	3	reset	105	39.414	0
4	checked	4	3	reset	106	34.255	0
4	checked	4	3	reset	107	35.487	0
4	checked	4	3	reset	108	42.15	0
4	checked	4	3	reset	109	35.787	0
4	checked	4	3	reset	110	34.355	0
4	checked	4	3	reset	111	35.136	0
4	checked	4	3	reset	112	37.881	0
4	checked	4	3	reset	113	35.206	0
4	checked	4	3	reset	114	34.605	0
4	checked	4	3	reset	115	35.116	0
4	checked	4	3	reset	116	35.927	0
4	checked	4	3	reset	117	34.956	0
4	checked	4	3	reset	118	36.149	0
4	checked	4	3	reset	119	34.886	0
4	checked	4	3	reset	120	35.126	0
4	checked	4	3	reset	121	36.018	0
4	checked	4	3	reset	122	35.136	0
4	checked	4	3	reset	123	34.796	0
4	checked	4	3	reset	124	35.136	0
4	checked	4	3	reset	125	34.164	0
4	checked	4	3	reset	126	34.265	0
4	checked	4	3	reset	127	33.794	0
4	checked	4	3	reset	128	34.265	0
4	checked	4	3	reset	129	35.076	0
4	checked	4	3	reset	130	34.535	0
4	checked	4	3	reset	131	34.656	0
4	checked	4	3	reset	132	35.036	0
4	checked	4	3	reset	133	36.96	0
4	checked	4	3	reset	134	36.679	0
4	checked	4	3	reset	135	36.028	0
4	checked	4	3	reset	136	35.597	0
4	checked	4	3	reset	137	35.296	0
4	checked	4	3	reset	138	34.755	0
4	checked	4	3	reset	139	34.875	0
4	checked	4	3	reset	140	35.056	0
4	checked	4	3	reset	141	36.028	0
4	checked	4	3	reset	142	35.527	0
4	checked	4	3	reset	143	34.715	0
4	checked	4	3	reset	144	34.525	0
4	checked	4	3	reset	145	34.756	0
4	checked	4	3	reset	146	35.126	0
4	checked	4	3	reset	147	33.283	0
4	checked	4	3	reset	148	34.094	0
4	checked	4	3	reset	149	33.754	0
4	checked	4	3	reset	150	33.944	0
4	checked	4	3	reset	151	33.784	0
4	checked	4	3	reset	152	33.544	0
4	checked	4	3	reset	153	34.856	0
4	checked	4	3	reset	154	35.778	0
4	checked	4	3	reset	155	35.687	0
4	checked	4	3	reset	156	35.727	0
4	checked	4	3	reset	157	37.441	0
4	checked	4	3	reset	158	35.597	0
4	checked	4	3	reset	159	34.665	0
4	checked	4	3	reset	160	35.036	0
4	checked	4	3	reset	161	35.096	0
4	checked	4	3	reset	162	34.175	0
4	checked	4	3	reset	163	34.786	0
4	checked	4	3	reset	164	33.743	0
4	checked	4	3	reset	165	33.764	0
4	checked	4	3	reset	166	34.645	0
4	checked	4	3	reset	167	34.425	0
4	checked	4	3	reset	168	33.954	0
4	checked	4	3	reset	169	35.427	0
4	checked	4	3	reset	170	33.874	0
4	checked	4	3	reset	171	34.054	0
4	checked	4	3	reset	172	33.944	0
4	checked	4	3	reset	173	35.016	0
4	checked	4	3	reset	174	34.084	0
4	checked	4	3	reset	175	34.545	0
4	checked	4	3	reset	176	35.416	0
4	checked	4	3	reset	177	35.837	0
4	checked	4	3	reset	178	34.034	0
4	checked	4	3	reset	179	35.597	0
4	checked	4	3	reset	180	34.695	0
4	checked	4	3	reset	181	36.339	0
4	checked	4	3	reset	182	34.645	0
4	checked	4	3	reset	183	36.338	0
4	checked	4	3	reset	184	34.465	0
4	checked	4	3	reset	185	33.683	0
4	checked	4	3	reset	186	34.174	0
4	checked	4	3	reset	187	34.044	0
4	checked	4	3	reset	188	33.674	0
4	checked	4	3	reset	189	34.074	0
4	checked	4	3	reset	190	34.084	0
4	checked	4	3	reset	191	33.964	0
4	checked	4	3	reset	192	33.834	0
4	checked	4	3	reset	193	34.846	0
4	checked	4	3	reset	194	35.627	0
4	checked	4	3	reset	195	34.104	0
4	checked	4	3	reset	196	33.623	0
4	checked	4	3	reset	197	34.645	0
4	checked	4	3	reset	198	34.225	0
4	checked	4	3	reset	199	34.735	0
4	checked	4	3	reset	200	35.427	0
4	checked	4	3	stall	1	146.466	0
4	checked	4	3	stall	2	145.645	0
4	checked	4	3	stall	3	148.52	0
4	unsafe	4	3	reset	1	0.16	0
4	unsafe	4	3	reset	2	0.08	0
4	unsafe	4	3	reset	3	0.08	0
4	unsafe	4	3	reset	4	0.09	0
4	unsafe	4	3	reset	5	0.08	0
4	unsafe	4	3	reset	6	0.061	0
4	unsafe	4	3	reset	7	0.07	0
4	unsafe	4	3	reset	8	0.07	0
4	unsafe	4	3	reset	9	0.07	0
4	unsafe	4	3	reset	10	0.07	0
4	unsafe	4	3	reset	11	0.08	0
4	unsafe	4	3	reset	12	0.07	0
4	unsafe	4	3	reset	13	0.07	0
4	unsafe	4	3	reset	14	0.07	0
4	unsafe	4	3	reset	15	0.1	0
4	unsafe	4	3	reset	16	0.1	0
4	unsafe	4	3	reset	17	0.101	0
4	unsafe	4	3	reset	18	0.07	0
4	unsafe	4	3	reset	19	0.12	0
4	unsafe	4	3	reset	20	0.071	0
4	unsafe	4	3	reset	21	0.1	0
4	unsafe	4	3	reset	22	0.07	0
4	unsafe	4	3	reset	23	0.14	0
4	unsafe	4	3	reset	24	0.1	0
4	unsafe	4	3	reset	25	0.09	0
4	unsafe	4	3	reset	26	0.07	0
4	unsafe	4	3	reset	27	0.07	0
4	unsafe	4	3	reset	28	0.08	0
4	unsafe	4	3	reset	29	0.08	0
4	unsafe	4	3	reset	30	0.071	0
4	unsafe	4	3	reset	31	0.08	0
4	unsafe	4	3	reset	32	0.071	0
4	unsafe	4	3	reset	33	0.09	0
4	unsafe	4	3	reset	34	0.07	0
4	unsafe	4	3	reset	35	0.13	0
4	unsafe	4	3	reset	36	0.07	0
4	unsafe	4	3	reset	37	0.09	0
4	unsafe	4	3	reset	38	0.08	0
4	unsafe	4	3	reset	39	0.08	0
4	unsafe	4	3	reset	40	0.08	0
4	unsafe	4	3	reset	41	0.07	0
4	unsafe	4	3	reset	42	0.07	0
4	unsafe	4	3	reset	43	0.08	0
4	unsafe	4	3	reset	44	0.07	0
4	unsafe	4	3	reset	45	0.08	0
4	unsafe	4	3	reset	46	0.07	0
4	unsafe	4	3	reset	47	0.07	0
4	unsafe	4	3	reset	48	0.08	0
4	unsafe	4	3	reset	49	0.07	0
4	unsafe	4	3	reset	50	0.07	0
4	unsafe	4	3	reset	51	0.07	0
4	unsafe	4	3	reset	52	0.091	0
4	unsafe	4	3	reset	53	0.07	0
4	unsafe	4	3	reset	54	0.08	0
4	unsafe	4	3	reset	55	0.07	0
4	unsafe	4	3	reset	56	0.08	0
4	unsafe	4	3	reset	57	0.07	0
4	unsafe	4	3	reset	58	0.071	0
4	unsafe	4	3	reset	59	0.07	0
4	unsafe	4	3	reset	60	0.07	0
4	unsafe	4	3	reset	61	0.08	0
4	unsafe	4	3	reset	62	0.07	0
4	unsafe	4	3	reset	63	0.08	0
4	unsafe	4	3	reset	64	0.07	0
4	unsafe	4	3	reset	65	0.081	0
4	unsafe	4	3	reset	66	0.08	0
4	unsafe	4	3	reset	67	0.08	0
4	unsafe	4	3	reset	68	0.081	0
4	unsafe	4	3	reset	69	0.09	0
4	unsafe	4	3	reset	70	0.07	0
4	unsafe	4	3	reset	71	0.071	0
4	unsafe	4	3	reset	72	0.08	0
4	unsafe	4	3	reset	73	0.07	0
4	unsafe	4	3	reset	74	0.07	0
4	unsafe	4	3	reset	75	0.08	0
4	unsafe	4	3	reset	76	0.08	0
4	unsafe	4	3	reset	77	0.07	0
4	unsafe	4	3	reset	78	0.071	0
4	unsafe	4	3	reset	79	0.141	0
4	unsafe	4	3	reset	80	0.07	0
4	unsafe	4	3	reset	81	0.08	0
4	unsafe	4	3	reset	82	0.08	0
4	unsafe	4	3	reset	83	0.07	0
4	unsafe	4	3	reset	84	0.07	0
4	unsafe	4	3	reset	85	0.07	0
4	unsafe	4	3	reset	86	0.07	0
4	unsafe	4	3	reset	87	0.07	0
4	unsafe	4	3	reset	88	0.07	0
4	unsafe	4	3	reset	89	0.07	0
4	unsafe	4	3	reset	90	0.07	0
4	unsafe	4	3	reset	91	0.07	0
4	unsafe	4	3	reset	92	0.091	0
4	unsafe	4	3	reset	93	0.08	0
4	unsafe	4	3	reset	94	0.07	0
4	unsafe	4	3	reset	95	0.07	0
4	unsafe	4	3	reset	96	0.08	0
4	unsafe	4	3	reset	97	0.08	0
4	unsafe	4	3	reset	98	0.071	0
4	unsafe	4	3	reset	99	0.07	0
4	unsafe	4	3	reset	100	0.07	0
4	unsafe	4	3	reset	101	0.08	0
4	unsafe	4	3	reset	102	0.07	0
4	unsafe	4	3	reset	103	0.07	0
4	unsafe	4	3	reset	104	0.07	0
4	unsafe	4	3	reset	105	0.07	0
4	unsafe	4	3	reset	106	0.071	0
4	unsafe	4	3	reset	107	0.07	0
4	unsafe	4	3	reset	108	0.09	0
4	unsafe	4	3	reset	109	0.07	0
4	unsafe	4	3	reset	110	0.071	0
4	unsafe	4	3	reset	111	0.08	0
4	unsafe	4	3	reset	112	0.07	0
4	unsafe	4	3	reset	113	0.08	0
4	unsafe	4	3	reset	114	0.09	0
4	unsafe	4	3	reset	115	0.07	0
4	unsafe	4	3	reset	116	0.08	0
4	unsafe	4	3	reset	117	0.11	0
4	unsafe	4	3	reset	118	0.07	0
4	unsafe	4	3	reset	119	0.07	0
4	unsafe	4	3	reset	120	0.07	0
4	unsafe	4	3	reset	121	0.09	0
4	unsafe	4	3	reset	122	0.08	0
4	unsafe	4	3	reset	123	0.07	0
4	unsafe	4	3	reset	124	0.08	0
4	unsafe	4	3	reset	125	0.071	0
4	unsafe	4	3	reset	126	0.08	0
4	unsafe	4	3	reset	127	0.07	0
4	unsafe	4	3	reset	128	0.08	0
4	unsafe	4	3	reset	129	0.07	0
4	unsafe	4	3	reset	130	0.08	0
4	unsafe	4	3	reset	131	0.071	0
4	unsafe	4	3	reset	132	0.09	0
4	unsafe	4	3	reset	133	0.09	0
4	unsafe	4	3	reset	134	0.08	0
4	unsafe	4	3	reset	135	0.07	0
4	unsafe	4	3	reset	136	0.08	0
4	unsafe	4	3	reset	137	0.111	0
4	unsafe	4	3	reset	138	0.09	0
4	unsafe	4	3	reset	139	0.08	0
4	unsafe	4	3	reset	140	0.08	0
4	unsafe	4	3	reset	141	0.07	0
4	unsafe	4	3	reset	142	0.07	0
4	unsafe	4	3	reset	143	0.08	0
4	unsafe	4	3	reset	144	0.08	0
4	unsafe	4	3	reset	145	0.09	0
4	unsafe	4	3	reset	146	0.07	0
4	unsafe	4	3	reset	147	0.07	0
4	unsafe	4	3	reset	148	0.071	0
4	unsafe	4	3	reset	149	0.07	0
4	unsafe	4	3	reset	150	0.07	0
4	unsafe	4	3	reset	151	0.08	0
4	unsafe	4	3	reset	152	0.07	0
4	unsafe	4	3	reset	153	0.07	0
4	unsafe	4	3	reset	154	0.08	0
4	unsafe	4	3	reset	155	0.07	0
4	unsafe	4	3	reset	156	0.07	0
4	unsafe	4	3	reset	157	0.08	0
4	unsafe	4	3	reset	158	0.08	0
4	unsafe	4	3	reset	159	0.08	0
4	unsafe	4	3	reset	160	0.071	0
4	unsafe	4	3	reset	161	0.081	0
4	unsafe	4	3	reset	162	0.1	0
4	unsafe	4	3	reset	163	0.08	0
4	unsafe	4	3	reset	164	0.08	0
4	unsafe	4	3	reset	165	0.091	0
4	unsafe	4	3	reset	166	0.08	0
4	unsafe	4	3	reset	167	0.07	0
4	unsafe	4	3	reset	168	0.08	0
4	unsafe	4	3	reset	169	0.08	0
4	unsafe	4	3	reset	170	0.08	0
4	unsafe	4	3	reset	171	0.07	0
4	unsafe	4	3	reset	172	0.07	0
4	unsafe	4	3	reset	173	0.071	0
4	unsafe	4	3	reset	174	0.07	0
4	unsafe	4	3	reset	175	0.07	0
4	unsafe	4	3	reset	176	0.081	0
4	unsafe	4	3	reset	177	0.1	0
4	unsafe	4	3	reset	178	0.08	0
4	unsafe	4	3	reset	179	0.08	0
4	unsafe	4	3	reset	180	0.08	0
4	unsafe	4	3	reset	181	0.08	0
4	unsafe	4	3	reset	182	0.07	0
4	unsafe	4	3	reset	183	0.07	0
4	unsafe	4	3	reset	184	0.07	0
4	unsafe	4	3	reset	185	0.08	0
4	unsafe	4	3	reset	186	0.091	0
4	unsafe	4	3	reset	187	0.09	0
4	unsafe	4	3	reset	188	0.07	0
4	unsafe	4	3	reset	189	0.07	0
4	unsafe	4	3	reset	190	0.07	0
4	unsafe	4	3	reset	191	0.08	0
4	unsafe	4	3	reset	192	0.071	0
4	unsafe	4	3	reset	193	0.07	0
4	unsafe	4	3	reset	194	0.07	0
4	unsafe	4	3	reset	195	0.07	0
4	unsafe	4	3	reset	196	0.08	0
4	unsafe	4	3	reset	197	0.07	0
4	unsafe	4	3	reset	198	0.08	0
4	unsafe	4	3	reset	199	0.08	0
4	unsafe	4	3	reset	200	0.07	0
4	unsafe	4	3	stall	1	0.0	0
4	unsafe	4	3	stall	2	0.0	0
4	unsafe	4	3	stall	3	0.0	0
4	checked	8	7	reset	1	79.781	0
4	checked	8	7	reset	2	71.926	0
4	checked	8	7	reset	3	64.692	0
4	checked	8	7	reset	4	63.54	0
4	checked	8	7	reset	5	89.85	0
4	checked	8	7	reset	6	108.395	0
4	checked	8	7	reset	7	38.352	0
4	checked	8	7	reset	8	47.8	0
4	checked	8	7	reset	9	35.187	0
4	checked	8	7	reset	10	34.525	0
4	checked	8	7	reset	11	35.066	0
4	checked	8	7	reset	12	34.174	0
4	checked	8	7	reset	13	35.187	0
4	checked	8	7	reset	14	38.763	0
4	checked	8	7	reset	15	34.906	0
4	checked	8	7	reset	16	35.687	0
4	checked	8	7	reset	17	35.227	0
4	checked	8	7	reset	18	35.296	0
4	checked	8	7	reset	19	34.816	0
4	checked	8	7	reset	20	33.203	0
4	checked	8	7	reset	21	33.854	0
4	checked	8	7	reset	22	33.723	0
4	checked	8	7	reset	23	32.852	0
4	checked	8	7	reset	24	33.233	0
4	checked	8	7	reset	25	71.324	0
4	checked	8	7	reset	26	67.457	0
4	checked	8	7	reset	27	60.364	0
4	checked	8	7	reset	28	45.807	0
4	checked	8	7	reset	29	59.332	0
4	checked	8	7	reset	30	58.641	0
4	checked	8	7	reset	31	45.235	0
4	checked	8	7	reset	32	45.465	0
4	checked	8	7	reset	33	44.965	0
4	checked	8	7	reset	34	43.722	0
4	checked	8	7	reset	35	45.766	0
4	checked	8	7	reset	36	44.314	0
4	checked	8	7	reset	37	57.609	0
4	checked	8	7	reset	38	46.678	0
4	checked	8	7	reset	39	42.51	0
4	checked	8	7	reset	40	41.328	0
4	checked	8	7	reset	41	41.018	0
4	checked	8	7	reset	42	40.026	0
4	checked	8	7	reset	43	39.795	0
4	checked	8	7	reset	44	40.286	0
4	checked	8	7	reset	45	40.185	0
4	checked	8	7	reset	46	47.87	0
4	checked	8	7	reset	47	41.959	0
4	checked	8	7	reset	48	49.643	0
4	checked	8	7	reset	49	41.468	0
4	checked	8	7	reset	50	58.711	0
4	checked	8	7	reset	51	41.889	0
4	checked	8	7	reset	52	39.895	0
4	checked	8	7	reset	53	40.066	0
4	checked	8	7	reset	54	40.015	0
4	checked	8	7	reset	55	41.929	0
4	checked	8	7	reset	56	40.046	0
4	checked	8	7	reset	57	39.615	0
4	checked	8	7	reset	58	41.248	0
4	checked	8	7	reset	59	40.577	0
4	checked	8	7	reset	60	41.268	0
4	checked	8	7	reset	61	40.136	0
4	checked	8	7	reset	62	40.156	0
4	checked	8	7	reset	63	40.867	0
4	checked	8	7	reset	64	40.978	0
4	checked	8	7	reset	65	40.346	0
4	checked	8	7	reset	66	40.045	0
4	checked	8	7	reset	67	39.264	0
4	checked	8	7	reset	68	40.727	0
4	checked	8	7	reset	69	41.568	0
4	checked	8	7	reset	70	40.927	0
4	checked	8	7	reset	71	39.685	0
4	checked	8	7	reset	72	42.4	0
4	checked	8	7	reset	73	40.406	0
4	checked	8	7	reset	74	40.045	0
4	checked	8	7	reset	75	40.466	0
4	checked	8	7	reset	76	39.925	0
4	checked	8	7	reset	77	39.835	0
4	checked	8	7	reset	78	48.622	0
4	checked	8	7	reset	79	39.615	0
4	checked	8	7	reset	80	40.186	0
4	checked	8	7	reset	81	40.737	0
4	checked	8	7	reset	82	39.184	0
4	checked	8	7	reset	83	41.318	0
4	checked	8	7	reset	84	40.797	0
4	checked	8	7	reset	85	38.583	0
4	checked	8	7	reset	86	39.925	0
4	checked	8	7	reset	87	39.745	0
4	checked	8	7	reset	88	45.486	0
4	checked	8	7	reset	89	40.366	0
4	checked	8	7	reset	90	38.833	0
4	checked	8	7	reset	91	39.895	0
4	checked	8	7	reset	92	54.012	0
4	checked	8	7	reset	93	38.833	0
4	checked	8	7	reset	94	39.825	0
4	checked	8	7	reset	95	39.174	0
4	checked	8	7	reset	96	40.196	0
4	checked	8	7	reset	97	39.525	0
4	checked	8	7	reset	98	39.805	0
4	checked	8	7	reset	99	38.713	0
4	checked	8	7	reset	100	39.294	0
4	checked	8	7	reset	101	40.326	0
4	checked	8	7	reset	102	39.354	0
4	checked	8	7	reset	103	39.465	0
4	checked	8	7	reset	104	39.525	0
4	checked	8	7	reset	105	40.346	0
4	checked	8	7	reset	106	39.565	0
4	checked	8	7	reset	107	38.813	0
4	checked	8	7	reset	108	50.275	0
4	checked	8	7	reset	109	41.91	0
4	checked	8	7	reset	110	39.614	0
4	checked	8	7	reset	111	39.474	0
4	checked	8	7	reset	112	39.846	0
4	checked	8	7	reset	113	40.486	0
4	checked	8	7	reset	114	39.455	0
4	checked	8	7	reset	115	40.627	0
4	checked	8	7	reset	116	40.256	0
4	checked	8	7	reset	117	39.014	0
4	checked	8	7	reset	118	39.093	0
4	checked	8	7	reset	119	39.805	0
4	checked	8	7	reset	120	39.584	0
4	checked	8	7	reset	121	39.835	0
4	checked	8	7	reset	122	38.974	0
4	checked	8	7	reset	123	39.084	0
4	checked	8	7	reset	124	40.176	0
4	checked	8	7	reset	125	44.183	0
4	checked	8	7	reset	126	40.757	0
4	checked	8	7	reset	127	39.184	0
4	checked	8	7	reset	128	39.154	0
4	checked	8	7	reset	129	39.073	0
4	checked	8	7	reset	130	39.514	0
4	checked	8	7	reset	131	38.763	0
4	checked	8	7	reset	132	39.244	0
4	checked	8	7	reset	133	39.615	0
4	checked	8	7	reset	134	38.824	0
4	checked	8	7	reset	135	38.603	0
4	checked	8	7	reset	136	38.492	0
4	checked	8	7	reset	137	40.426	0
4	checked	8	7	reset	138	39.675	0
4	checked	8	7	reset	139	39.364	0
4	checked	8	7	reset	140	40.025	0
4	checked	8	7	reset	141	39.294	0
4	checked	8	7	reset	142	40.516	0
4	checked	8	7	reset	143	40.867	0
4	checked	8	7	reset	144	38.853	0
4	checked	8	7	reset	145	39.524	0
4	checked	8	7	reset	146	40.436	0
4	checked	8	7	reset	147	38.953	0
4	checked	8	7	reset	148	40.667	0
4	checked	8	7	reset	149	39.204	0
4	checked	8	7	reset	150	38.944	0
4	checked	8	7	reset	151	39.364	0
4	checked	8	7	reset	152	48.301	0
4	checked	8	7	reset	153	39.705	0
4	checked	8	7	reset	154	56.507	0
4	checked	8	7	reset	155	38.843	0
4	checked	8	7	reset	156	39.385	0
4	checked	8	7	reset	157	40.356	0
4	checked	8	7	reset	158	39.143	0
4	checked	8	7	reset	159	39.264	0
4	checked	8	7	reset	160	38.512	0
4	checked	8	7	reset	161	39.354	0
4	checked	8	7	reset	162	39.334	0
4	checked	8	7	reset	163	38.272	0
4	checked	8	7	reset	164	39.385	0
4	checked	8	7	reset	165	38.853	0
4	checked	8	7	reset	166	39.314	0
4	checked	8	7	reset	167	40.376	0
4	checked	8	7	reset	168	38.723	0
4	checked	8	7	reset	169	39.795	0
4	checked	8	7	reset	170	39.765	0
4	checked	8	7	reset	171	39.094	0
4	checked	8	7	reset	172	41.187	0
4	checked	8	7	reset	173	38.793	0
4	checked	8	7	reset	174	39.414	0
4	checked	8	7	reset	175	39.765	0
4	checked	8	7	reset	176	39.915	0
4	checked	8	7	reset	177	40.276	0
4	checked	8	7	reset	178	39.104	0
4	checked	8	7	reset	179	39.615	0
4	checked	8	7	reset	180	38.874	0
4	checked	8	7	reset	181	38.814	0
4	checked	8	7	reset	182	39.826	0
4	checked	8	7	reset	183	39.694	0
4	checked	8	7	reset	184	39.274	0
4	checked	8	7	reset	185	38.843	0
4	checked	8	7	reset	186	39.494	0
4	checked	8	7	reset	187	39.074	0
4	checked	8	7	reset	188	39.535	0
4	checked	8	7	reset	189	46.818	0
4	checked	8	7	reset	190	39.224	0
4	checked	8	7	reset	191	38.132	0
4	checked	8	7	reset	192	39.224	0
4	checked	8	7	reset	193	39.304	0
4	checked	8	7	reset	194	40.416	0
4	checked	8	7	reset	195	39.685	0
4	checked	8	7	reset	196	39.385	0
4	checked	8	7	reset	197	38.923	0
4	checked	8	7	reset	198	39.775	0
4	checked	8	7	reset	199	38.783	0
4	checked	8	7	reset	200	38.613	0
4	checked	8	7	stall	1	79.55	0
4	checked	8	7	stall	2	67.657	0
4	checked	8	7	stall	3	67.367	0
4	checked	8	7	stall	4	67.908	0
4	checked	8	7	stall	5	283.625	0
4	checked	8	7	stall	6	67.087	0
4	checked	8	7	stall	7	78.949	0
4	unsafe	8	7	reset	1	0.14	0
4	unsafe	8	7	reset	2	0.08	0
4	unsafe	8	7	reset	3	0.07	0
4	unsafe	8	7	reset	4	0.1	0
4	unsafe	8	7	reset	5	0.1	0
4	unsafe	8	7	reset	6	0.07	0
4	unsafe	8	7	reset	7	0.071	0
4	unsafe	8	7	reset	8	0.091	0
4	unsafe	8	7	reset	9	0.18	0
4	unsafe	8	7	reset	10	0.081	0
4	unsafe	8	7	reset	11	0.08	0
4	unsafe	8	7	reset	12	0.081	0
4	unsafe	8	7	reset	13	0.1	0
4	unsafe	8	7	reset	14	0.08	0
4	unsafe	8	7	reset	15	0.08	0
4	unsafe	8	7	reset	16	0.08	0
4	unsafe	8	7	reset	17	0.08	0
4	unsafe	8	7	reset	18	0.09	0
4	unsafe	8	7	reset	19	0.08	0
4	unsafe	8	7	reset	20	0.13	0
4	unsafe	8	7	reset	21	0.081	0
4	unsafe	8	7	reset	22	0.08	0
4	unsafe	8	7	reset	23	0.09	0
4	unsafe	8	7	reset	24	0.08	0
4	unsafe	8	7	reset	25	0.1	0
4	unsafe	8	7	reset	26	0.101	0
4	unsafe	8	7	reset	27	0.08	0
4	unsafe	8	7	reset	28	0.08	0
4	unsafe	8	7	reset	29	0.08	0
4	unsafe	8	7	reset	30	0.08	0
4	unsafe	8	7	reset	31	0.081	0
4	unsafe	8	7	reset	32	0.08	0
4	unsafe	8	7	reset	33	0.08	0
4	unsafe	8	7	reset	34	0.08	0
4	unsafe	8	7	reset	35	0.081	0
4	unsafe	8	7	reset	36	0.08	0
4	unsafe	8	7	reset	37	0.08	0
4	unsafe	8	7	reset	38	0.08	0
4	unsafe	8	7	reset	39	0.08	0
4	unsafe	8	7	reset	40	0.09	0
4	unsafe	8	7	reset	41	0.08	0
4	unsafe	8	7	reset	42	0.081	0
4	unsafe	8	7	reset	43	0.08	0
4	unsafe	8	7	reset	44	0.08	0
4	unsafe	8	7	reset	45	0.071	0
4	unsafe	8	7	reset	46	0.08	0
4	unsafe	8	7	reset	47	0.08	0
4	unsafe	8	7	reset	48	0.08	0
4	unsafe	8	7	reset	49	0.08	0
4	unsafe	8	7	reset	50	0.08	0
4	unsafe	8	7	reset	51	0.08	0
4	unsafe	8	7	reset	52	0.08	0
4	unsafe	8	7	reset	53	0.09	0
4	unsafe	8	7	reset	54	0.08	0
4	unsafe	8	7	reset	55	0.07	0
4	unsafe	8	7	reset	56	0.08	0
4	unsafe	8	7	reset	57	0.08	0
4	unsafe	8	7	reset	58	0.08	0
4	unsafe	8	7	reset	59	0.09	0
4	unsafe	8	7	reset	60	0.09	0
4	unsafe	8	7	reset	61	0.08	0
4	unsafe	8	7	reset	62	0.09	0
4	unsafe	8	7	reset	63	0.08	0
4	unsafe	8	7	reset	64	0.08	0
4	unsafe	8	7	reset	65	0.08	0
4	unsafe	8	7	reset	66	0.09	0
4	unsafe	8	7	reset	67	0.08	0
4	unsafe	8	7	reset	68	0.08	0
4	unsafe	8	7	reset	69	0.081	0
4	unsafe	8	7	reset	70	0.08	0
4	unsafe	8	7	reset	71	0.09	0
4	unsafe	8	7	reset	72	0.09	0
4	unsafe	8	7	reset	73	0.08	0
4	unsafe	8	7	reset	74	0.08	0
4	unsafe	8	7	reset	75	0.09	0
4	unsafe	8	7	reset	76	0.08	0
4	unsafe	8	7	reset	77	0.081	0
4	unsafe	8	7	reset	78	0.08	0
4	unsafe	8	7	reset	79	0.09	0
4	unsafe	8	7	reset	80	0.09	0
4	unsafe	8	7	reset	81	0.091	0
4	unsafe	8	7	reset	82	0.08	0
4	unsafe	8	7	reset	83	0.081	0
4	unsafe	8	7	reset	84	0.08	0
4	unsafe	8	7	reset	85	0.08	0
4	unsafe	8	7	reset	86	0.08	0
4	unsafe	8	7	reset	87	0.09	0
4	unsafe	8	7	reset	88	0.091	0
4	unsafe	8	7	reset	89	0.08	0
4	unsafe	8	7	reset	90	0.08	0
4	unsafe	8	7	reset	91	0.08	0
4	unsafe	8	7	reset	92	0.09	0
4	unsafe	8	7	reset	93	0.09	0
4	unsafe	8	7	reset	94	0.08	0
4	unsafe	8	7	reset	95	0.09	0
4	unsafe	8	7	reset	96	0.08	0
4	unsafe	8	7	reset	97	0.081	0
4	unsafe	8	7	reset	98	0.1	0
4	unsafe	8	7	reset	99	0.08	0
4	unsafe	8	7	reset	100	0.08	0
4	unsafe	8	7	reset	101	0.091	0
4	unsafe	8	7	reset	102	0.08	0
4	unsafe	8	7	reset	103	0.1	0
4	unsafe	8	7	reset	104	0.08	0
4	unsafe	8	7	reset	105	0.08	0
4	unsafe	8	7	reset	106	0.09	0
4	unsafe	8	7	reset	107	0.08	0
4	unsafe	8	7	reset	108	0.08	0
4	unsafe	8	7	reset	109	0.08	0
4	unsafe	8	7	reset	110	0.08	0
4	unsafe	8	7	reset	111	0.08	0
4	unsafe	8	7	reset	112	0.08	0
4	unsafe	8	7	reset	113	0.08	0
4	unsafe	8	7	reset	114	0.08	0
4	unsafe	8	7	reset	115	0.09	0
4	unsafe	8	7	reset	116	0.08	0
4	unsafe	8	7	reset	117	0.09	0
4	unsafe	8	7	reset	118	0.081	0
4	unsafe	8	7	reset	119	0.09	0
4	unsafe	8	7	reset	120	0.071	0
4	unsafe	8	7	reset	121	0.081	0
4	unsafe	8	7	reset	122	0.081	0
4	unsafe	8	7	reset	123	0.08	0
4	unsafe	8	7	reset	124	0.08	0
4	unsafe	8	7	reset	125	0.081	0
4	unsafe	8	7	reset	126	0.09	0
4	unsafe	8	7	reset	127	0.08	0
4	unsafe	8	7	reset	128	0.08	0
4	unsafe	8	7	reset	129	0.08	0
4	unsafe	8	7	reset	130	0.08	0
4	unsafe	8	7	reset	131	0.08	0
4	unsafe	8	7	reset	132	0.08	0
4	unsafe	8	7	reset	133	0.091	0
4	unsafe	8	7	reset	134	0.08	0
4	unsafe	8	7	reset	135	0.08	0
4	unsafe	8	7	reset	136	0.08	0
4	unsafe	8	7	reset	137	0.09	0
4	unsafe	8	7	reset	138	0.08	0
4	unsafe	8	7	reset	139	0.09	0
4	unsafe	8	7	reset	140	0.08	0
4	unsafe	8	7	reset	141	0.09	0
4	unsafe	8	7	reset	142	0.08	0
4	unsafe	8	7	reset	143	0.08	0
4	unsafe	8	7	reset	144	0.09	0
4	unsafe	8	7	reset	145	0.08	0
4	unsafe	8	7	reset	146	0.08	0
4	unsafe	8	7	reset	147	0.09	0
4	unsafe	8	7	reset	148	0.081	0
4	unsafe	8	7	reset	149	0.08	0
4	unsafe	8	7	reset	150	0.08	0
4	unsafe	8	7	reset	151	0.08	0
4	unsafe	8	7	reset	152	0.09	0
4	unsafe	8	7	reset	153	0.081	0
4	unsafe	8	7	reset	154	0.08	0
4	unsafe	8	7	reset	155	0.09	0
4	unsafe	8	7	reset	156	0.09	0
4	unsafe	8	7	reset	157	0.081	0
4	unsafe	8	7	reset	158	0.08	0
4	unsafe	8	7	reset	159	0.08	0
4	unsafe	8	7	reset	160	0.09	0
4	unsafe	8	7	reset	161	0.08	0
4	unsafe	8	7	reset	162	0.08	0
4	unsafe	8	7	reset	163	0.08	0
4	unsafe	8	7	reset	164	0.08	0
4	unsafe	8	7	reset	165	0.09	0
4	unsafe	8	7	reset	166	0.091	0
4	unsafe	8	7	reset	167	0.08	0
4	unsafe	8	7	reset	168	0.09	0
4	unsafe	8	7	reset	169	0.09	0
4	unsafe	8	7	reset	170	0.081	0
4	unsafe	8	7	reset	171	0.09	0
4	unsafe	8	7	reset	172	0.081	0
4	unsafe	8	7	reset	173	0.08	0
4	unsafe	8	7	reset	174	0.08	0
4	unsafe	8	7	reset	175	0.081	0
4	unsafe	8	7	reset	176	0.08	0
4	unsafe	8	7	reset	177	0.08	0
4	unsafe	8	7	reset	178	0.091	0
4	unsafe	8	7	reset	179	0.09	0
4	unsafe	8	7	reset	180	0.08	0
4	unsafe	8	7	reset	181	0.08	0
4	unsafe	8	7	reset	182	0.08	0
4	unsafe	8	7	reset	183	0.09	0
4	unsafe	8	7	reset	184	0.08	0
4	unsafe	8	7	reset	185	0.08	0
4	unsafe	8	7	reset	186	0.08	0
4	unsafe	8	7	reset	187	0.08	0
4	unsafe	8	7	reset	188	0.08	0
4	unsafe	8	7	reset	189	0.09	0
4	unsafe	8	7	reset	190	0.09	0
4	unsafe	8	7	reset	191	0.08	0
4	unsafe	8	7	reset	192	0.091	0
4	unsafe	8	7	reset	193	0.081	0
4	unsafe	8	7	reset	194	0.08	0
4	unsafe	8	7	reset	195	0.08	0
4	unsafe	8	7	reset	196	0.08	0
4	unsafe	8	7	reset	197	0.08	0
4	unsafe	8	7	reset	198	0.08	0
4	unsafe	8	7	reset	199	0.08	0
4	unsafe	8	7	reset	200	0.091	0
4	unsafe	8	7	stall	1	0.0	0
4	unsafe	8	7	stall	2	0.0	0
4	unsafe	8	7	stall	3	0.0	0
4	unsafe	8	7	stall	4	0.0	0
4	unsafe	8	7	stall	5	0.0	0
4	unsafe	8	7	stall	6	0.0	0
4	unsafe	8	7	stall	7	0.0	0
4	checked	16	15	reset	1	100.73	1
4	checked	16	15	reset	2	90.801	1
4	checked	16	15	reset	3	77.737	1
4	checked	16	15	reset	4	172.866	1
4	checked	16	15	reset	5	57.519	1
4	checked	16	15	reset	6	38.433	1
4	checked	16	15	reset	7	37.591	1
4	checked	16	15	reset	8	71.545	1
4	checked	16	15	reset	9	66.115	1
4	checked	16	15	reset	10	61.176	1
4	checked	16	15	reset	11	66.386	1
4	checked	16	15	reset	12	67.287	1
4	checked	16	15	reset	13	48.531	1
4	checked	16	15	reset	14	39.264	1
4	checked	16	15	reset	15	46.127	1
4	checked	16	15	reset	16	92.675	1
4	checked	16	15	reset	17	78.629	1
4	checked	16	15	reset	18	67.588	1
4	checked	16	15	reset	19	76.163	1
4	checked	16	15	reset	20	65.624	1
4	checked	16	15	reset	21	65.794	1
4	checked	16	15	reset	22	75.713	1
4	checked	16	15	reset	23	73.018	1
4	checked	16	15	reset	24	73.969	1
4	checked	16	15	reset	25	74.801	1
4	checked	16	15	reset	26	69.972	1
4	checked	16	15	reset	27	63.961	1
4	checked	16	15	reset	28	67.788	1
4	checked	16	15	reset	29	71.345	1
4	checked	16	15	reset	30	66.045	1
4	checked	16	15	reset	31	71.986	1
4	checked	16	15	reset	32	67.397	1
4	checked	16	15	reset	33	62.508	1
4	checked	16	15	reset	34	76.054	1
4	checked	16	15	reset	35	71.765	1
4	checked	16	15	reset	36	58.501	1
4	checked	16	15	reset	37	56.356	1
4	checked	16	15	reset	38	108.074	1
4	checked	16	15	reset	39	52.209	1
4	checked	16	15	reset	40	51.978	1
4	checked	16	15	reset	41	60.545	1
4	checked	16	15	reset	42	52.279	1
4	checked	16	15	reset	43	52.449	1
4	checked	16	15	reset	44	55.515	1
4	checked	16	15	reset	45	51.758	1
4	checked	16	15	reset	46	57.729	1
4	checked	16	15	reset	47	53.401	1
4	checked	16	15	reset	48	52.54	1
4	checked	16	15	reset	49	52.048	1
4	checked	16	15	reset	50	52.138	1
4	checked	16	15	reset	51	230.315	1
4	checked	16	15	reset	52	97.273	1
4	checked	16	15	reset	53	68.489	1
4	checked	16	15	reset	54	54.022	1
4	checked	16	15	reset	55	82.356	1
4	checked	16	15	reset	56	59.272	1
4	checked	16	15	reset	57	58.971	1
4	checked	16	15	reset	58	60.323	1
4	checked	16	15	reset	59	56.727	1
4	checked	16	15	reset	60	75.402	1
4	checked	16	15	reset	61	60.715	1
4	checked	16	15	reset	62	50.926	1
4	checked	16	15	reset	63	51.397	1
4	checked	16	15	reset	64	51.467	1
4	checked	16	15	reset	65	54.523	1
4	checked	16	15	reset	66	51.898	1
4	checked	16	15	reset	67	53.181	1
4	checked	16	15	reset	68	77.306	1
4	checked	16	15	reset	69	53.361	1
4	checked	16	15	reset	70	52.81	1
4	checked	16	15	reset	71	51.707	1
4	checked	16	15	reset	72	51.467	1
4	checked	16	15	reset	73	52.349	1
4	checked	16	15	reset	74	53.04	1
4	checked	16	15	reset	75	51.197	1
4	checked	16	15	reset	76	50.194	1
4	checked	16	15	reset	77	52.288	1
4	checked	16	15	reset	78	50.295	1
4	checked	16	15	reset	79	51.618	1
4	checked	16	15	reset	80	52.418	1
4	checked	16	15	reset	81	51.858	1
4	checked	16	15	reset	82	51.878	1
4	checked	16	15	reset	83	52.218	1
4	checked	16	15	reset	84	53.762	1
4	checked	16	15	reset	85	51.627	1
4	checked	16	15	reset	86	50.826	1
4	checked	16	15	reset	87	54.423	1
4	checked	16	15	reset	88	52.599	1
4	checked	16	15	reset	89	50.756	1
4	checked	16	15	reset	90	50.656	1
4	checked	16	15	reset	91	50.516	1
4	checked	16	15	reset	92	54.182	1
4	checked	16	15	reset	93	53.51	1
4	checked	16	15	reset	94	159.932	1
4	checked	16	15	reset	95	71.796	1
4	checked	16	15	reset	96	68.81	1
4	checked	16	15	reset	97	68.59	1
4	checked	16	15	reset	98	52.659	1
4	checked	16	15	reset	99	53.511	1
4	checked	16	15	reset	100	55.255	1
4	checked	16	15	reset	101	53.03	1
4	checked	16	15	reset	102	52.308	1
4	checked	16	15	reset	103	53.441	1
4	checked	16	15	reset	104	54.473	1
4	checked	16	15	reset	105	169.84	1
4	checked	16	15	reset	106	63.32	1
4	checked	16	15	reset	107	60.995	1
4	checked	16	15	reset	108	54.323	1
4	checked	16	15	reset	109	50.926	1
4	checked	16	15	reset	110	55.345	1
4	checked	16	15	reset	111	52.038	1
4	checked	16	15	reset	112	52.79	1
4	checked	16	15	reset	113	77.046	1
4	checked	16	15	reset	114	58.901	1
4	checked	16	15	reset	115	62.639	1
4	checked	16	15	reset	116	56.997	1
4	checked	16	15	reset	117	60.514	1
4	checked	16	15	reset	118	53.852	1
4	checked	16	15	reset	119	55.354	1
4	checked	16	15	reset	120	54.252	1
4	checked	16	15	reset	121	52.709	1
4	checked	16	15	reset	122	53.971	1
4	checked	16	15	reset	123	52.76	1
4	checked	16	15	reset	124	55.444	1
4	checked	16	15	reset	125	53.551	1
4	checked	16	15	reset	126	54.233	1
4	checked	16	15	reset	127	52.88	1
4	checked	16	15	reset	128	53.782	1
4	checked	16	15	reset	129	57.799	1
4	checked	16	15	reset	130	53.681	1
4	checked	16	15	reset	131	78.368	1
4	checked	16	15	reset	132	59.281	1
4	checked	16	15	reset	133	55.024	1
4	checked	16	15	reset	134	53.05	1
4	checked	16	15	reset	135	55.444	1
4	checked	16	15	reset	136	63.68	1
4	checked	16	15	reset	137	54.042	1
4	checked	16	15	reset	138	53.611	1
4	checked	16	15	reset	139	59.763	1
4	checked	16	15	reset	140	52.499	1
4	checked	16	15	reset	141	55.835	1
4	checked	16	15	reset	142	52.148	1
4	checked	16	15	reset	143	51.738	1
4	checked	16	15	reset	144	52.469	1
4	checked	16	15	reset	145	53.681	1
4	checked	16	15	reset	146	53.871	1
4	checked	16	15	reset	147	53.28	1
4	checked	16	15	reset	148	69.852	1
4	checked	16	15	reset	149	54.031	1
4	checked	16	15	reset	150	53.05	1
4	checked	16	15	reset	151	56.186	1
4	checked	16	15	reset	152	52.719	1
4	checked	16	15	reset	153	55.495	1
4	checked	16	15	reset	154	52.569	1
4	checked	16	15	reset	155	51.357	1
4	checked	16	15	reset	156	70.303	1
4	checked	16	15	reset	157	76.755	1
4	checked	16	15	reset	158	58.019	1
4	checked	16	15	reset	159	53.331	1
4	checked	16	15	reset	160	54.993	1
4	checked	16	15	reset	161	75.342	1
4	checked	16	15	reset	162	3501.598	1
4	checked	16	15	reset	163	75.002	1
4	checked	16	15	reset	164	68.058	1
4	checked	16	15	reset	165	59.041	1
4	checked	16	15	reset	166	65.023	1
4	checked	16	15	reset	167	53.27	1
4	checked	16	15	reset	168	52.158	1
4	checked	16	15	reset	169	53.952	1
4	checked	16	15	reset	170	51.377	1
4	checked	16	15	reset	171	50.926	1
4	checked	16	15	reset	172	90.922	1
4	checked	16	15	reset	173	53.1	1
4	checked	16	15	reset	174	65.254	1
4	checked	16	15	reset	175	55.544	1
4	checked	16	15	reset	176	6419.544	1
4	checked	16	15	reset	177	108.024	1
4	checked	16	15	reset	178	6394.507	1
4	checked	16	15	reset	179	118.173	1
4	checked	16	15	reset	180	92.955	1
4	checked	16	15	reset	181	69.281	1
4	checked	16	15	reset	182	66.485	1
4	checked	16	15	reset	183	54.022	1
4	checked	16	15	reset	184	51.948	1
4	checked	16	15	reset	185	74.521	1
4	checked	16	15	reset	186	65.534	1
4	checked	16	15	reset	187	55.425	1
4	checked	16	15	reset	188	53.711	1
4	checked	16	15	reset	189	52.109	1
4	checked	16	15	reset	190	56.917	1
4	checked	16	15	reset	191	52.86	1
4	checked	16	15	reset	192	54.092	1
4	checked	16	15	reset	193	54.693	1
4	checked	16	15	reset	194	54.293	1
4	checked	16	15	reset	195	58.51	1
4	checked	16	15	reset	196	55.775	1
4	checked	16	15	reset	197	54.072	1
4	checked	16	15	reset	198	53.331	1
4	checked	16	15	reset	199	55.014	1
4	checked	16	15	reset	200	69.41	1
4	checked	16	15	stall	1	224.524	1
4	checked	16	15	stall	2	3388.635	1
4	checked	16	15	stall	3	3412.7	1
4	checked	16	15	stall	4	3613.459	1
4	checked	16	15	stall	5	3493.472	1
4	checked	16	15	stall	6	3052.83	1
4	checked	16	15	stall	7	879.008	1
4	checked	16	15	stall	8	3745.668	1
4	checked	16	15	stall	9	3389.627	1
4	checked	16	15	stall	10	973.197	1
4	checked	16	15	stall	11	3389.456	1
4	checked	16	15	stall	12	2951.429	1
4	checked	16	15	stall	13	846.738	1
4	checked	16	15	stall	14	3467.123	1
4	checked	16	15	stall	15	849.703	1
4	unsafe	16	15	reset	1	0.2	1
4	unsafe	16	15	reset	2	0.19	1
4	unsafe	16	15	reset	3	0.902	1
4	unsafe	16	15	reset	4	0.09	1
4	unsafe	16	15	reset	5	0.07	1
4	unsafe	16	15	reset	6	0.07	1
4	unsafe	16	15	reset	7	0.08	1
4	unsafe	16	15	reset	8	0.07	1
4	unsafe	16	15	reset	9	0.081	1
4	unsafe	16	15	reset	10	0.11	1
4	unsafe	16	15	reset	11	0.07	1
4	unsafe	16	15	reset	12	0.07	1
4	unsafe	16	15	reset	13	0.06	1
4	unsafe	16	15	reset	14	0.07	1
4	unsafe	16	15	reset	15	0.08	1
4	unsafe	16	15	reset	16	0.07	1
4	unsafe	16	15	reset	17	0.13	1
4	unsafe	16	15	reset	18	0.13	1
4	unsafe	16	15	reset	19	0.12	1
4	unsafe	16	15	reset	20	0.131	1
4	unsafe	16	15	reset	21	0.13	1
4	unsafe	16	15	reset	22	0.121	1
4	unsafe	16	15	reset	23	0.131	1
4	unsafe	16	15	reset	24	0.13	1
4	unsafe	16	15	reset	25	0.12	1
4	unsafe	16	15	reset	26	0.121	1
4	unsafe	16	15	reset	27	0.12	1
4	unsafe	16	15	reset	28	0.13	1
4	unsafe	16	15	reset	29	0.13	1
4	unsafe	16	15	reset	30	0.13	1
4	unsafe	16	15	reset	31	0.131	1
4	unsafe	16	15	reset	32	0.12	1
4	unsafe	16	15	reset	33	0.12	1
4	unsafe	16	15	reset	34	0.13	1
4	unsafe	16	15	reset	35	0.121	1
4	unsafe	16	15	reset	36	0.13	1
4	unsafe	16	15	reset	37	0.13	1
4	unsafe	16	15	reset	38	0.121	1
4	unsafe	16	15	reset	39	0.13	1
4	unsafe	16	15	reset	40	0.121	1
4	unsafe	16	15	reset	41	0.13	1
4	unsafe	16	15	reset	42	0.13	1
4	unsafe	16	15	reset	43	0.14	1
4	unsafe	16	15	reset	44	0.13	1
4	unsafe	16	15	reset	45	0.12	1
4	unsafe	16	15	reset	46	0.12	1
4	unsafe	16	15	reset	47	0.13	1
4	unsafe	16	15	reset	48	0.13	1
4	unsafe	16	15	reset	49	0.12	1
4	unsafe	16	15	reset	50	0.12	1
4	unsafe	16	15	reset	51	0.12	1
4	unsafe	16	15	reset	52	0.131	1
4	unsafe	16	15	reset	53	0.13	1
4	unsafe	16	15	reset	54	0.13	1
4	unsafe	16	15	reset	55	0.121	1
4	unsafe	16	15	reset	56	0.121	1
4	unsafe	16	15	reset	57	0.13	1
4	unsafe	16	15	reset	58	0.13	1
4	unsafe	16	15	reset	59	0.12	1
4	unsafe	16	15	reset	60	0.12	1
4	unsafe	16	15	reset	61	0.12	1
4	unsafe	16	15	reset	62	0.15	1
4	unsafe	16	15	reset	63	0.13	1
4	unsafe	16	15	reset	64	0.13	1
4	unsafe	16	15	reset	65	0.12	1
4	unsafe	16	15	reset	66	0.13	1
4	unsafe	16	15	reset	67	0.12	1
4	unsafe	16	15	reset	68	0.13	1
4	unsafe	16	15	reset	69	0.13	1
4	unsafe	16	15	reset	70	0.131	1
4	unsafe	16	15	reset	71	0.13	1
4	unsafe	16	15	reset	72	0.12	1
4	unsafe	16	15	reset	73	0.13	1
4	unsafe	16	15	reset	74	0.121	1
4	unsafe	16	15	reset	75	0.13	1
4	unsafe	16	15	reset	76	0.13	1
4	unsafe	16	15	reset	77	0.13	1
4	unsafe	16	15	reset	78	0.13	1
4	unsafe	16	15	reset	79	0.12	1
4	unsafe	16	15	reset	80	0.13	1
4	unsafe	16	15	reset	81	0.12	1
4	unsafe	16	15	reset	82	0.13	1
4	unsafe	16	15	reset	83	0.131	1
4	unsafe	16	15	reset	84	0.13	1
4	unsafe	16	15	reset	85	0.13	1
4	unsafe	16	15	reset	86	0.12	1
4	unsafe	16	15	reset	87	0.13	1
4	unsafe	16	15	reset	88	0.12	1
4	unsafe	16	15	reset	89	0.13	1
4	unsafe	16	15	reset	90	0.131	1
4	unsafe	16	15	reset	91	0.12	1
4	unsafe	16	15	reset	92	0.13	1
4	unsafe	16	15	reset	93	0.131	1
4	unsafe	16	15	reset	94	0.12	1
4	unsafe	16	15	reset	95	0.13	1
4	unsafe	16	15	reset	96	0.12	1
4	unsafe	16	15	reset	97	0.13	1
4	unsafe	16	15	reset	98	0.131	1
4	unsafe	16	15	reset	99	0.131	1
4	unsafe	16	15	reset	100	0.12	1
4	unsafe	16	15	reset	101	0.13	1
4	unsafe	16	15	reset	102	0.121	1
4	unsafe	16	15	reset	103	0.13	1
4	unsafe	16	15	reset	104	0.13	1
4	unsafe	16	15	reset	105	0.13	1
4	unsafe	16	15	reset	106	0.12	1
4	unsafe	16	15	reset	107	0.12	1
4	unsafe	16	15	reset	108	0.13	1
4	unsafe	16	15	reset	109	0.12	1
4	unsafe	16	15	reset	110	0.12	1
4	unsafe	16	15	reset	111	0.13	1
4	unsafe	16	15	reset	112	0.12	1
4	unsafe	16	15	reset	113	0.121	1
4	unsafe	16	15	reset	114	0.12	1
4	unsafe	16	15	reset	115	0.12	1
4	unsafe	16	15	reset	116	0.131	1
4	unsafe	16	15	reset	117	0.13	1
4	unsafe	16	15	reset	118	0.121	1
4	unsafe	16	15	reset	119	0.13	1
4	unsafe	16	15	reset	120	0.131	1
4	unsafe	16	15	reset	121	0.12	1
4	unsafe	16	15	reset	122	0.13	1
4	unsafe	16	15	reset	123	0.13	1
4	unsafe	16	15	reset	124	0.13	1
4	unsafe	16	15	reset	125	0.12	1
4	unsafe	16	15	reset	126	0.13	1
4	unsafe	16	15	reset	127	0.12	1
4	unsafe	16	15	reset	128	0.13	1
4	unsafe	16	15	reset	129	0.121	1
4	unsafe	16	15	reset	130	0.12	1
4	unsafe	16	15	reset	131	0.121	1
4	unsafe	16	15	reset	132	0.15	1
4	unsafe	16	15	reset	133	0.13	1
4	unsafe	16	15	reset	134	0.131	1
4	unsafe	16	15	reset	135	0.13	1
4	unsafe	16	15	reset	136	0.14	1
4	unsafe	16	15	reset	137	0.121	1
4	unsafe	16	15	reset	138	0.12	1
4	unsafe	16	15	reset	139	0.131	1
4	unsafe	16	15	reset	140	0.13	1
4	unsafe	16	15	reset	141	0.13	1
4	unsafe	16	15	reset	142	0.12	1
4	unsafe	16	15	reset	143	0.13	1
4	unsafe	16	15	reset	144	0.13	1
4	unsafe	16	15	reset	145	0.131	1
4	unsafe	16	15	reset	146	0.12	1
4	unsafe	16	15	reset	147	0.13	1
4	unsafe	16	15	reset	148	0.131	1
4	unsafe	16	15	reset	149	0.131	1
4	unsafe	16	15	reset	150	0.12	1
4	unsafe	16	15	reset	151	0.13	1
4	unsafe	16	15	reset	152	0.13	1
4	unsafe	16	15	reset	153	0.12	1
4	unsafe	16	15	reset	154	0.121	1
4	unsafe	16	15	reset	155	0.121	1
4	unsafe	16	15	reset	156	0.12	1
4	unsafe	16	15	reset	157	0.131	1
4	unsafe	16	15	reset	158	0.12	1
4	unsafe	16	15	reset	159	0.13	1
4	unsafe	16	15	reset	160	0.121	1
4	unsafe	16	15	reset	161	0.13	1
4	unsafe	16	15	reset	162	0.13	1
4	unsafe	16	15	reset	163	0.13	1
4	unsafe	16	15	reset	164	0.12	1
4	unsafe	16	15	reset	165	0.13	1
4	unsafe	16	15	reset	166	0.13	1
4	unsafe	16	15	reset	167	0.13	1
4	unsafe	16	15	reset	168	0.13	1
4	unsafe	16	15	reset	169	0.13	1
4	unsafe	16	15	reset	170	0.131	1
4	unsafe	16	15	reset	171	0.13	1
4	unsafe	16	15	reset	172	0.13	1
4	unsafe	16	15	reset	173	0.13	1
4	unsafe	16	15	reset	174	0.12	1
4	unsafe	16	15	reset	175	0.13	1
4	unsafe	16	15	reset	176	0.12	1
4	unsafe	16	15	reset	177	0.12	1
4	unsafe	16	15	reset	178	0.12	1
4	unsafe	16	15	reset	179	0.13	1
4	unsafe	16	15	reset	180	0.131	1
4	unsafe	16	15	reset	181	0.12	1
4	unsafe	16	15	reset	182	0.12	1
4	unsafe	16	15	reset	183	0.12	1
4	unsafe	16	15	reset	184	0.13	1
4	unsafe	16	15	reset	185	0.12	1
4	unsafe	16	15	reset	186	0.131	1
4	unsafe	16	15	reset	187	0.131	1
4	unsafe	16	15	reset	188	0.12	1
4	unsafe	16	15	reset	189	0.13	1
4	unsafe	16	15	reset	190	0.13	1
4	unsafe	16	15	reset	191	0.13	1
4	unsafe	16	15	reset	192	0.13	1
4	unsafe	16	15	reset	193	0.131	1
4	unsafe	16	15	reset	194	0.13	1
4	unsafe	16	15	reset	195	0.12	1
4	unsafe	16	15	reset	196	0.13	1
4	unsafe	16	15	reset	197	0.12	1
4	unsafe	16	15	reset	198	0.131	1
4	unsafe	16	15	reset	199	0.13	1
4	unsafe	16	15	reset	200	0.131	1
4	unsafe	16	15	stall	1	0.0	1
4	unsafe	16	15	stall	2	0.0	1
4	unsafe	16	15	stall	3	0.0	1
4	unsafe	16	15	stall	4	0.0	1
4	unsafe	16	15	stall	5	0.0	1
4	unsafe	16	15	stall	6	0.0	1
4	unsafe	16	15	stall	7	0.0	1
4	unsafe	16	15	stall	8	0.0	1
4	unsafe	16	15	stall	9	0.0	1
4	unsafe	16	15	stall	10	0.0	1
4	unsafe	16	15	stall	11	0.0	1
4	unsafe	16	15	stall	12	0.0	1
4	unsafe	16	15	stall	13	0.0	1
4	unsafe	16	15	stall	14	0.0	1
4	unsafe	16	15	stall	15	0.0	1
4	checked	32	31	reset	1	62.649	0
4	checked	32	31	reset	2	43.142	0
4	checked	32	31	reset	3	43.051	0
4	checked	32	31	reset	4	40.957	0
4	checked	32	31	reset	5	41.098	0
4	checked	32	31	reset	6	40.676	0
4	checked	32	31	reset	7	40.877	0
4	checked	32	31	reset	8	41.308	0
4	checked	32	31	reset	9	40.697	0
4	checked	32	31	reset	10	40.707	0
4	checked	32	31	reset	11	40.867	0
4	checked	32	31	reset	12	41.087	0
4	checked	32	31	reset	13	40.948	0
4	checked	32	31	reset	14	41.749	0
4	checked	32	31	reset	15	41.449	0
4	checked	32	31	reset	16	41.428	0
4	checked	32	31	reset	17	65.945	0
4	checked	32	31	reset	18	185.981	0
4	checked	32	31	reset	19	123.332	0
4	checked	32	31	reset	20	107.924	0
4	checked	32	31	reset	21	106.251	0
4	checked	32	31	reset	22	109.757	0
4	checked	32	31	reset	23	123.513	0
4	checked	32	31	reset	24	121.85	0
4	checked	32	31	reset	25	118.503	0
4	checked	32	31	reset	26	108.364	0
4	checked	32	31	reset	27	113.364	0
4	checked	32	31	reset	28	116.229	0
4	checked	32	31	reset	29	118.464	0
4	checked	32	31	reset	30	117.552	0
4	checked	32	31	reset	31	2909.4	0
4	checked	32	31	reset	32	117.351	0
4	checked	32	31	reset	33	110.649	0
4	checked	32	31	reset	34	123.152	0
4	checked	32	31	reset	35	286.11	0
4	checked	32	31	reset	36	114.346	0
4	checked	32	31	reset	37	118.795	0
4	checked	32	31	reset	38	102.654	0
4	checked	32	31	reset	39	104.287	0
4	checked	32	31	reset	40	107.233	0
4	checked	32	31	reset	41	105.809	0
4	checked	32	31	reset	42	96.051	0
4	checked	32	31	reset	43	96.873	0
4	checked	32	31	reset	44	125.286	0
4	checked	32	31	reset	45	117.682	0
4	checked	32	31	reset	46	117.031	0
4	checked	32	31	reset	47	255.082	0
4	checked	32	31	reset	48	132.159	0
4	checked	32	31	reset	49	211.409	0
4	checked	32	31	reset	50	135.205	0
4	checked	32	31	reset	51	119.927	0
4	checked	32	31	reset	52	102.213	0
4	checked	32	31	reset	53	98.646	0
4	checked	32	31	reset	54	98.436	0
4	checked	32	31	reset	55	99.858	0
4	checked	32	31	reset	56	107.653	0
4	checked	32	31	reset	57	202.332	0
4	checked	32	31	reset	58	123.233	0
4	checked	32	31	reset	59	117.171	0
4	checked	32	31	reset	60	138.341	0
4	checked	32	31	reset	61	105.499	0
4	checked	32	31	reset	62	107.112	0
4	checked	32	31	reset	63	114.707	0
4	checked	32	31	reset	64	114.586	0
4	checked	32	31	reset	65	210.457	0
4	checked	32	31	reset	66	109.967	0
4	checked	32	31	reset	67	107.473	0
4	checked	32	31	reset	68	105.058	0
4	checked	32	31	reset	69	106.762	0
4	checked	32	31	reset	70	96.923	0
4	checked	32	31	reset	71	103.135	0
4	checked	32	31	reset	72	106.091	0
4	checked	32	31	reset	73	108.344	0
4	checked	32	31	reset	74	118.193	0
4	checked	32	31	reset	75	103.745	0
4	checked	32	31	reset	76	114.145	0
4	checked	32	31	reset	77	99.257	0
4	checked	32	31	reset	78	113.194	0
4	checked	32	31	reset	79	113.985	0
4	checked	32	31	reset	80	96.692	0
4	checked	32	31	reset	81	105.519	0
4	checked	32	31	reset	82	106.281	0
4	checked	32	31	reset	83	104.227	0
4	checked	32	31	reset	84	111.961	0
4	checked	32	31	reset	85	103.716	0
4	checked	32	31	reset	86	105.339	0
4	checked	32	31	reset	87	118.123	0
4	checked	32	31	reset	88	115.789	0
4	checked	32	31	reset	89	100.239	0
4	checked	32	31	reset	90	108.705	0
4	checked	32	31	reset	91	98.966	0
4	checked	32	31	reset	92	114.286	0
4	checked	32	31	reset	93	130.466	0
4	checked	32	31	reset	94	140.575	0
4	checked	32	31	reset	95	119.055	0
4	checked	32	31	reset	96	113.204	0
4	checked	32	31	reset	97	112.462	0
4	checked	32	31	reset	98	127.941	0
4	checked	32	31	reset	99	109.677	0
4	checked	32	31	reset	100	113.825	0
4	checked	32	31	reset	101	104.177	0
4	checked	32	31	reset	102	107.322	0
4	checked	32	31	reset	103	108.084	0
4	checked	32	31	reset	104	101.402	0
4	checked	32	31	reset	105	3569.465	0
4	checked	32	31	reset	106	124.344	0
4	checked	32	31	reset	107	109.647	0
4	checked	32	31	reset	108	119.135	0
4	checked	32	31	reset	109	115.919	0
4	checked	32	31	reset	110	120.216	0
4	checked	32	31	reset	111	114.026	0
4	checked	32	31	reset	112	119.386	0
4	checked	32	31	reset	113	105.489	0
4	checked	32	31	reset	114	102.673	0
4	checked	32	31	reset	115	101.341	0
4	checked	32	31	reset	116	209.846	0
4	checked	32	31	reset	117	127.591	0
4	checked	32	31	reset	118	197.383	0
4	checked	32	31	reset	119	108.996	0
4	checked	32	31	reset	120	101.972	0
4	checked	32	31	reset	121	100.73	0
4	checked	32	31	reset	122	118.694	0
4	checked	32	31	reset	123	101.622	0
4	checked	32	31	reset	124	107.563	0
4	checked	32	31	reset	125	109.095	0
4	checked	32	31	reset	126	105.699	0
4	checked	32	31	reset	127	95.871	0
4	checked	32	31	reset	128	93.517	0
4	checked	32	31	reset	129	94.839	0
4	checked	32	31	reset	130	97.023	0
4	checked	32	31	reset	131	90.23	0
4	checked	32	31	reset	132	112.152	0
4	checked	32	31	reset	133	115.328	0
4	checked	32	31	reset	134	113.384	0
4	checked	32	31	reset	135	100.229	0
4	checked	32	31	reset	136	112.322	0
4	checked	32	31	reset	137	103.174	0
4	checked	32	31	reset	138	105.269	0
4	checked	32	31	reset	139	109.687	0
4	checked	32	31	reset	140	204.736	0
4	checked	32	31	reset	141	3110.079	0
4	checked	32	31	reset	142	113.825	0
4	checked	32	31	reset	143	112.121	0
4	checked	32	31	reset	144	108.104	0
4	checked	32	31	reset	145	119.035	0
4	checked	32	31	reset	146	114.776	0
4	checked	32	31	reset	147	107.333	0
4	checked	32	31	reset	148	106.832	0
4	checked	32	31	reset	149	111.09	0
4	checked	32	31	reset	150	99.628	0
4	checked	32	31	reset	151	91.312	0
4	checked	32	31	reset	152	122.591	0
4	checked	32	31	reset	153	112.292	0
4	checked	32	31	reset	154	111.791	0
4	checked	32	31	reset	155	145.665	0
4	checked	32	31	reset	156	100.109	0
4	checked	32	31	reset	157	94.849	0
4	checked	32	31	reset	158	108.515	0
4	checked	32	31	reset	159	118.323	0
4	checked	32	31	reset	160	859.201	0
4	checked	32	31	reset	161	132.329	0
4	checked	32	31	reset	162	108.785	0
4	checked	32	31	reset	163	98.045	0
4	checked	32	31	reset	164	106.711	0
4	checked	32	31	reset	165	118.854	0
4	checked	32	31	reset	166	105.99	0
4	checked	32	31	reset	167	106.631	0
4	checked	32	31	reset	168	103.966	0
4	checked	32	31	reset	169	105.64	0
4	checked	32	31	reset	170	101.251	0
4	checked	32	31	reset	171	121.85	0
4	checked	32	31	reset	172	120.418	0
4	checked	32	31	reset	173	104.918	0
4	checked	32	31	reset	174	3351.725	0
4	checked	32	31	reset	175	106.762	0
4	checked	32	31	reset	176	102.643	0
4	checked	32	31	reset	177	102.153	0
4	checked	32	31	reset	178	109.957	0
4	checked	32	31	reset	179	108.926	0
4	checked	32	31	reset	180	3031.22	0
4	checked	32	31	reset	181	110.459	0
4	checked	32	31	reset	182	107.673	0
4	checked	32	31	reset	183	98.326	0
4	checked	32	31	reset	184	97.895	0
4	checked	32	31	reset	185	103.485	0
4	checked	32	31	reset	186	103.155	0
4	checked	32	31	reset	187	106.662	0
4	checked	32	31	reset	188	103.556	0
4	checked	32	31	reset	189	104.758	0
4	checked	32	31	reset	190	107.914	0
4	checked	32	31	reset	191	106.711	0
4	checked	32	31	reset	192	111.981	0
4	checked	32	31	reset	193	103.626	0
4	checked	32	31	reset	194	111.48	0
4	checked	32	31	reset	195	107.954	0
4	checked	32	31	reset	196	110.959	0
4	checked	32	31	reset	197	116.861	0
4	checked	32	31	reset	198	112.402	0
4	checked	32	31	reset	199	107.663	0
4	checked	32	31	reset	200	106.291	0
4	checked	32	31	stall	1	2616.788	0
4	checked	32	31	stall	2	3417.378	0
4	checked	32	31	stall	3	3098.307	0
4	checked	32	31	stall	4	1846.625	0
4	checked	32	31	stall	5	1994.914	0
4	checked	32	31	stall	6	1804.475	0
4	checked	32	31	stall	7	4311.636	0
4	checked	32	31	stall	8	3442.566	0
4	checked	32	31	stall	9	4410.733	0
4	checked	32	31	stall	10	2389.83	0
4	checked	32	31	stall	11	3334.492	0
4	checked	32	31	stall	12	3702.166	0
4	checked	32	31	stall	13	4603.507	0
4	checked	32	31	stall	14	3098.907	0
4	checked	32	31	stall	15	1782.353	0
4	checked	32	31	stall	16	3096.433	0
4	checked	32	31	stall	17	2896.666	0
4	checked	32	31	stall	18	2625.324	0
4	checked	32	31	stall	19	3184.89	0
4	checked	32	31	stall	20	1938.608	0
4	checked	32	31	stall	21	1799.887	0
4	checked	32	31	stall	22	3020.54	0
4	checked	32	31	stall	23	3021.692	0
4	checked	32	31	stall	24	1619.927	0
4	checked	32	31	stall	25	1940.932	0
4	checked	32	31	stall	26	4110.517	0
4	checked	32	31	stall	27	2441.176	0
4	checked	32	31	stall	28	1883.324	0
4	checked	32	31	stall	29	2898.379	0
4	checked	32	31	stall	30	2898.8	0
4	checked	32	31	stall	31	3875.884	0
4	unsafe	32	31	reset	1	0.11	0
4	unsafe	32	31	reset	2	0.06	0
4	unsafe	32	31	reset	3	0.231	0
4	unsafe	32	31	reset	4	0.07	0
4	unsafe	32	31	reset	5	0.08	0
4	unsafe	32	31	reset	6	0.08	0
4	unsafe	32	31	reset	7	0.07	0
4	unsafe	32	31	reset	8	0.09	0
4	unsafe	32	31	reset	9	0.101	0
4	unsafe	32	31	reset	10	0.09	0
4	unsafe	32	31	reset	11	0.1	0
4	unsafe	32	31	reset	12	0.08	0
4	unsafe	32	31	reset	13	0.1	0
4	unsafe	32	31	reset	14	0.13	0
4	unsafe	32	31	reset	15	0.08	0
4	unsafe	32	31	reset	16	0.11	0
4	unsafe	32	31	reset	17	0.09	0
4	unsafe	32	31	reset	18	0.091	0
4	unsafe	32	31	reset	19	0.08	0
4	unsafe	32	31	reset	20	0.31	0
4	unsafe	32	31	reset	21	0.281	0
4	unsafe	32	31	reset	22	0.05	0
4	unsafe	32	31	reset	23	0.1	0
4	unsafe	32	31	reset	24	0.05	0
4	unsafe	32	31	reset	25	0.05	0
4	unsafe	32	31	reset	26	0.141	0
4	unsafe	32	31	reset	27	0.291	0
4	unsafe	32	31	reset	28	0.301	0
4	unsafe	32	31	reset	29	0.05	0
4	unsafe	32	31	reset	30	0.121	0
4	unsafe	32	31	reset	31	0.15	0
4	unsafe	32	31	reset	32	0.29	0
4	unsafe	32	31	reset	33	0.24	0
4	unsafe	32	31	reset	34	0.05	0
4	unsafe	32	31	reset	35	0.15	0
4	unsafe	32	31	reset	36	0.301	0
4	unsafe	32	31	reset	37	0.16	0
4	unsafe	32	31	reset	38	0.06	0
4	unsafe	32	31	reset	39	0.05	0
4	unsafe	32	31	reset	40	0.05	0
4	unsafe	32	31	reset	41	0.28	0
4	unsafe	32	31	reset	42	0.06	0
4	unsafe	32	31	reset	43	0.341	0
4	unsafe	32	31	reset	44	0.24	0
4	unsafe	32	31	reset	45	0.08	0
4	unsafe	32	31	reset	46	0.11	0
4	unsafe	32	31	reset	47	0.1	0
4	unsafe	32	31	reset	48	0.09	0
4	unsafe	32	31	reset	49	0.09	0
4	unsafe	32	31	reset	50	0.14	0
4	unsafe	32	31	reset	51	0.11	0
4	unsafe	32	31	reset	52	0.091	0
4	unsafe	32	31	reset	53	0.09	0
4	unsafe	32	31	reset	54	0.221	0
4	unsafe	32	31	reset	55	0.11	0
4	unsafe	32	31	reset	56	0.1	0
4	unsafe	32	31	reset	57	0.09	0
4	unsafe	32	31	reset	58	0.1	0
4	unsafe	32	31	reset	59	0.11	0
4	unsafe	32	31	reset	60	0.091	0
4	unsafe	32	31	reset	61	0.11	0
4	unsafe	32	31	reset	62	0.09	0
4	unsafe	32	31	reset	63	0.1	0
4	unsafe	32	31	reset	64	0.08	0
4	unsafe	32	31	reset	65	0.121	0
4	unsafe	32	31	reset	66	0.111	0
4	unsafe	32	31	reset	67	0.1	0
4	unsafe	32	31	reset	68	0.081	0
4	unsafe	32	31	reset	69	0.09	0
4	unsafe	32	31	reset	70	0.101	0
4	unsafe	32	31	reset	71	0.1	0
4	unsafe	32	31	reset	72	0.081	0
4	unsafe	32	31	reset	73	0.121	0
4	unsafe	32	31	reset	74	0.11	0
4	unsafe	32	31	reset	75	0.11	0
4	unsafe	32	31	reset	76	0.09	0
4	unsafe	32	31	reset	77	0.11	0
4	unsafe	32	31	reset	78	0.1	0
4	unsafe	32	31	reset	79	0.1	0
4	unsafe	32	31	reset	80	0.09	0
4	unsafe	32	31	reset	81	0.11	0
4	unsafe	32	31	reset	82	0.1	0
4	unsafe	32	31	reset	83	0.08	0
4	unsafe	32	31	reset	84	0.091	0
4	unsafe	32	31	reset	85	0.11	0
4	unsafe	32	31	reset	86	0.09	0
4	unsafe	32	31	reset	87	0.08	0
4	unsafe	32	31	reset	88	0.13	0
4	unsafe	32	31	reset	89	0.11	0
4	unsafe	32	31	reset	90	0.1	0
4	unsafe	32	31	reset	91	0.08	0
4	unsafe	32	31	reset	92	0.11	0
4	unsafe	32	31	reset	93	0.111	0
4	unsafe	32	31	reset	94	0.1	0
4	unsafe	32	31	reset	95	0.081	0
4	unsafe	32	31	reset	96	0.11	0
4	unsafe	32	31	reset	97	0.11	0
4	unsafe	32	31	reset	98	0.111	0
4	unsafe	32	31	reset	99	0.09	0
4	unsafe	32	31	reset	100	0.11	0
4	unsafe	32	31	reset	101	0.11	0
4	unsafe	32	31	reset	102	0.11	0
4	unsafe	32	31	reset	103	0.09	0
4	unsafe	32	31	reset	104	0.11	0
4	unsafe	32	31	reset	105	0.1	0
4	unsafe	32	31	reset	106	0.09	0
4	unsafe	32	31	reset	107	0.08	0
4	unsafe	32	31	reset	108	0.12	0
4	unsafe	32	31	reset	109	0.1	0
4	unsafe	32	31	reset	110	0.101	0
4	unsafe	32	31	reset	111	0.09	0
4	unsafe	32	31	reset	112	0.111	0
4	unsafe	32	31	reset	113	0.1	0
4	unsafe	32	31	reset	114	0.1	0
4	unsafe	32	31	reset	115	0.08	0
4	unsafe	32	31	reset	116	0.12	0
4	unsafe	32	31	reset	117	0.11	0
4	unsafe	32	31	reset	118	0.101	0
4	unsafe	32	31	reset	119	0.09	0
4	unsafe	32	31	reset	120	0.11	0
4	unsafe	32	31	reset	121	0.09	0
4	unsafe	32	31	reset	122	0.1	0
4	unsafe	32	31	reset	123	0.091	0
4	unsafe	32	31	reset	124	0.1	0
4	unsafe	32	31	reset	125	0.11	0
4	unsafe	32	31	reset	126	0.09	0
4	unsafe	32	31	reset	127	0.11	0
4	unsafe	32	31	reset	128	0.11	0
4	unsafe	32	31	reset	129	0.1	0
4	unsafe	32	31	reset	130	0.09	0
4	unsafe	32	31	reset	131	0.11	0
4	unsafe	32	31	reset	132	0.101	0
4	unsafe	32	31	reset	133	0.1	0
4	unsafe	32	31	reset	134	0.08	0
4	unsafe	32	31	reset	135	0.11	0
4	unsafe	32	31	reset	136	0.12	0
4	unsafe	32	31	reset	137	0.101	0
4	unsafe	32	31	reset	138	0.081	0
4	unsafe	32	31	reset	139	0.11	0
4	unsafe	32	31	reset	140	0.1	0
4	unsafe	32	31	reset	141	0.591	0
4	unsafe	32	31	reset	142	0.431	0
4	unsafe	32	31	reset	143	0.081	0
4	unsafe	32	31	reset	144	0.07	0
4	unsafe	32	31	reset	145	0.07	0
4	unsafe	32	31	reset	146	0.07	0
4	unsafe	32	31	reset	147	0.09	0
4	unsafe	32	31	reset	148	0.081	0
4	unsafe	32	31	reset	149	0.07	0
4	unsafe	32	31	reset	150	0.09	0
4	unsafe	32	31	reset	151	0.08	0
4	unsafe	32	31	reset	152	0.09	0
4	unsafe	32	31	reset	153	0.08	0
4	unsafe	32	31	reset	154	0.09	0
4	unsafe	32	31	reset	155	0.09	0
4	unsafe	32	31	reset	156	0.091	0
4	unsafe	32	31	reset	157	0.08	0
4	unsafe	32	31	reset	158	0.09	0
4	unsafe	32	31	reset	159	0.101	0
4	unsafe	32	31	reset	160	0.1	0
4	unsafe	32	31	reset	161	0.08	0
4	unsafe	32	31	reset	162	0.111	0
4	unsafe	32	31	reset	163	0.13	0
4	unsafe	32	31	reset	164	0.07	0
4	unsafe	32	31	reset	165	0.1	0
4	unsafe	32	31	reset	166	0.12	0
4	unsafe	32	31	reset	167	0.11	0
4	unsafe	32	31	reset	168	0.07	0
4	unsafe	32	31	reset	169	0.11	0
4	unsafe	32	31	reset	170	0.101	0
4	unsafe	32	31	reset	171	0.11	0
4	unsafe	32	31	reset	172	0.07	0
4	unsafe	32	31	reset	173	0.11	0
4	unsafe	32	31	reset	174	0.101	0
4	unsafe	32	31	reset	175	0.101	0
4	unsafe	32	31	reset	176	0.07	0
4	unsafe	32	31	reset	177	0.11	0
4	unsafe	32	31	reset	178	0.08	0
4	unsafe	32	31	reset	179	0.09	0
4	unsafe	32	31	reset	180	0.08	0
4	unsafe	32	31	reset	181	0.1	0
4	unsafe	32	31	reset	182	0.1	0
4	unsafe	32	31	reset	183	0.09	0
4	unsafe	32	31	reset	184	0.09	0
4	unsafe	32	31	reset	185	0.1	0
4	unsafe	32	31	reset	186	0.09	0
4	unsafe	32	31	reset	187	0.1	0
4	unsafe	32	31	reset	188	0.101	0
4	unsafe	32	31	reset	189	0.1	0
4	unsafe	32	31	reset	190	0.1	0
4	unsafe	32	31	reset	191	0.07	0
4	unsafe	32	31	reset	192	0.101	0
4	unsafe	32	31	reset	193	0.101	0
4	unsafe	32	31	reset	194	0.1	0
4	unsafe	32	31	reset	195	0.09	0
4	unsafe	32	31	reset	196	0.111	0
4	unsafe	32	31	reset	197	0.1	0
4	unsafe	32	31	reset	198	0.1	0
4	unsafe	32	31	reset	199	0.1	0
4	unsafe	32	31	reset	200	0.11	0
4	unsafe	32	31	stall	1	0.0	0
4	unsafe	32	31	stall	2	0.0	0
4	unsafe	32	31	stall	3	1169.366	0
4	unsafe	32	31	stall	4	0.0	0
4	unsafe	32	31	stall	5	0.0	0
4	unsafe	32	31	stall	6	0.0	0
4	unsafe	32	31	stall	7	0.0	0
4	unsafe	32	31	stall	8	0.0	0
4	unsafe	32	31	stall	9	4003.285	0
4	unsafe	32	31	stall	10	3017.324	0
4	unsafe	32	31	stall	11	4003.685	0
4	unsafe	32	31	stall	12	0.0	0
4	unsafe	32	31	stall	13	0.0	0
4	unsafe	32	31	stall	14	0.0	0
4	unsafe	32	31	stall	15	4004.978	0
4	unsafe	32	31	stall	16	0.0	0
4	unsafe	32	31	stall	17	3004.129	0
4	unsafe	32	31	stall	18	3004.199	0
4	unsafe	32	31	stall	19	0.0	0
4	unsafe	32	31	stall	20	0.0	0
4	unsafe	32	31	stall	21	0.0	0
4	unsafe	32	31	stall	22	0.0	0
4	unsafe	32	31	stall	23	0.0	0
4	unsafe	32	31	stall	24	180.941	0
4	unsafe	32	31	stall	25	0.0	0
4	unsafe	32	31	stall	26	0.0	0
4	unsafe	32	31	stall	27	0.0	0
4	unsafe	32	31	stall	28	3004.088	0
4	unsafe	32	31	stall	29	0.0	0
4	unsafe	32	31	stall	30	216.489	0
4	unsafe	32	31	stall	31	4003.815	0
5	checked	1	0	reset	1	37.18	0
5	checked	1	0	reset	2	28.995	0
5	checked	1	0	reset	3	26.95	0
5	checked	1	0	reset	4	26.72	0
5	checked	1	0	reset	5	27.111	0
5	checked	1	0	reset	6	27.001	0
5	checked	1	0	reset	7	34.555	0
5	checked	1	0	reset	8	26.37	0
5	checked	1	0	reset	9	26.269	0
5	checked	1	0	reset	10	26.71	0
5	checked	1	0	reset	11	26.379	0
5	checked	1	0	reset	12	26.69	0
5	checked	1	0	reset	13	26.71	0
5	checked	1	0	reset	14	28.073	0
5	checked	1	0	reset	15	27.622	0
5	checked	1	0	reset	16	26.841	0
5	checked	1	0	reset	17	27.041	0
5	checked	1	0	reset	18	28.383	0
5	checked	1	0	reset	19	26.63	0
5	checked	1	0	reset	20	26.84	0
5	checked	1	0	reset	21	26.78	0
5	checked	1	0	reset	22	26.57	0
5	checked	1	0	reset	23	26.64	0
5	checked	1	0	reset	24	26.63	0
5	checked	1	0	reset	25	26.39	0
5	checked	1	0	reset	26	26.3	0
5	checked	1	0	reset	27	26.46	0
5	checked	1	0	reset	28	26.27	0
5	checked	1	0	reset	29	26.39	0
5	checked	1	0	reset	30	26.77	0
5	checked	1	0	reset	31	30.718	0
5	checked	1	0	reset	32	26.57	0
5	checked	1	0	reset	33	26.611	0
5	checked	1	0	reset	34	26.891	0
5	checked	1	0	reset	35	26.601	0
5	checked	1	0	reset	36	26.641	0
5	checked	1	0	reset	37	26.921	0
5	checked	1	0	reset	38	26.41	0
5	checked	1	0	reset	39	26.63	0
5	checked	1	0	reset	40	27.091	0
5	checked	1	0	reset	41	26.821	0
5	checked	1	0	reset	42	26.641	0
5	checked	1	0	reset	43	26.18	0
5	checked	1	0	reset	44	26.861	0
5	checked	1	0	reset	45	26.299	0
5	checked	1	0	reset	46	26.48	0
5	checked	1	0	reset	47	26.189	0
5	checked	1	0	reset	48	26.34	0
5	checked	1	0	reset	49	26.671	0
5	checked	1	0	reset	50	26.28	0
5	checked	1	0	reset	51	26.37	0
5	checked	1	0	reset	52	26.661	0
5	checked	1	0	reset	53	26.68	0
5	checked	1	0	reset	54	26.44	0
5	checked	1	0	reset	55	26.881	0
5	checked	1	0	reset	56	26.56	0
5	checked	1	0	reset	57	26.8	0
5	checked	1	0	reset	58	26.59	0
5	checked	1	0	reset	59	26.449	0
5	checked	1	0	reset	60	26.44	0
5	checked	1	0	reset	61	26.33	0
5	checked	1	0	reset	62	26.891	0
5	checked	1	0	reset	63	26.41	0
5	checked	1	0	reset	64	26.46	0
5	checked	1	0	reset	65	26.841	0
5	checked	1	0	reset	66	26.43	0
5	checked	1	0	reset	67	26.279	0
5	checked	1	0	reset	68	28.303	0
5	checked	1	0	reset	69	26.6	0
5	checked	1	0	reset	70	26.289	0
5	checked	1	0	reset	71	26.661	0
5	checked	1	0	reset	72	26.51	0
5	checked	1	0	reset	73	26.55	0
5	checked	1	0	reset	74	26.51	0
5	checked	1	0	reset	75	26.31	0
5	checked	1	0	reset	76	26.76	0
5	checked	1	0	reset	77	26.55	0
5	checked	1	0	reset	78	26.259	0
5	checked	1	0	reset	79	28.003	0
5	checked	1	0	reset	80	26.48	0
5	checked	1	0	reset	81	26.8	0
5	checked	1	0	reset	82	26.449	0
5	checked	1	0	reset	83	26.3	0
5	checked	1	0	reset	84	26.55	0
5	checked	1	0	reset	85	26.34	0
5	checked	1	0	reset	86	26.621	0
5	checked	1	0	reset	87	26.53	0
5	checked	1	0	reset	88	27.121	0
5	checked	1	0	reset	89	26.35	0
5	checked	1	0	reset	90	26.53	0
5	checked	1	0	reset	91	26.18	0
5	checked	1	0	reset	92	26.39	0
5	checked	1	0	reset	93	26.45	0
5	checked	1	0	reset	94	26.68	0
5	checked	1	0	reset	95	26.41	0
5	checked	1	0	reset	96	26.35	0
5	checked	1	0	reset	97	26.239	0
5	checked	1	0	reset	98	26.57	0
5	checked	1	0	reset	99	26.661	0
5	checked	1	0	reset	100	26.379	0
5	checked	1	0	reset	101	26.449	0
5	checked	1	0	reset	102	26.4	0
5	checked	1	0	reset	103	26.35	0
5	checked	1	0	reset	104	26.5	0
5	checked	1	0	reset	105	26.72	0
5	checked	1	0	reset	106	26.43	0
5	checked	1	0	reset	107	26.17	0
5	checked	1	0	reset	108	26.47	0
5	checked	1	0	reset	109	26.49	0
5	checked	1	0	reset	110	26.279	0
5	checked	1	0	reset	111	26.34	0
5	checked	1	0	reset	112	26.37	0
5	checked	1	0	reset	113	26.439	0
5	checked	1	0	reset	114	26.591	0
5	checked	1	0	reset	115	26.419	0
5	checked	1	0	reset	116	26.42	0
5	checked	1	0	reset	117	26.51	0
5	checked	1	0	reset	118	30.027	0
5	checked	1	0	reset	119	26.59	0
5	checked	1	0	reset	120	26.56	0
5	checked	1	0	reset	121	26.85	0
5	checked	1	0	reset	122	26.44	0
5	checked	1	0	reset	123	26.44	0
5	checked	1	0	reset	124	26.6	0
5	checked	1	0	reset	125	26.46	0
5	checked	1	0	reset	126	26.55	0
5	checked	1	0	reset	127	26.941	0
5	checked	1	0	reset	128	26.601	0
5	checked	1	0	reset	129	27.983	0
5	checked	1	0	reset	130	26.55	0
5	checked	1	0	reset	131	27.281	0
5	checked	1	0	reset	132	26.6	0
5	checked	1	0	reset	133	26.48	0
5	checked	1	0	reset	134	26.59	0
5	checked	1	0	reset	135	26.63	0
5	checked	1	0	reset	136	26.721	0
5	checked	1	0	reset	137	26.67	0
5	checked	1	0	reset	138	26.63	0
5	checked	1	0	reset	139	26.861	0
5	checked	1	0	reset	140	26.981	0
5	checked	1	0	reset	141	26.58	0
5	checked	1	0	reset	142	28.113	0
5	checked	1	0	reset	143	26.79	0
5	checked	1	0	reset	144	26.731	0
5	checked	1	0	reset	145	26.48	0
5	checked	1	0	reset	146	26.42	0
5	checked	1	0	reset	147	26.891	0
5	checked	1	0	reset	148	26.77	0
5	checked	1	0	reset	149	26.791	0
5	checked	1	0	reset	150	26.51	0
5	checked	1	0	reset	151	26.52	0
5	checked	1	0	reset	152	27.291	0
5	checked	1	0	reset	153	27.622	0
5	checked	1	0	reset	154	27.301	0
5	checked	1	0	reset	155	28.313	0
5	checked	1	0	reset	156	28.624	0
5	checked	1	0	reset	157	27.952	0
5	checked	1	0	reset	158	27.322	0
5	checked	1	0	reset	159	27.211	0
5	checked	1	0	reset	160	26.791	0
5	checked	1	0	reset	161	27.081	0
5	checked	1	0	reset	162	27.352	0
5	checked	1	0	reset	163	26.601	0
5	checked	1	0	reset	164	26.861	0
5	checked	1	0	reset	165	26.62	0
5	checked	1	0	reset	166	26.691	0
5	checked	1	0	reset	167	26.73	0
5	checked	1	0	reset	168	26.931	0
5	checked	1	0	reset	169	26.891	0
5	checked	1	0	reset	170	26.911	0
5	checked	1	0	reset	171	26.5	0
5	checked	1	0	reset	172	26.721	0
5	checked	1	0	reset	173	26.831	0
5	checked	1	0	reset	174	26.731	0
5	checked	1	0	reset	175	26.57	0
5	checked	1	0	reset	176	26.591	0
5	checked	1	0	reset	177	26.66	0
5	checked	1	0	reset	178	26.661	0
5	checked	1	0	reset	179	27.011	0
5	checked	1	0	reset	180	26.73	0
5	checked	1	0	reset	181	27.642	0
5	checked	1	0	reset	182	26.6	0
5	checked	1	0	reset	183	26.54	0
5	checked	1	0	reset	184	27.472	0
5	checked	1	0	reset	185	26.941	0
5	checked	1	0	reset	186	26.961	0
5	checked	1	0	reset	187	26.63	0
5	checked	1	0	reset	188	27.231	0
5	checked	1	0	reset	189	26.861	0
5	checked	1	0	reset	190	26.881	0
5	checked	1	0	reset	191	27.312	0
5	checked	1	0	reset	192	26.881	0
5	checked	1	0	reset	193	26.611	0
5	checked	1	0	reset	194	26.861	0
5	checked	1	0	reset	195	26.841	0
5	checked	1	0	reset	196	26.59	0
5	checked	1	0	reset	197	26.57	0
5	checked	1	0	reset	198	26.51	0
5	checked	1	0	reset	199	26.88	0
5	checked	1	0	reset	200	26.59	0
5	unsafe	1	0	reset	1	0.15	0
5	unsafe	1	0	reset	2	0.08	0
5	unsafe	1	0	reset	3	0.08	0
5	unsafe	1	0	reset	4	0.08	0
5	unsafe	1	0	reset	5	0.071	0
5	unsafe	1	0	reset	6	0.08	0
5	unsafe	1	0	reset	7	0.071	0
5	unsafe	1	0	reset	8	0.08	0
5	unsafe	1	0	reset	9	0.08	0
5	unsafe	1	0	reset	10	0.07	0
5	unsafe	1	0	reset	11	0.11	0
5	unsafe	1	0	reset	12	0.07	0
5	unsafe	1	0	reset	13	0.09	0
5	unsafe	1	0	reset	14	0.08	0
5	unsafe	1	0	reset	15	0.1	0
5	unsafe	1	0	reset	16	0.08	0
5	unsafe	1	0	reset	17	0.07	0
5	unsafe	1	0	reset	18	0.08	0
5	unsafe	1	0	reset	19	0.081	0
5	unsafe	1	0	reset	20	0.07	0
5	unsafe	1	0	reset	21	0.08	0
5	unsafe	1	0	reset	22	0.08	0
5	unsafe	1	0	reset	23	0.08	0
5	unsafe	1	0	reset	24	0.09	0
5	unsafe	1	0	reset	25	0.08	0
5	unsafe	1	0	reset	26	0.071	0
5	unsafe	1	0	reset	27	0.09	0
5	unsafe	1	0	reset	28	0.08	0
5	unsafe	1	0	reset	29	0.08	0
5	unsafe	1	0	reset	30	0.071	0
5	unsafe	1	0	reset	31	0.09	0
5	unsafe	1	0	reset	32	0.07	0
5	unsafe	1	0	reset	33	0.07	0
5	unsafe	1	0	reset	34	0.1	0
5	unsafe	1	0	reset	35	0.07	0
5	unsafe	1	0	reset	36	0.08	0
5	unsafe	1	0	reset	37	0.08	0
5	unsafe	1	0	reset	38	0.07	0
5	unsafe	1	0	reset	39	0.08	0
5	unsafe	1	0	reset	40	0.08	0
5	unsafe	1	0	reset	41	0.081	0
5	unsafe	1	0	reset	42	0.09	0
5	unsafe	1	0	reset	43	0.08	0
5	unsafe	1	0	reset	44	0.07	0
5	unsafe	1	0	reset	45	0.07	0
5	unsafe	1	0	reset	46	0.09	0
5	unsafe	1	0	reset	47	0.08	0
5	unsafe	1	0	reset	48	0.07	0
5	unsafe	1	0	reset	49	0.08	0
5	unsafe	1	0	reset	50	0.07	0
5	unsafe	1	0	reset	51	0.091	0
5	unsafe	1	0	reset	52	0.08	0
5	unsafe	1	0	reset	53	0.08	0
5	unsafe	1	0	reset	54	0.081	0
5	unsafe	1	0	reset	55	0.07	0
5	unsafe	1	0	reset	56	0.081	0
5	unsafe	1	0	reset	57	0.09	0
5	unsafe	1	0	reset	58	0.1	0
5	unsafe	1	0	reset	59	0.09	0
5	unsafe	1	0	reset	60	0.07	0
5	unsafe	1	0	reset	61	0.08	0
5	unsafe	1	0	reset	62	0.08	0
5	unsafe	1	0	reset	63	0.09	0
5	unsafe	1	0	reset	64	0.08	0
5	unsafe	1	0	reset	65	0.07	0
5	unsafe	1	0	reset	66	0.08	0
5	unsafe	1	0	reset	67	0.081	0
5	unsafe	1	0	reset	68	0.07	0
5	unsafe	1	0	reset	69	0.08	0
5	unsafe	1	0	reset	70	0.07	0
5	unsafe	1	0	reset	71	0.07	0
5	unsafe	1	0	reset	72	0.09	0
5	unsafe	1	0	reset	73	0.07	0
5	unsafe	1	0	reset	74	0.08	0
5	unsafe	1	0	reset	75	0.07	0
5	unsafe	1	0	reset	76	0.08	0
5	unsafe	1	0	reset	77	0.07	0
5	unsafe	1	0	reset	78	0.081	0
5	unsafe	1	0	reset	79	0.09	0
5	unsafe	1	0	reset	80	0.07	0
5	unsafe	1	0	reset	81	0.08	0
5	unsafe	1	0	reset	82	0.07	0
5	unsafe	1	0	reset	83	0.08	0
5	unsafe	1	0	reset	84	0.08	0
5	unsafe	1	0	reset	85	0.08	0
5	unsafe	1	0	reset	86	0.08	0
5	unsafe	1	0	reset	87	0.07	0
5	unsafe	1	0	reset	88	0.091	0
5	unsafe	1	0	reset	89	0.08	0
5	unsafe	1	0	reset	90	0.08	0
5	unsafe	1	0	reset	91	0.081	0
5	unsafe	1	0	reset	92	0.07	0
5	unsafe	1	0	reset	93	0.08	0
5	unsafe	1	0	reset	94	0.08	0
5	unsafe	1	0	reset	95	0.08	0
5	unsafe	1	0	reset	96	0.09	0
5	unsafe	1	0	reset	97	0.081	0
5	unsafe	1	0	reset	98	0.08	0
5	unsafe	1	0	reset	99	0.08	0
5	unsafe	1	0	reset	100	0.08	0
5	unsafe	1	0	reset	101	0.081	0
5	unsafe	1	0	reset	102	0.07	0
5	unsafe	1	0	reset	103	0.07	0
5	unsafe	1	0	reset	104	0.07	0
5	unsafe	1	0	reset	105	0.07	0
5	unsafe	1	0	reset	106	0.08	0
5	unsafe	1	0	reset	107	0.081	0
5	unsafe	1	0	reset	108	0.091	0
5	unsafe	1	0	reset	109	0.08	0
5	unsafe	1	0	reset	110	0.081	0
5	unsafe	1	0	reset	111	0.08	0
5	unsafe	1	0	reset	112	0.08	0
5	unsafe	1	0	reset	113	0.081	0
5	unsafe	1	0	reset	114	0.08	0
5	unsafe	1	0	reset	115	0.07	0
5	unsafe	1	0	reset	116	0.08	0
5	unsafe	1	0	reset	117	0.07	0
5	unsafe	1	0	reset	118	0.08	0
5	unsafe	1	0	reset	119	0.08	0
5	unsafe	1	0	reset	120	0.071	0
5	unsafe	1	0	reset	121	0.09	0
5	unsafe	1	0	reset	122	0.08	0
5	unsafe	1	0	reset	123	0.09	0
5	unsafe	1	0	reset	124	0.08	0
5	unsafe	1	0	reset	125	0.08	0
5	unsafe	1	0	reset	126	0.08	0
5	unsafe	1	0	reset	127	0.07	0
5	unsafe	1	0	reset	128	0.09	0
5	unsafe	1	0	reset	129	0.08	0
5	unsafe	1	0	reset	130	0.07	0
5	unsafe	1	0	reset	131	0.07	0
5	unsafe	1	0	reset	132	0.07	0
5	unsafe	1	0	reset	133	0.08	0
5	unsafe	1	0	reset	134	0.091	0
5	unsafe	1	0	reset	135	0.07	0
5	unsafe	1	0	reset	136	0.08	0
5	unsafe	1	0	reset	137	0.06	0
5	unsafe	1	0	reset	138	0.07	0
5	unsafe	1	0	reset	139	0.07	0
5	unsafe	1	0	reset	140	0.07	0
5	unsafe	1	0	reset	141	0.08	0
5	unsafe	1	0	reset	142	0.08	0
5	unsafe	1	0	reset	143	0.08	0
5	unsafe	1	0	reset	144	0.08	0
5	unsafe	1	0	reset	145	0.07	0
5	unsafe	1	0	reset	146	0.07	0
5	unsafe	1	0	reset	147	0.07	0
5	unsafe	1	0	reset	148	0.09	0
5	unsafe	1	0	reset	149	0.07	0
5	unsafe	1	0	reset	150	0.07	0
5	unsafe	1	0	reset	151	0.09	0
5	unsafe	1	0	reset	152	0.071	0
5	unsafe	1	0	reset	153	0.07	0
5	unsafe	1	0	reset	154	0.08	0
5	unsafe	1	0	reset	155	0.07	0
5	unsafe	1	0	reset	156	0.081	0
5	unsafe	1	0	reset	157	0.07	0
5	unsafe	1	0	reset	158	0.081	0
5	unsafe	1	0	reset	159	0.09	0
5	unsafe	1	0	reset	160	0.071	0
5	unsafe	1	0	reset	161	0.08	0
5	unsafe	1	0	reset	162	0.07	0
5	unsafe	1	0	reset	163	0.071	0
5	unsafe	1	0	reset	164	0.08	0
5	unsafe	1	0	reset	165	0.08	0
5	unsafe	1	0	reset	166	0.08	0
5	unsafe	1	0	reset	167	0.071	0
5	unsafe	1	0	reset	168	0.08	0
5	unsafe	1	0	reset	169	0.08	0
5	unsafe	1	0	reset	170	0.07	0
5	unsafe	1	0	reset	171	0.081	0
5	unsafe	1	0	reset	172	0.081	0
5	unsafe	1	0	reset	173	0.08	0
5	unsafe	1	0	reset	174	0.07	0
5	unsafe	1	0	reset	175	0.071	0
5	unsafe	1	0	reset	176	0.09	0
5	unsafe	1	0	reset	177	0.07	0
5	unsafe	1	0	reset	178	0.09	0
5	unsafe	1	0	reset	179	0.07	0
5	unsafe	1	0	reset	180	0.07	0
5	unsafe	1	0	reset	181	0.09	0
5	unsafe	1	0	reset	182	0.07	0
5	unsafe	1	0	reset	183	0.09	0
5	unsafe	1	0	reset	184	0.08	0
5	unsafe	1	0	reset	185	0.08	0
5	unsafe	1	0	reset	186	0.08	0
5	unsafe	1	0	reset	187	0.08	0
5	unsafe	1	0	reset	188	0.08	0
5	unsafe	1	0	reset	189	0.07	0
5	unsafe	1	0	reset	190	0.08	0
5	unsafe	1	0	reset	191	0.08	0
5	unsafe	1	0	reset	192	0.09	0
5	unsafe	1	0	reset	193	0.09	0
5	unsafe	1	0	reset	194	0.07	0
5	unsafe	1	0	reset	195	0.09	0
5	unsafe	1	0	reset	196	0.08	0
5	unsafe	1	0	reset	197	0.08	0
5	unsafe	1	0	reset	198	0.08	0
5	unsafe	1	0	reset	199	0.07	0
5	unsafe	1	0	reset	200	0.07	0
5	checked	4	3	reset	1	81.975	0
5	checked	4	3	reset	2	63.41	0
5	checked	4	3	reset	3	36.168	0
5	checked	4	3	reset	4	42.229	0
5	checked	4	3	reset	5	55.484	0
5	checked	4	3	reset	6	55.555	0
5	checked	4	3	reset	7	54.793	0
5	checked	4	3	reset	8	56.827	0
5	checked	4	3	reset	9	49.192	0
5	checked	4	3	reset	10	52.88	0
5	checked	4	3	reset	11	67.427	0
5	checked	4	3	reset	12	53.561	0
5	checked	4	3	reset	13	31.039	0
5	checked	4	3	reset	14	43.632	0
5	checked	4	3	reset	15	35.527	0
5	checked	4	3	reset	16	42.711	0
5	checked	4	3	reset	17	56.046	0
5	checked	4	3	reset	18	35.697	0
5	checked	4	3	reset	19	44.484	0
5	checked	4	3	reset	20	35.667	0
5	checked	4	3	reset	21	34.725	0
5	checked	4	3	reset	22	34.926	0
5	checked	4	3	reset	23	34.295	0
5	checked	4	3	reset	24	36.068	0
5	checked	4	3	reset	25	35.898	0
5	checked	4	3	reset	26	34.825	0
5	checked	4	3	reset	27	34.445	0
5	checked	4	3	reset	28	33.734	0
5	checked	4	3	reset	29	35.597	0
5	checked	4	3	reset	30	34.625	0
5	checked	4	3	reset	31	34.405	0
5	checked	4	3	reset	32	36.279	0
5	checked	4	3	reset	33	34.325	0
5	checked	4	3	reset	34	35.627	0
5	checked	4	3	reset	35	36.498	0
5	checked	4	3	reset	36	35.497	0
5	checked	4	3	reset	37	34.976	0
5	checked	4	3	reset	38	35.767	0
5	checked	4	3	reset	39	35.567	0
5	checked	4	3	reset	40	36.94	0
5	checked	4	3	reset	41	36.309	0
5	checked	4	3	reset	42	35.958	0
5	checked	4	3	reset	43	36.118	0
5	checked	4	3	reset	44	34.074	0
5	checked	4	3	reset	45	34.034	0
5	checked	4	3	reset	46	34.786	0
5	checked	4	3	reset	47	33.954	0
5	checked	4	3	reset	48	34.525	0
5	checked	4	3	reset	49	43.853	0
5	checked	4	3	reset	50	36.098	0
5	checked	4	3	reset	51	37.591	0
5	checked	4	3	reset	52	34.695	0
5	checked	4	3	reset	53	36.178	0
5	checked	4	3	reset	54	34.435	0
5	checked	4	3	reset	55	35.477	0
5	checked	4	3	reset	56	38.803	0
5	checked	4	3	reset	57	34.626	0
5	checked	4	3	reset	58	35.046	0
5	checked	4	3	reset	59	35.347	0
5	checked	4	3	reset	60	34.906	0
5	checked	4	3	reset	61	38.713	0
5	checked	4	3	reset	62	36.84	0
5	checked	4	3	reset	63	35.577	0
5	checked	4	3	reset	64	35.226	0
5	checked	4	3	reset	65	35.848	0
5	checked	4	3	reset	66	36.379	0
5	checked	4	3	reset	67	33.914	0
5	checked	4	3	reset	68	35.276	0
5	checked	4	3	reset	69	35.247	0
5	checked	4	3	reset	70	35.367	0
5	checked	4	3	reset	71	34.546	0
5	checked	4	3	reset	72	34.916	0
5	checked	4	3	reset	73	35.267	0
5	checked	4	3	reset	74	34.656	0
5	checked	4	3	reset	75	53.932	0
5	checked	4	3	reset	76	56.216	0
5	checked	4	3	reset	77	55.705	0
5	checked	4	3	reset	78	57.498	0
5	checked	4	3	reset	79	87.795	0
5	checked	4	3	reset	80	67.287	0
5	checked	4	3	reset	81	38.352	0
5	checked	4	3	reset	82	36.599	0
5	checked	4	3	reset	83	36.238	0
5	checked	4	3	reset	84	35.798	0
5	checked	4	3	reset	85	35.848	0
5	checked	4	3	reset	86	37.962	0
5	checked	4	3	reset	87	35.397	0
5	checked	4	3	reset	88	36.138	0
5	checked	4	3	reset	89	35.197	0
5	checked	4	3	reset	90	35.527	0
5	checked	4	3	reset	91	35.517	0
5	checked	4	3	reset	92	37.16	0
5	checked	4	3	reset	93	35.176	0
5	checked	4	3	reset	94	35.587	0
5	checked	4	3	reset	95	33.864	0
5	checked	4	3	reset	96	36.69	0
5	checked	4	3	reset	97	35.337	0
5	checked	4	3	reset	98	35.918	0
5	checked	4	3	reset	99	34.535	0
5	checked	4	3	reset	100	35.928	0
5	checked	4	3	reset	101	36.94	0
5	checked	4	3	reset	102	35.797	0
5	checked	4	3	reset	103	35.587	0
5	checked	4	3	reset	104	37.07	0
5	checked	4	3	reset	105	36.248	0
5	checked	4	3	reset	106	35.958	0
5	checked	4	3	reset	107	37.32	0
5	checked	4	3	reset	108	36.84	0
5	checked	4	3	reset	109	35.446	0
5	checked	4	3	reset	110	35.577	0
5	checked	4	3	reset	111	35.046	0
5	checked	4	3	reset	112	35.787	0
5	checked	4	3	reset	113	36.399	0
5	checked	4	3	reset	114	35.978	0
5	checked	4	3	reset	115	35.026	0
5	checked	4	3	reset	116	35.988	0
5	checked	4	3	reset	117	36.819	0
5	checked	4	3	reset	118	37.54	0
5	checked	4	3	reset	119	37.32	0
5	checked	4	3	reset	120	36.72	0
5	checked	4	3	reset	121	36.92	0
5	checked	4	3	reset	122	36.929	0
5	checked	4	3	reset	123	38.092	0
5	checked	4	3	reset	124	36.309	0
5	checked	4	3	reset	125	37.06	0
5	checked	4	3	reset	126	36.338	0
5	checked	4	3	reset	127	34.505	0
5	checked	4	3	reset	128	37.511	0
5	checked	4	3	reset	129	36.209	0
5	checked	4	3	reset	130	36.9	0
5	checked	4	3	reset	131	35.667	0
5	checked	4	3	reset	132	36.218	0
5	checked	4	3	reset	133	36.169	0
5	checked	4	3	reset	134	36.238	0
5	checked	4	3	reset	135	35.397	0
5	checked	4	3	reset	136	37.932	0
5	checked	4	3	reset	137	35.948	0
5	checked	4	3	reset	138	36.248	0
5	checked	4	3	reset	139	35.347	0
5	checked	4	3	reset	140	35.888	0
5	checked	4	3	reset	141	35.708	0
5	checked	4	3	reset	142	35.627	0
5	checked	4	3	reset	143	34.135	0
5	checked	4	3	reset	144	35.497	0
5	checked	4	3	reset	145	35.206	0
5	checked	4	3	reset	146	37.441	0
5	checked	4	3	reset	147	36.028	0
5	checked	4	3	reset	148	92.294	0
5	checked	4	3	reset	149	56.667	0
5	checked	4	3	reset	150	36.048	0
5	checked	4	3	reset	151	36.639	0
5	checked	4	3	reset	152	36.97	0
5	checked	4	3	reset	153	58.149	0
5	checked	4	3	reset	154	46.348	0
5	checked	4	3	reset	155	36.629	0
5	checked	4	3	reset	156	37.531	0
5	checked	4	3	reset	157	35.878	0
5	checked	4	3	reset	158	35.457	0
5	checked	4	3	reset	159	34.324	0
5	checked	4	3	reset	160	35.677	0
5	checked	4	3	reset	161	33.413	0
5	checked	4	3	reset	162	34.856	0
5	checked	4	3	reset	163	35.367	0
5	checked	4	3	reset	164	37.45	0
5	checked	4	3	reset	165	35.106	0
5	checked	4	3	reset	166	34.305	0
5	checked	4	3	reset	167	34.876	0
5	checked	4	3	reset	168	34.095	0
5	checked	4	3	reset	169	34.776	0
5	checked	4	3	reset	170	35.537	0
5	checked	4	3	reset	171	33.803	0
5	checked	4	3	reset	172	35.156	0
5	checked	4	3	reset	173	34.315	0
5	checked	4	3	reset	174	34.966	0
5	checked	4	3	reset	175	39.394	0
5	checked	4	3	reset	176	35.657	0
5	checked	4	3	reset	177	35.197	0
5	checked	4	3	reset	178	35.296	0
5	checked	4	3	reset	179	35.537	0
5	checked	4	3	reset	180	36.358	0
5	checked	4	3	reset	181	34.846	0
5	checked	4	3	reset	182	36.048	0
5	checked	4	3	reset	183	34.425	0
5	checked	4	3	reset	184	33.774	0
5	checked	4	3	reset	185	35.216	0
5	checked	4	3	reset	186	39.505	0
5	checked	4	3	reset	187	34.085	0
5	checked	4	3	reset	188	34.004	0
5	checked	4	3	reset	189	33.914	0
5	checked	4	3	reset	190	34.566	0
5	checked	4	3	reset	191	34.325	0
5	checked	4	3	reset	192	35.146	0
5	checked	4	3	reset	193	34.896	0
5	checked	4	3	reset	194	35.717	0
5	checked	4	3	reset	195	34.886	0
5	checked	4	3	reset	196	34.875	0
5	checked	4	3	reset	197	34.805	0
5	checked	4	3	reset	198	34.785	0
5	checked	4	3	reset	199	36.188	0
5	checked	4	3	reset	200	34.956	0
5	checked	4	3	stall	1	87.134	0
5	checked	4	3	stall	2	87.425	0
5	checked	4	3	stall	3	86.694	0
5	unsafe	4	3	reset	1	0.15	0
5	unsafe	4	3	reset	2	0.061	0
5	unsafe	4	3	reset	3	0.12	0
5	unsafe	4	3	reset	4	0.281	0
5	unsafe	4	3	reset	5	0.321	0
5	unsafe	4	3	reset	6	0.08	0
5	unsafe	4	3	reset	7	0.061	0
5	unsafe	4	3	reset	8	0.06	0
5	unsafe	4	3	reset	9	0.06	0
5	unsafe	4	3	reset	10	0.081	0
5	unsafe	4	3	reset	11	0.061	0
5	unsafe	4	3	reset	12	0.06	0
5	unsafe	4	3	reset	13	0.07	0
5	unsafe	4	3	reset	14	0.07	0
5	unsafe	4	3	reset	15	0.07	0
5	unsafe	4	3	reset	16	0.08	0
5	unsafe	4	3	reset	17	0.301	0
5	unsafe	4	3	reset	18	0.4	0
5	unsafe	4	3	reset	19	0.05	0
5	unsafe	4	3	reset	20	0.06	0
5	unsafe	4	3	reset	21	0.29	0
5	unsafe	4	3	reset	22	0.291	0
5	unsafe	4	3	reset	23	0.06	0
5	unsafe	4	3	reset	24	0.06	0
5	unsafe	4	3	reset	25	0.15	0
5	unsafe	4	3	reset	26	0.29	0
5	unsafe	4	3	reset	27	0.291	0
5	unsafe	4	3	reset	28	0.07	0
5	unsafe	4	3	reset	29	0.06	0
5	unsafe	4	3	reset	30	0.08	0
5	unsafe	4	3	reset	31	0.06	0
5	unsafe	4	3	reset	32	0.07	0
5	unsafe	4	3	reset	33	0.06	0
5	unsafe	4	3	reset	34	0.07	0
5	unsafe	4	3	reset	35	0.071	0
5	unsafe	4	3	reset	36	0.05	0
5	unsafe	4	3	reset	37	0.06	0
5	unsafe	4	3	reset	38	0.06	0
5	unsafe	4	3	reset	39	0.05	0
5	unsafe	4	3	reset	40	0.07	0
5	unsafe	4	3	reset	41	0.06	0
5	unsafe	4	3	reset	42	0.07	0
5	unsafe	4	3	reset	43	0.06	0
5	unsafe	4	3	reset	44	0.07	0
5	unsafe	4	3	reset	45	0.05	0
5	unsafe	4	3	reset	46	0.07	0
5	unsafe	4	3	reset	47	0.06	0
5	unsafe	4	3	reset	48	0.061	0
5	unsafe	4	3	reset	49	0.07	0
5	unsafe	4	3	reset	50	0.06	0
5	unsafe	4	3	reset	51	0.1	0
5	unsafe	4	3	reset	52	0.07	0
5	unsafe	4	3	reset	53	0.051	0
5	unsafe	4	3	reset	54	0.07	0
5	unsafe	4	3	reset	55	0.06	0
5	unsafe	4	3	reset	56	0.06	0
5	unsafe	4	3	reset	57	0.05	0
5	unsafe	4	3	reset	58	0.06	0
5	unsafe	4	3	reset	59	0.07	0
5	unsafe	4	3	reset	60	0.07	0
5	unsafe	4	3	reset	61	0.07	0
5	unsafe	4	3	reset	62	0.06	0
5	unsafe	4	3	reset	63	0.06	0
5	unsafe	4	3	reset	64	0.06	0
5	unsafe	4	3	reset	65	0.07	0
5	unsafe	4	3	reset	66	0.07	0
5	unsafe	4	3	reset	67	0.06	0
5	unsafe	4	3	reset	68	0.07	0
5	unsafe	4	3	reset	69	0.06	0
5	unsafe	4	3	reset	70	0.05	0
5	unsafe	4	3	reset	71	0.07	0
5	unsafe	4	3	reset	72	0.06	0
5	unsafe	4	3	reset	73	0.07	0
5	unsafe	4	3	reset	74	0.07	0
5	unsafe	4	3	reset	75	0.07	0
5	unsafe	4	3	reset	76	0.07	0
5	unsafe	4	3	reset	77	0.06	0
5	unsafe	4	3	reset	78	0.06	0
5	unsafe	4	3	reset	79	0.06	0
5	unsafe	4	3	reset	80	0.06	0
5	unsafe	4	3	reset	81	0.06	0
5	unsafe	4	3	reset	82	0.07	0
5	unsafe	4	3	reset	83	0.07	0
5	unsafe	4	3	reset	84	0.07	0
5	unsafe	4	3	reset	85	0.06	0
5	unsafe	4	3	reset	86	0.07	0
5	unsafe	4	3	reset	87	0.05	0
5	unsafe	4	3	reset	88	0.07	0
5	unsafe	4	3	reset	89	0.06	0
5	unsafe	4	3	reset	90	0.07	0
5	unsafe	4	3	reset	91	0.05	0
5	unsafe	4	3	reset	92	0.081	0
5	unsafe	4	3	reset	93	0.06	0
5	unsafe	4	3	reset	94	0.061	0
5	unsafe	4	3	reset	95	0.08	0
5	unsafe	4	3	reset	96	0.07	0
5	unsafe	4	3	reset	97	0.07	0
5	unsafe	4	3	reset	98	0.07	0
5	unsafe	4	3	reset	99	0.06	0
5	unsafe	4	3	reset	100	0.061	0
5	unsafe	4	3	reset	101	0.06	0
5	unsafe	4	3	reset	102	0.06	0
5	unsafe	4	3	reset	103	0.07	0
5	unsafe	4	3	reset	104	0.12	0
5	unsafe	4	3	reset	105	0.05	0
5	unsafe	4	3	reset	106	0.06	0
5	unsafe	4	3	reset	107	0.06	0
5	unsafe	4	3	reset	108	0.07	0
5	unsafe	4	3	reset	109	0.07	0
5	unsafe	4	3	reset	110	0.05	0
5	unsafe	4	3	reset	111	0.06	0
5	unsafe	4	3	reset	112	0.06	0
5	unsafe	4	3	reset	113	0.05	0
5	unsafe	4	3	reset	114	0.07	0
5	unsafe	4	3	reset	115	0.06	0
5	unsafe	4	3	reset	116	0.06	0
5	unsafe	4	3	reset	117	0.05	0
5	unsafe	4	3	reset	118	0.06	0
5	unsafe	4	3	reset	119	0.06	0
5	unsafe	4	3	reset	120	0.07	0
5	unsafe	4	3	reset	121	0.06	0
5	unsafe	4	3	reset	122	0.06	0
5	unsafe	4	3	reset	123	0.061	0
5	unsafe	4	3	reset	124	0.06	0
5	unsafe	4	3	reset	125	0.07	0
5	unsafe	4	3	reset	126	0.06	0
5	unsafe	4	3	reset	127	0.06	0
5	unsafe	4	3	reset	128	0.06	0
5	unsafe	4	3	reset	129	0.05	0
5	unsafe	4	3	reset	130	0.07	0
5	unsafe	4	3	reset	131	0.06	0
5	unsafe	4	3	reset	132	0.07	0
5	unsafe	4	3	reset	133	0.061	0
5	unsafe	4	3	reset	134	0.071	0
5	unsafe	4	3	reset	135	0.07	0
5	unsafe	4	3	reset	136	0.07	0
5	unsafe	4	3	reset	137	0.09	0
5	unsafe	4	3	reset	138	0.06	0
5	unsafe	4	3	reset	139	0.06	0
5	unsafe	4	3	reset	140	0.06	0
5	unsafe	4	3	reset	141	0.06	0
5	unsafe	4	3	reset	142	0.061	0
5	unsafe	4	3	reset	143	0.061	0
5	unsafe	4	3	reset	144	0.06	0
5	unsafe	4	3	reset	145	0.06	0
5	unsafe	4	3	reset	146	0.07	0
5	unsafe	4	3	reset	147	0.08	0
5	unsafe	4	3	reset	148	0.07	0
5	unsafe	4	3	reset	149	0.061	0
5	unsafe	4	3	reset	150	0.06	0
5	unsafe	4	3	reset	151	0.07	0
5	unsafe	4	3	reset	152	0.08	0
5	unsafe	4	3	reset	153	0.06	0
5	unsafe	4	3	reset	154	0.07	0
5	unsafe	4	3	reset	155	0.05	0
5	unsafe	4	3	reset	156	0.07	0
5	unsafe	4	3	reset	157	0.08	0
5	unsafe	4	3	reset	158	0.07	0
5	unsafe	4	3	reset	159	0.08	0
5	unsafe	4	3	reset	160	0.07	0
5	unsafe	4	3	reset	161	0.07	0
5	unsafe	4	3	reset	162	0.071	0
5	unsafe	4	3	reset	163	0.06	0
5	unsafe	4	3	reset	164	0.081	0
5	unsafe	4	3	reset	165	0.06	0
5	unsafe	4	3	reset	166	0.06	0
5	unsafe	4	3	reset	167	0.061	0
5	unsafe	4	3	reset	168	0.07	0
5	unsafe	4	3	reset	169	0.05	0
5	unsafe	4	3	reset	170	0.081	0
5	unsafe	4	3	reset	171	0.07	0
5	unsafe	4	3	reset	172	0.05	0
5	unsafe	4	3	reset	173	0.06	0
5	unsafe	4	3	reset	174	0.061	0
5	unsafe	4	3	reset	175	0.06	0
5	unsafe	4	3	reset	176	0.06	0
5	unsafe	4	3	reset	177	0.07	0
5	unsafe	4	3	reset	178	0.071	0
5	unsafe	4	3	reset	179	0.05	0
5	unsafe	4	3	reset	180	0.06	0
5	unsafe	4	3	reset	181	0.05	0
5	unsafe	4	3	reset	182	0.07	0
5	unsafe	4	3	reset	183	0.07	0
5	unsafe	4	3	reset	184	0.07	0
5	unsafe	4	3	reset	185	0.06	0
5	unsafe	4	3	reset	186	0.06	0
5	unsafe	4	3	reset	187	0.07	0
5	unsafe	4	3	reset	188	0.06	0
5	unsafe	4	3	reset	189	0.05	0
5	unsafe	4	3	reset	190	0.07	0
5	unsafe	4	3	reset	191	0.06	0
5	unsafe	4	3	reset	192	0.071	0
5	unsafe	4	3	reset	193	0.07	0
5	unsafe	4	3	reset	194	0.07	0
5	unsafe	4	3	reset	195	0.06	0
5	unsafe	4	3	reset	196	0.061	0
5	unsafe	4	3	reset	197	0.07	0
5	unsafe	4	3	reset	198	0.06	0
5	unsafe	4	3	reset	199	0.07	0
5	unsafe	4	3	reset	200	0.071	0
5	unsafe	4	3	stall	1	0.0	0
5	unsafe	4	3	stall	2	0.0	0
5	unsafe	4	3	stall	3	0.0	0
5	checked	8	7	reset	1	103.345	0
5	checked	8	7	reset	2	77.677	0
5	checked	8	7	reset	3	79.981	0
5	checked	8	7	reset	4	57.829	0
5	checked	8	7	reset	5	113.935	0
5	checked	8	7	reset	6	41.178	0
5	checked	8	7	reset	7	37.431	0
5	checked	8	7	reset	8	36.219	0
5	checked	8	7	reset	9	36.689	0
5	checked	8	7	reset	10	35.918	0
5	checked	8	7	reset	11	39.264	0
5	checked	8	7	reset	12	36.238	0
5	checked	8	7	reset	13	35.517	0
5	checked	8	7	reset	14	35.447	0
5	checked	8	7	reset	15	34.835	0
5	checked	8	7	reset	16	35.366	0
5	checked	8	7	reset	17	34.906	0
5	checked	8	7	reset	18	34.585	0
5	checked	8	7	reset	19	34.536	0
5	checked	8	7	reset	20	34.435	0
5	checked	8	7	reset	21	35.357	0
5	checked	8	7	reset	22	35.618	0
5	checked	8	7	reset	23	35.858	0
5	checked	8	7	reset	24	34.545	0
5	checked	8	7	reset	25	34.745	0
5	checked	8	7	reset	26	35.657	0
5	checked	8	7	reset	27	35.367	0
5	checked	8	7	reset	28	62.468	0
5	checked	8	7	reset	29	68.529	0
5	checked	8	7	reset	30	62.297	0
5	checked	8	7	reset	31	62.578	0
5	checked	8	7	reset	32	47.781	0
5	checked	8	7	reset	33	47.129	0
5	checked	8	7	reset	34	48.181	0
5	checked	8	7	reset	35	52.269	0
5	checked	8	7	reset	36	48.741	0
5	checked	8	7	reset	37	51.537	0
5	checked	8	7	reset	38	51.637	0
5	checked	8	7	reset	39	50.926	0
5	checked	8	7	reset	40	49.363	0
5	checked	8	7	reset	41	47.239	0
5	checked	8	7	reset	42	45.055	0
5	checked	8	7	reset	43	48.251	0
5	checked	8	7	reset	44	50.706	0
5	checked	8	7	reset	45	48.903	0
5	checked	8	7	reset	46	47.179	0
5	checked	8	7	reset	47	47.68	0
5	checked	8	7	reset	48	44.905	0
5	checked	8	7	reset	49	47.941	0
5	checked	8	7	reset	50	52.83	0
5	checked	8	7	reset	51	49.053	0
5	checked	8	7	reset	52	48.502	0
5	checked	8	7	reset	53	46.478	0
5	checked	8	7	reset	54	47.209	0
5	checked	8	7	reset	55	47.7	0
5	checked	8	7	reset	56	49.223	0
5	checked	8	7	reset	57	62.187	0
5	checked	8	7	reset	58	45.145	0
5	checked	8	7	reset	59	45.787	0
5	checked	8	7	reset	60	45.556	0
5	checked	8	7	reset	61	45.255	0
5	checked	8	7	reset	62	48.442	0
5	checked	8	7	reset	63	46.057	0
5	checked	8	7	reset	64	43.912	0
5	checked	8	7	reset	65	46.367	0
5	checked	8	7	reset	66	44.374	0
5	checked	8	7	reset	67	44.143	0
5	checked	8	7	reset	68	47.38	0
5	checked	8	7	reset	69	51.737	0
5	checked	8	7	reset	70	51.988	0
5	checked	8	7	reset	71	51.327	0
5	checked	8	7	reset	72	45.195	0
5	checked	8	7	reset	73	50.345	0
5	checked	8	7	reset	74	60.164	0
5	checked	8	7	reset	75	44.755	0
5	checked	8	7	reset	76	44.874	0
5	checked	8	7	reset	77	49.003	0
5	checked	8	7	reset	78	45.907	0
5	checked	8	7	reset	79	45.115	0
5	checked	8	7	reset	80	44.163	0
5	checked	8	7	reset	81	45.255	0
5	checked	8	7	reset	82	46.438	0
5	checked	8	7	reset	83	44.133	0
5	checked	8	7	reset	84	46.437	0
5	checked	8	7	reset	85	44.154	0
5	checked	8	7	reset	86	43.182	0
5	checked	8	7	reset	87	42.42	0
5	checked	8	7	reset	88	45.265	0
5	checked	8	7	reset	89	45.276	0
5	checked	8	7	reset	90	45.215	0
5	checked	8	7	reset	91	44.083	0
5	checked	8	7	reset	92	45.406	0
5	checked	8	7	reset	93	44.364	0
5	checked	8	7	reset	94	46.318	0
5	checked	8	7	reset	95	44.163	0
5	checked	8	7	reset	96	48.852	0
5	checked	8	7	reset	97	47.75	0
5	checked	8	7	reset	98	45.136	0
5	checked	8	7	reset	99	46.759	0
5	checked	8	7	reset	100	46.779	0
5	checked	8	7	reset	101	45.806	0
5	checked	8	7	reset	102	45.576	0
5	checked	8	7	reset	103	54.173	0
5	checked	8	7	reset	104	48.462	0
5	checked	8	7	reset	105	48.181	0
5	checked	8	7	reset	106	47.449	0
5	checked	8	7	reset	107	62.078	0
5	checked	8	7	reset	108	46.107	0
5	checked	8	7	reset	109	46.668	0
5	checked	8	7	reset	110	45.696	0
5	checked	8	7	reset	111	45.335	0
5	checked	8	7	reset	112	42.25	0
5	checked	8	7	reset	113	44.775	0
5	checked	8	7	reset	114	43.632	0
5	checked	8	7	reset	115	43.091	0
5	checked	8	7	reset	116	44.775	0
5	checked	8	7	reset	117	43.812	0
5	checked	8	7	reset	118	45.586	0
5	checked	8	7	reset	119	45.676	0
5	checked	8	7	reset	120	46.808	0
5	checked	8	7	reset	121	45.256	0
5	checked	8	7	reset	122	44.615	0
5	checked	8	7	reset	123	45.656	0
5	checked	8	7	reset	124	47.019	0
5	checked	8	7	reset	125	45.035	0
5	checked	8	7	reset	126	45.546	0
5	checked	8	7	reset	127	43.932	0
5	checked	8	7	reset	128	44.093	0
5	checked	8	7	reset	129	47.219	0
5	checked	8	7	reset	130	42.681	0
5	checked	8	7	reset	131	43.041	0
5	checked	8	7	reset	132	47.53	0
5	checked	8	7	reset	133	44.003	0
5	checked	8	7	reset	134	43.392	0
5	checked	8	7	reset	135	45.436	0
5	checked	8	7	reset	136	44.544	0
5	checked	8	7	reset	137	45.576	0
5	checked	8	7	reset	138	41.799	0
5	checked	8	7	reset	139	46.868	0
5	checked	8	7	reset	140	46.308	0
5	checked	8	7	reset	141	46.177	0
5	checked	8	7	reset	142	45.957	0
5	checked	8	7	reset	143	44.784	0
5	checked	8	7	reset	144	46.087	0
5	checked	8	7	reset	145	44.674	0
5	checked	8	7	reset	146	42.229	0
5	checked	8	7	reset	147	45.265	0
5	checked	8	7	reset	148	44.825	0
5	checked	8	7	reset	149	45.667	0
5	checked	8	7	reset	150	45.876	0
5	checked	8	7	reset	151	45.085	0
5	checked	8	7	reset	152	45.746	0
5	checked	8	7	reset	153	42.47	0
5	checked	8	7	reset	154	43.331	0
5	checked	8	7	reset	155	45.226	0
5	checked	8	7	reset	156	47.449	0
5	checked	8	7	reset	157	45.195	0
5	checked	8	7	reset	158	44.634	0
5	checked	8	7	reset	159	46.468	0
5	checked	8	7	reset	160	62.759	0
5	checked	8	7	reset	161	59.222	0
5	checked	8	7	reset	162	58.991	0
5	checked	8	7	reset	163	45.326	0
5	checked	8	7	reset	164	44.744	0
5	checked	8	7	reset	165	43.902	0
5	checked	8	7	reset	166	44.654	0
5	checked	8	7	reset	167	43.222	0
5	checked	8	7	reset	168	43.011	0
5	checked	8	7	reset	169	43.863	0
5	checked	8	7	reset	170	43.963	0
5	checked	8	7	reset	171	43.272	0
5	checked	8	7	reset	172	43.222	0
5	checked	8	7	reset	173	43.122	0
5	checked	8	7	reset	174	44.845	0
5	checked	8	7	reset	175	47.349	0
5	checked	8	7	reset	176	43.733	0
5	checked	8	7	reset	177	43.833	0
5	checked	8	7	reset	178	43.563	0
5	checked	8	7	reset	179	43.071	0
5	checked	8	7	reset	180	43.893	0
5	checked	8	7	reset	181	44.033	0
5	checked	8	7	reset	182	43.362	0
5	checked	8	7	reset	183	43.121	0
5	checked	8	7	reset	184	43.583	0
5	checked	8	7	reset	185	43.332	0
5	checked	8	7	reset	186	43.892	0
5	checked	8	7	reset	187	43.853	0
5	checked	8	7	reset	188	43.662	0
5	checked	8	7	reset	189	43.322	0
5	checked	8	7	reset	190	44.684	0
5	checked	8	7	reset	191	44.744	0
5	checked	8	7	reset	192	44.965	0
5	checked	8	7	reset	193	45.456	0
5	checked	8	7	reset	194	43.362	0
5	checked	8	7	reset	195	43.893	0
5	checked	8	7	reset	196	43.793	0
5	checked	8	7	reset	197	44.874	0
5	checked	8	7	reset	198	46.538	0
5	checked	8	7	reset	199	44.524	0
5	checked	8	7	reset	200	43.853	0
5	checked	8	7	stall	1	77.276	0
5	checked	8	7	stall	2	61.235	0
5	checked	8	7	stall	3	67.688	0
5	checked	8	7	stall	4	69.581	0
5	checked	8	7	stall	5	78.638	0
5	checked	8	7	stall	6	64.351	0
5	checked	8	7	stall	7	64.743	0
5	unsafe	8	7	reset	1	0.22	0
5	unsafe	8	7	reset	2	0.09	0
5	unsafe	8	7	reset	3	0.13	0
5	unsafe	8	7	reset	4	0.09	0
5	unsafe	8	7	reset	5	0.07	0
5	unsafe	8	7	reset	6	0.07	0
5	unsafe	8	7	reset	7	0.071	0
5	unsafe	8	7	reset	8	0.07	0
5	unsafe	8	7	reset	9	0.07	0
5	unsafe	8	7	reset	10	0.12	0
5	unsafe	8	7	reset	11	0.07	0
5	unsafe	8	7	reset	12	0.07	0
5	unsafe	8	7	reset	13	0.06	0
5	unsafe	8	7	reset	14	0.08	0
5	unsafe	8	7	reset	15	0.07	0
5	unsafe	8	7	reset	16	0.06	0
5	unsafe	8	7	reset	17	0.18	0
5	unsafe	8	7	reset	18	0.1	0
5	unsafe	8	7	reset	19	0.09	0
5	unsafe	8	7	reset	20	0.08	0
5	unsafe	8	7	reset	21	0.09	0
5	unsafe	8	7	reset	22	0.1	0
5	unsafe	8	7	reset	23	0.09	0
5	unsafe	8	7	reset	24	0.09	0
5	unsafe	8	7	reset	25	0.07	0
5	unsafe	8	7	reset	26	0.08	0
5	unsafe	8	7	reset	27	0.22	0
5	unsafe	8	7	reset	28	0.07	0
5	unsafe	8	7	reset	29	0.07	0
5	unsafe	8	7	reset	30	0.11	0
5	unsafe	8	7	reset	31	0.08	0
5	unsafe	8	7	reset	32	0.091	0
5	unsafe	8	7	reset	33	0.08	0
5	unsafe	8	7	reset	34	0.07	0
5	unsafe	8	7	reset	35	0.07	0
5	unsafe	8	7	reset	36	0.07	0
5	unsafe	8	7	reset	37	0.08	0
5	unsafe	8	7	reset	38	0.08	0
5	unsafe	8	7	reset	39	0.08	0
5	unsafe	8	7	reset	40	0.08	0
5	unsafe	8	7	reset	41	0.07	0
5	unsafe	8	7	reset	42	0.081	0
5	unsafe	8	7	reset	43	0.08	0
5	unsafe	8	7	reset	44	0.07	0
5	unsafe	8	7	reset	45	0.071	0
5	unsafe	8	7	reset	46	0.08	0
5	unsafe	8	7	reset	47	0.07	0
5	unsafe	8	7	reset	48	0.08	0
5	unsafe	8	7	reset	49	0.07	0
5	unsafe	8	7	reset	50	0.08	0
5	unsafe	8	7	reset	51	0.08	0
5	unsafe	8	7	reset	52	0.081	0
5	unsafe	8	7	reset	53	0.07	0
5	unsafe	8	7	reset	54	0.09	0
5	unsafe	8	7	reset	55	0.07	0
5	unsafe	8	7	reset	56	0.1	0
5	unsafe	8	7	reset	57	0.091	0
5	unsafe	8	7	reset	58	0.08	0
5	unsafe	8	7	reset	59	0.071	0
5	unsafe	8	7	reset	60	0.07	0
5	unsafe	8	7	reset	61	0.07	0
5	unsafe	8	7	reset	62	0.08	0
5	unsafe	8	7	reset	63	0.07	0
5	unsafe	8	7	reset	64	0.091	0
5	unsafe	8	7	reset	65	0.08	0
5	unsafe	8	7	reset	66	0.08	0
5	unsafe	8	7	reset	67	0.08	0
5	unsafe	8	7	reset	68	0.09	0
5	unsafe	8	7	reset	69	0.08	0
5	unsafe	8	7	reset	70	0.07	0
5	unsafe	8	7	reset	71	0.07	0
5	unsafe	8	7	reset	72	0.07	0
5	unsafe	8	7	reset	73	0.08	0
5	unsafe	8	7	reset	74	0.091	0
5	unsafe	8	7	reset	75	0.07	0
5	unsafe	8	7	reset	76	0.091	0
5	unsafe	8	7	reset	77	0.07	0
5	unsafe	8	7	reset	78	0.09	0
5	unsafe	8	7	reset	79	0.081	0
5	unsafe	8	7	reset	80	0.08	0
5	unsafe	8	7	reset	81	0.081	0
5	unsafe	8	7	reset	82	0.08	0
5	unsafe	8	7	reset	83	0.08	0
5	unsafe	8	7	reset	84	0.08	0
5	unsafe	8	7	reset	85	0.08	0
5	unsafe	8	7	reset	86	0.07	0
5	unsafe	8	7	reset	87	0.07	0
5	unsafe	8	7	reset	88	0.09	0
5	unsafe	8	7	reset	89	0.081	0
5	unsafe	8	7	reset	90	0.09	0
5	unsafe	8	7	reset	91	0.07	0
5	unsafe	8	7	reset	92	0.071	0
5	unsafe	8	7	reset	93	0.08	0
5	unsafe	8	7	reset	94	0.08	0
5	unsafe	8	7	reset	95	0.08	0
5	unsafe	8	7	reset	96	0.09	0
5	unsafe	8	7	reset	97	0.08	0
5	unsafe	8	7	reset	98	0.08	0
5	unsafe	8	7	reset	99	0.08	0
5	unsafe	8	7	reset	100	0.1	0
5	unsafe	8	7	reset	101	0.09	0
5	unsafe	8	7	reset	102	0.08	0
5	unsafe	8	7	reset	103	0.08	0
5	unsafe	8	7	reset	104	0.08	0
5	unsafe	8	7	reset	105	0.09	0
5	unsafe	8	7	reset	106	0.07	0
5	unsafe	8	7	reset	107	0.081	0
5	unsafe	8	7	reset	108	0.1	0
5	unsafe	8	7	reset	109	0.08	0
5	unsafe	8	7	reset	110	0.08	0
5	unsafe	8	7	reset	111	0.07	0
5	unsafe	8	7	reset	112	0.08	0
5	unsafe	8	7	reset	113	0.081	0
5	unsafe	8	7	reset	114	0.07	0
5	unsafe	8	7	reset	115	0.071	0
5	unsafe	8	7	reset	116	0.09	0
5	unsafe	8	7	reset	117	0.07	0
5	unsafe	8	7	reset	118	0.081	0
5	unsafe	8	7	reset	119	0.081	0
5	unsafe	8	7	reset	120	0.08	0
5	unsafe	8	7	reset	121	0.09	0
5	unsafe	8	7	reset	122	0.09	0
5	unsafe	8	7	reset	123	0.09	0
5	unsafe	8	7	reset	124	0.08	0
5	unsafe	8	7	reset	125	0.07	0
5	unsafe	8	7	reset	126	0.08	0
5	unsafe	8	7	reset	127	0.081	0
5	unsafe	8	7	reset	128	0.1	0
5	unsafe	8	7	reset	129	0.08	0
5	unsafe	8	7	reset	130	0.09	0
5	unsafe	8	7	reset	131	0.09	0
5	unsafe	8	7	reset	132	0.081	0
5	unsafe	8	7	reset	133	0.08	0
5	unsafe	8	7	reset	134	0.09	0
5	unsafe	8	7	reset	135	0.08	0
5	unsafe	8	7	reset	136	0.1	0
5	unsafe	8	7	reset	137	0.09	0
5	unsafe	8	7	reset	138	0.08	0
5	unsafe	8	7	reset	139	0.08	0
5	unsafe	8	7	reset	140	0.1	0
5	unsafe	8	7	reset	141	0.091	0
5	unsafe	8	7	reset	142	0.101	0
5	unsafe	8	7	reset	143	0.09	0
5	unsafe	8	7	reset	144	0.09	0
5	unsafe	8	7	reset	145	0.08	0
5	unsafe	8	7	reset	146	0.07	0
5	unsafe	8	7	reset	147	0.07	0
5	unsafe	8	7	reset	148	0.08	0
5	unsafe	8	7	reset	149	0.081	0
5	unsafe	8	7	reset	150	0.091	0
5	unsafe	8	7	reset	151	0.081	0
5	unsafe	8	7	reset	152	0.08	0
5	unsafe	8	7	reset	153	0.08	0
5	unsafe	8	7	reset	154	0.1	0
5	unsafe	8	7	reset	155	0.08	0
5	unsafe	8	7	reset	156	0.081	0
5	unsafe	8	7	reset	157	0.08	0
5	unsafe	8	7	reset	158	0.091	0
5	unsafe	8	7	reset	159	0.07	0
5	unsafe	8	7	reset	160	0.08	0
5	unsafe	8	7	reset	161	0.08	0
5	unsafe	8	7	reset	162	0.08	0
5	unsafe	8	7	reset	163	0.07	0
5	unsafe	8	7	reset	164	0.08	0
5	unsafe	8	7	reset	165	0.07	0
5	unsafe	8	7	reset	166	0.101	0
5	unsafe	8	7	reset	167	0.08	0
5	unsafe	8	7	reset	168	0.08	0
5	unsafe	8	7	reset	169	0.07	0
5	unsafe	8	7	reset	170	0.071	0
5	unsafe	8	7	reset	171	0.08	0
5	unsafe	8	7	reset	172	0.091	0
5	unsafe	8	7	reset	173	0.07	0
5	unsafe	8	7	reset	174	0.09	0
5	unsafe	8	7	reset	175	0.071	0
5	unsafe	8	7	reset	176	0.081	0
5	unsafe	8	7	reset	177	0.1	0
5	unsafe	8	7	reset	178	0.07	0
5	unsafe	8	7	reset	179	0.07	0
5	unsafe	8	7	reset	180	0.07	0
5	unsafe	8	7	reset	181	0.07	0
5	unsafe	8	7	reset	182	0.081	0
5	unsafe	8	7	reset	183	0.08	0
5	unsafe	8	7	reset	184	0.08	0
5	unsafe	8	7	reset	185	0.07	0
5	unsafe	8	7	reset	186	0.09	0
5	unsafe	8	7	reset	187	0.07	0
5	unsafe	8	7	reset	188	0.08	0
5	unsafe	8	7	reset	189	0.081	0
5	unsafe	8	7	reset	190	0.08	0
5	unsafe	8	7	reset	191	0.07	0
5	unsafe	8	7	reset	192	0.08	0
5	unsafe	8	7	reset	193	0.07	0
5	unsafe	8	7	reset	194	0.09	0
5	unsafe	8	7	reset	195	0.08	0
5	unsafe	8	7	reset	196	0.09	0
5	unsafe	8	7	reset	197	0.07	0
5	unsafe	8	7	reset	198	0.091	0
5	unsafe	8	7	reset	199	0.07	0
5	unsafe	8	7	reset	200	0.09	0
5	unsafe	8	7	stall	1	0.0	0
5	unsafe	8	7	stall	2	0.0	0
5	unsafe	8	7	stall	3	0.0	0
5	unsafe	8	7	stall	4	0.0	0
5	unsafe	8	7	stall	5	0.0	0
5	unsafe	8	7	stall	6	0.0	0
5	unsafe	8	7	stall	7	0.0	0
5	checked	16	15	reset	1	101.712	1
5	checked	16	15	reset	2	83.437	1
5	checked	16	15	reset	3	88.637	1
5	checked	16	15	reset	4	121.409	1
5	checked	16	15	reset	5	227.209	1
5	checked	16	15	reset	6	40.687	1
5	checked	16	15	reset	7	47.86	1
5	checked	16	15	reset	8	35.617	1
5	checked	16	15	reset	9	36.078	1
5	checked	16	15	reset	10	35.106	1
5	checked	16	15	reset	11	35.958	1
5	checked	16	15	reset	12	36.279	1
5	checked	16	15	reset	13	36.449	1
5	checked	16	15	reset	14	36.138	1
5	checked	16	15	reset	15	36.669	1
5	checked	16	15	reset	16	36.499	1
5	checked	16	15	reset	17	35.897	1
5	checked	16	15	reset	18	35.897	1
5	checked	16	15	reset	19	36.82	1
5	checked	16	15	reset	20	35.717	1
5	checked	16	15	reset	21	35.457	1
5	checked	16	15	reset	22	44.094	1
5	checked	16	15	reset	23	35.938	1
5	checked	16	15	reset	24	36.178	1
5	checked	16	15	reset	25	86.022	1
5	checked	16	15	reset	26	82.807	1
5	checked	16	15	reset	27	81.764	1
5	checked	16	15	reset	28	74.61	1
5	checked	16	15	reset	29	70.112	1
5	checked	16	15	reset	30	68.159	1
5	checked	16	15	reset	31	61.566	1
5	checked	16	15	reset	32	65.063	1
5	checked	16	15	reset	33	66.195	1
5	checked	16	15	reset	34	65.624	1
5	checked	16	15	reset	35	64.983	1
5	checked	16	15	reset	36	67.718	1
5	checked	16	15	reset	37	65.653	1
5	checked	16	15	reset	38	78.889	1
5	checked	16	15	reset	39	77.526	1
5	checked	16	15	reset	40	74.501	1
5	checked	16	15	reset	41	71.685	1
5	checked	16	15	reset	42	71.765	1
5	checked	16	15	reset	43	73.94	1
5	checked	16	15	reset	44	61.496	1
5	checked	16	15	reset	45	65.283	1
5	checked	16	15	reset	46	65.955	1
5	checked	16	15	reset	47	66.475	1
5	checked	16	15	reset	48	66.184	1
5	checked	16	15	reset	49	65.233	1
5	checked	16	15	reset	50	65.424	1
5	checked	16	15	reset	51	65.854	1
5	checked	16	15	reset	52	61.577	1
5	checked	16	15	reset	53	62.137	1
5	checked	16	15	reset	54	65.133	1
5	checked	16	15	reset	55	62.278	1
5	checked	16	15	reset	56	61.817	1
5	checked	16	15	reset	57	62.739	1
5	checked	16	15	reset	58	75.353	1
5	checked	16	15	reset	59	75.483	1
5	checked	16	15	reset	60	71.786	1
5	checked	16	15	reset	61	61.195	1
5	checked	16	15	reset	62	63.851	1
5	checked	16	15	reset	63	62.318	1
5	checked	16	15	reset	64	63.59	1
5	checked	16	15	reset	65	60.785	1
5	checked	16	15	reset	66	61.697	1
5	checked	16	15	reset	67	58.19	1
5	checked	16	15	reset	68	69.702	1
5	checked	16	15	reset	69	59.141	1
5	checked	16	15	reset	70	60.153	1
5	checked	16	15	reset	71	60.314	1
5	checked	16	15	reset	72	57.759	1
5	checked	16	15	reset	73	59.382	1
5	checked	16	15	reset	74	57.649	1
5	checked	16	15	reset	75	59.642	1
5	checked	16	15	reset	76	55.995	1
5	checked	16	15	reset	77	81.674	1
5	checked	16	15	reset	78	78.137	1
5	checked	16	15	reset	79	69.341	1
5	checked	16	15	reset	80	70.323	1
5	checked	16	15	reset	81	71.856	1
5	checked	16	15	reset	82	61.797	1
5	checked	16	15	reset	83	59.662	1
5	checked	16	15	reset	84	59.502	1
5	checked	16	15	reset	85	58.881	1
5	checked	16	15	reset	86	61.376	1
5	checked	16	15	reset	87	59.863	1
5	checked	16	15	reset	88	59.332	1
5	checked	16	15	reset	89	56.566	1
5	checked	16	15	reset	90	57.589	1
5	checked	16	15	reset	91	58.451	1
5	checked	16	15	reset	92	59.202	1
5	checked	16	15	reset	93	58.19	1
5	checked	16	15	reset	94	55.756	1
5	checked	16	15	reset	95	57.668	1
5	checked	16	15	reset	96	58.23	1
5	checked	16	15	reset	97	59.212	1
5	checked	16	15	reset	98	57.769	1
5	checked	16	15	reset	99	58.581	1
5	checked	16	15	reset	100	59.302	1
5	checked	16	15	reset	101	60.104	1
5	checked	16	15	reset	102	57.018	1
5	checked	16	15	reset	103	58.982	1
5	checked	16	15	reset	104	57.579	1
5	checked	16	15	reset	105	58.841	1
5	checked	16	15	reset	106	66.796	1
5	checked	16	15	reset	107	57.028	1
5	checked	16	15	reset	108	62.157	1
5	checked	16	15	reset	109	57.458	1
5	checked	16	15	reset	110	56.687	1
5	checked	16	15	reset	111	60.585	1
5	checked	16	15	reset	112	58.971	1
5	checked	16	15	reset	113	61.717	1
5	checked	16	15	reset	114	59.422	1
5	checked	16	15	reset	115	57.678	1
5	checked	16	15	reset	116	58.981	1
5	checked	16	15	reset	117	64.863	1
5	checked	16	15	reset	118	56.066	1
5	checked	16	15	reset	119	65.654	1
5	checked	16	15	reset	120	64.471	1
5	checked	16	15	reset	121	52.188	1
5	checked	16	15	reset	122	53.481	1
5	checked	16	15	reset	123	53.872	1
5	checked	16	15	reset	124	53.491	1
5	checked	16	15	reset	125	54.864	1
5	checked	16	15	reset	126	51.968	1
5	checked	16	15	reset	127	52.028	1
5	checked	16	15	reset	128	53.18	1
5	checked	16	15	reset	129	54.803	1
5	checked	16	15	reset	130	52.129	1
5	checked	16	15	reset	131	54.313	1
5	checked	16	15	reset	132	53.05	1
5	checked	16	15	reset	133	53.16	1
5	checked	16	15	reset	134	51.146	1
5	checked	16	15	reset	135	54.152	1
5	checked	16	15	reset	136	71.314	1
5	checked	16	15	reset	137	53.15	1
5	checked	16	15	reset	138	52.77	1
5	checked	16	15	reset	139	53.08	1
5	checked	16	15	reset	140	53.491	1
5	checked	16	15	reset	141	53.742	1
5	checked	16	15	reset	142	53.301	1
5	checked	16	15	reset	143	51.437	1
5	checked	16	15	reset	144	52.349	1
5	checked	16	15	reset	145	53.962	1
5	checked	16	15	reset	146	59.893	1
5	checked	16	15	reset	147	57.498	1
5	checked	16	15	reset	148	56.627	1
5	checked	16	15	reset	149	52.289	1
5	checked	16	15	reset	150	54.673	1
5	checked	16	15	reset	151	52.629	1
5	checked	16	15	reset	152	52.258	1
5	checked	16	15	reset	153	52.328	1
5	checked	16	15	reset	154	52.128	1
5	checked	16	15	reset	155	52.308	1
5	checked	16	15	reset	156	52.85	1
5	checked	16	15	reset	157	59.993	1
5	checked	16	15	reset	158	56.036	1
5	checked	16	15	reset	159	56.777	1
5	checked	16	15	reset	160	74.01	1
5	checked	16	15	reset	161	78.268	1
5	checked	16	15	reset	162	65.193	1
5	checked	16	15	reset	163	65.954	1
5	checked	16	15	reset	164	53.14	1
5	checked	16	15	reset	165	52.95	1
5	checked	16	15	reset	166	54.583	1
5	checked	16	15	reset	167	52.709	1
5	checked	16	15	reset	168	52.178	1
5	checked	16	15	reset	169	52.569	1
5	checked	16	15	reset	170	52.579	1
5	checked	16	15	reset	171	53.281	1
5	checked	16	15	reset	172	52.799	1
5	checked	16	15	reset	173	52.569	1
5	checked	16	15	reset	174	53.19	1
5	checked	16	15	reset	175	185.761	1
5	checked	16	15	reset	176	65.053	1
5	checked	16	15	reset	177	54.713	1
5	checked	16	15	reset	178	74.841	1
5	checked	16	15	reset	179	53.171	1
5	checked	16	15	reset	180	53.611	1
5	checked	16	15	reset	181	52.98	1
5	checked	16	15	reset	182	53.812	1
5	checked	16	15	reset	183	52.98	1
5	checked	16	15	reset	184	64.903	1
5	checked	16	15	reset	185	53.341	1
5	checked	16	15	reset	186	52.93	1
5	checked	16	15	reset	187	51.908	1
5	checked	16	15	reset	188	53.14	1
5	checked	16	15	reset	189	54.243	1
5	checked	16	15	reset	190	56.397	1
5	checked	16	15	reset	191	60.083	1
5	checked	16	15	reset	192	54.734	1
5	checked	16	15	reset	193	73.639	1
5	checked	16	15	reset	194	1701.551	1
5	checked	16	15	reset	195	146.767	1
5	checked	16	15	reset	196	70.222	1
5	checked	16	15	reset	197	64.192	1
5	checked	16	15	reset	198	65.224	1
5	checked	16	15	reset	199	66.806	1
5	checked	16	15	reset	200	64.161	1
5	checked	16	15	stall	1	176.493	1
5	checked	16	15	stall	2	180.741	1
5	checked	16	15	stall	3	888.828	1
5	checked	16	15	stall	4	179.669	1
5	checked	16	15	stall	5	502.689	1
5	checked	16	15	stall	6	177.705	1
5	checked	16	15	stall	7	2473.418	1
5	checked	16	15	stall	8	989.177	1
5	checked	16	15	stall	9	882.635	1
5	checked	16	15	stall	10	193.796	1
5	checked	16	15	stall	11	885.561	1
5	checked	16	15	stall	12	2544.522	1
5	checked	16	15	stall	13	177.535	1
5	checked	16	15	stall	14	176.493	1
5	checked	16	15	stall	15	179.558	1
5	unsafe	16	15	reset	1	0.13	1
5	unsafe	16	15	reset	2	0.08	1
5	unsafe	16	15	reset	3	0.1	1
5	unsafe	16	15	reset	4	0.08	1
5	unsafe	16	15	reset	5	0.08	1
5	unsafe	16	15	reset	6	0.08	1
5	unsafe	16	15	reset	7	1.753	1
5	unsafe	16	15	reset	8	0.07	1
5	unsafe	16	15	reset	9	0.1	1
5	unsafe	16	15	reset	10	0.091	1
5	unsafe	16	15	reset	11	0.07	1
5	unsafe	16	15	reset	12	0.24	1
5	unsafe	16	15	reset	13	0.07	1
5	unsafe	16	15	reset	14	0.071	1
5	unsafe	16	15	reset	15	0.08	1
5	unsafe	16	15	reset	16	0.18	1
5	unsafe	16	15	reset	17	0.12	1
5	unsafe	16	15	reset	18	0.091	1
5	unsafe	16	15	reset	19	0.07	1
5	unsafe	16	15	reset	20	0.09	1
5	unsafe	16	15	reset	21	0.08	1
5	unsafe	16	15	reset	22	0.07	1
5	unsafe	16	15	reset	23	0.08	1
5	unsafe	16	15	reset	24	0.121	1
5	unsafe	16	15	reset	25	0.071	1
5	unsafe	16	15	reset	26	0.09	1
5	unsafe	16	15	reset	27	0.07	1
5	unsafe	16	15	reset	28	0.08	1
5	unsafe	16	15	reset	29	0.09	1
5	unsafe	16	15	reset	30	0.091	1
5	unsafe	16	15	reset	31	0.08	1
5	unsafe	16	15	reset	32	0.07	1
5	unsafe	16	15	reset	33	0.07	1
5	unsafe	16	15	reset	34	0.07	1
5	unsafe	16	15	reset	35	0.06	1
5	unsafe	16	15	reset	36	0.08	1
5	unsafe	16	15	reset	37	0.07	1
5	unsafe	16	15	reset	38	0.08	1
5	unsafe	16	15	reset	39	0.08	1
5	unsafe	16	15	reset	40	0.07	1
5	unsafe	16	15	reset	41	0.07	1
5	unsafe	16	15	reset	42	0.08	1
5	unsafe	16	15	reset	43	0.07	1
5	unsafe	16	15	reset	44	0.08	1
5	unsafe	16	15	reset	45	0.07	1
5	unsafe	16	15	reset	46	0.07	1
5	unsafe	16	15	reset	47	0.08	1
5	unsafe	16	15	reset	48	0.07	1
5	unsafe	16	15	reset	49	0.071	1
5	unsafe	16	15	reset	50	0.07	1
5	unsafe	16	15	reset	51	0.08	1
5	unsafe	16	15	reset	52	0.08	1
5	unsafe	16	15	reset	53	0.06	1
5	unsafe	16	15	reset	54	0.071	1
5	unsafe	16	15	reset	55	0.071	1
5	unsafe	16	15	reset	56	0.08	1
5	unsafe	16	15	reset	57	0.08	1
5	unsafe	16	15	reset	58	0.07	1
5	unsafe	16	15	reset	59	0.08	1
5	unsafe	16	15	reset	60	0.07	1
5	unsafe	16	15	reset	61	0.091	1
5	unsafe	16	15	reset	62	0.091	1
5	unsafe	16	15	reset	63	0.08	1
5	unsafe	16	15	reset	64	0.08	1
5	unsafe	16	15	reset	65	0.07	1
5	unsafe	16	15	reset	66	0.08	1
5	unsafe	16	15	reset	67	0.08	1
5	unsafe	16	15	reset	68	0.08	1
5	unsafe	16	15	reset	69	0.081	1
5	unsafe	16	15	reset	70	0.07	1
5	unsafe	16	15	reset	71	0.071	1
5	unsafe	16	15	reset	72	0.08	1
5	unsafe	16	15	reset	73	0.07	1
5	unsafe	16	15	reset	74	0.08	1
5	unsafe	16	15	reset	75	0.07	1
5	unsafe	16	15	reset	76	0.07	1
5	unsafe	16	15	reset	77	0.07	1
5	unsafe	16	15	reset	78	0.07	1
5	unsafe	16	15	reset	79	0.08	1
5	unsafe	16	15	reset	80	0.1	1
5	unsafe	16	15	reset	81	0.071	1
5	unsafe	16	15	reset	82	0.1	1
5	unsafe	16	15	reset	83	0.07	1
5	unsafe	16	15	reset	84	0.08	1
5	unsafe	16	15	reset	85	0.09	1
5	unsafe	16	15	reset	86	0.07	1
5	unsafe	16	15	reset	87	0.09	1
5	unsafe	16	15	reset	88	0.08	1
5	unsafe	16	15	reset	89	0.07	1
5	unsafe	16	15	reset	90	0.08	1
5	unsafe	16	15	reset	91	0.07	1
5	unsafe	16	15	reset	92	0.08	1
5	unsafe	16	15	reset	93	0.07	1
5	unsafe	16	15	reset	94	0.08	1
5	unsafe	16	15	reset	95	0.08	1
5	unsafe	16	15	reset	96	0.101	1
5	unsafe	16	15	reset	97	0.08	1
5	unsafe	16	15	reset	98	0.08	1
5	unsafe	16	15	reset	99	0.07	1
5	unsafe	16	15	reset	100	0.08	1
5	unsafe	16	15	reset	101	0.07	1
5	unsafe	16	15	reset	102	0.091	1
5	unsafe	16	15	reset	103	0.08	1
5	unsafe	16	15	reset	104	0.1	1
5	unsafe	16	15	reset	105	0.08	1
5	unsafe	16	15	reset	106	0.07	1
5	unsafe	16	15	reset	107	0.08	1
5	unsafe	16	15	reset	108	0.08	1
5	unsafe	16	15	reset	109	0.07	1
5	unsafe	16	15	reset	110	0.091	1
5	unsafe	16	15	reset	111	0.08	1
5	unsafe	16	15	reset	112	0.08	1
5	unsafe	16	15	reset	113	0.09	1
5	unsafe	16	15	reset	114	0.071	1
5	unsafe	16	15	reset	115	0.08	1
5	unsafe	16	15	reset	116	0.07	1
5	unsafe	16	15	reset	117	0.08	1
5	unsafe	16	15	reset	118	0.09	1
5	unsafe	16	15	reset	119	0.07	1
5	unsafe	16	15	reset	120	0.12	1
5	unsafe	16	15	reset	121	0.07	1
5	unsafe	16	15	reset	122	0.08	1
5	unsafe	16	15	reset	123	0.071	1
5	unsafe	16	15	reset	124	0.07	1
5	unsafe	16	15	reset	125	0.08	1
5	unsafe	16	15	reset	126	0.08	1
5	unsafe	16	15	reset	127	0.081	1
5	unsafe	16	15	reset	128	0.07	1
5	unsafe	16	15	reset	129	0.08	1
5	unsafe	16	15	reset	130	0.081	1
5	unsafe	16	15	reset	131	0.07	1
5	unsafe	16	15	reset	132	0.08	1
5	unsafe	16	15	reset	133	0.071	1
5	unsafe	16	15	reset	134	0.07	1
5	unsafe	16	15	reset	135	0.081	1
5	unsafe	16	15	reset	136	0.081	1
5	unsafe	16	15	reset	137	0.07	1
5	unsafe	16	15	reset	138	0.081	1
5	unsafe	16	15	reset	139	0.07	1
5	unsafe	16	15	reset	140	0.081	1
5	unsafe	16	15	reset	141	0.09	1
5	unsafe	16	15	reset	142	0.071	1
5	unsafe	16	15	reset	143	0.08	1
5	unsafe	16	15	reset	144	0.07	1
5	unsafe	16	15	reset	145	0.08	1
5	unsafe	16	15	reset	146	0.08	1
5	unsafe	16	15	reset	147	0.071	1
5	unsafe	16	15	reset	148	0.08	1
5	unsafe	16	15	reset	149	0.07	1
5	unsafe	16	15	reset	150	0.07	1
5	unsafe	16	15	reset	151	0.08	1
5	unsafe	16	15	reset	152	0.09	1
5	unsafe	16	15	reset	153	0.08	1
5	unsafe	16	15	reset	154	0.07	1
5	unsafe	16	15	reset	155	0.08	1
5	unsafe	16	15	reset	156	0.081	1
5	unsafe	16	15	reset	157	0.071	1
5	unsafe	16	15	reset	158	0.08	1
5	unsafe	16	15	reset	159	0.07	1
5	unsafe	16	15	reset	160	0.08	1
5	unsafe	16	15	reset	161	0.09	1
5	unsafe	16	15	reset	162	0.07	1
5	unsafe	16	15	reset	163	0.08	1
5	unsafe	16	15	reset	164	0.09	1
5	unsafe	16	15	reset	165	0.07	1
5	unsafe	16	15	reset	166	0.1	1
5	unsafe	16	15	reset	167	0.07	1
5	unsafe	16	15	reset	168	0.08	1
5	unsafe	16	15	reset	169	0.08	1
5	unsafe	16	15	reset	170	0.07	1
5	unsafe	16	15	reset	171	0.08	1
5	unsafe	16	15	reset	172	0.07	1
5	unsafe	16	15	reset	173	0.081	1
5	unsafe	16	15	reset	174	0.08	1
5	unsafe	16	15	reset	175	0.07	1
5	unsafe	16	15	reset	176	0.08	1
5	unsafe	16	15	reset	177	0.07	1
5	unsafe	16	15	reset	178	0.07	1
5	unsafe	16	15	reset	179	0.1	1
5	unsafe	16	15	reset	180	0.07	1
5	unsafe	16	15	reset	181	0.08	1
5	unsafe	16	15	reset	182	0.071	1
5	unsafe	16	15	reset	183	0.08	1
5	unsafe	16	15	reset	184	0.08	1
5	unsafe	16	15	reset	185	0.07	1
5	unsafe	16	15	reset	186	0.08	1
5	unsafe	16	15	reset	187	0.07	1
5	unsafe	16	15	reset	188	0.071	1
5	unsafe	16	15	reset	189	0.08	1
5	unsafe	16	15	reset	190	0.07	1
5	unsafe	16	15	reset	191	0.08	1
5	unsafe	16	15	reset	192	0.091	1
5	unsafe	16	15	reset	193	0.081	1
5	unsafe	16	15	reset	194	0.08	1
5	unsafe	16	15	reset	195	0.07	1
5	unsafe	16	15	reset	196	0.08	1
5	unsafe	16	15	reset	197	0.07	1
5	unsafe	16	15	reset	198	0.07	1
5	unsafe	16	15	reset	199	0.08	1
5	unsafe	16	15	reset	200	0.07	1
5	unsafe	16	15	stall	1	22.823	1
5	unsafe	16	15	stall	2	0.0	1
5	unsafe	16	15	stall	3	0.0	1
5	unsafe	16	15	stall	4	0.0	1
5	unsafe	16	15	stall	5	0.0	1
5	unsafe	16	15	stall	6	0.0	1
5	unsafe	16	15	stall	7	0.0	1
5	unsafe	16	15	stall	8	0.0	1
5	unsafe	16	15	stall	9	0.0	1
5	unsafe	16	15	stall	10	0.0	1
5	unsafe	16	15	stall	11	0.0	1
5	unsafe	16	15	stall	12	0.0	1
5	unsafe	16	15	stall	13	0.0	1
5	unsafe	16	15	stall	14	0.0	1
5	unsafe	16	15	stall	15	0.0	1
5	checked	32	31	reset	1	117.151	0
5	checked	32	31	reset	2	196.561	0
5	checked	32	31	reset	3	53.631	0
5	checked	32	31	reset	4	42.6	0
5	checked	32	31	reset	5	43.171	0
5	checked	32	31	reset	6	40.717	0
5	checked	32	31	reset	7	40.607	0
5	checked	32	31	reset	8	41.468	0
5	checked	32	31	reset	9	41.207	0
5	checked	32	31	reset	10	40.997	0
5	checked	32	31	reset	11	41.247	0
5	checked	32	31	reset	12	41.759	0
5	checked	32	31	reset	13	40.767	0
5	checked	32	31	reset	14	41.258	0
5	checked	32	31	reset	15	41.048	0
5	checked	32	31	reset	16	40.947	0
5	checked	32	31	reset	17	40.446	0
5	checked	32	31	reset	18	39.525	0
5	checked	32	31	reset	19	54.924	0
5	checked	32	31	reset	20	48.241	0
5	checked	32	31	reset	21	126.579	0
5	checked	32	31	reset	22	125.898	0
5	checked	32	31	reset	23	97.324	0
5	checked	32	31	reset	24	96.362	0
5	checked	32	31	reset	25	98.346	0
5	checked	32	31	reset	26	98.055	0
5	checked	32	31	reset	27	91.964	0
5	checked	32	31	reset	28	87.956	0
5	checked	32	31	reset	29	96.772	0
5	checked	32	31	reset	30	89.88	0
5	checked	32	31	reset	31	102.955	0
5	checked	32	31	reset	32	124.596	0
5	checked	32	31	reset	33	112.773	0
5	checked	32	31	reset	34	3454.408	0
5	checked	32	31	reset	35	127.29	0
5	checked	32	31	reset	36	120.688	0
5	checked	32	31	reset	37	116.951	0
5	checked	32	31	reset	38	129.263	0
5	checked	32	31	reset	39	119.335	0
5	checked	32	31	reset	40	132.95	0
5	checked	32	31	reset	41	122.16	0
5	checked	32	31	reset	42	121.269	0
5	checked	32	31	reset	43	120.297	0
5	checked	32	31	reset	44	111.17	0
5	checked	32	31	reset	45	106.922	0
5	checked	32	31	reset	46	109.577	0
5	checked	32	31	reset	47	118.333	0
5	checked	32	31	reset	48	105.439	0
5	checked	32	31	reset	49	111.209	0
5	checked	32	31	reset	50	100.79	0
5	checked	32	31	reset	51	109.377	0
5	checked	32	31	reset	52	107.853	0
5	checked	32	31	reset	53	91.042	0
5	checked	32	31	reset	54	91.132	0
5	checked	32	31	reset	55	91.422	0
5	checked	32	31	reset	56	93.407	0
5	checked	32	31	reset	57	89.96	0
5	checked	32	31	reset	58	102.894	0
5	checked	32	31	reset	59	83.517	0
5	checked	32	31	reset	60	90.901	0
5	checked	32	31	reset	61	3843.132	0
5	checked	32	31	reset	62	106.391	0
5	checked	32	31	reset	63	97.123	0
5	checked	32	31	reset	64	91.112	0
5	checked	32	31	reset	65	91.924	0
5	checked	32	31	reset	66	94.688	0
5	checked	32	31	reset	67	88.697	0
5	checked	32	31	reset	68	83.297	0
5	checked	32	31	reset	69	91.342	0
5	checked	32	31	reset	70	108.655	0
5	checked	32	31	reset	71	101.752	0
5	checked	32	31	reset	72	113.554	0
5	checked	32	31	reset	73	107.633	0
5	checked	32	31	reset	74	100.921	0
5	checked	32	31	reset	75	113.434	0
5	checked	32	31	reset	76	112.121	0
5	checked	32	31	reset	77	107.473	0
5	checked	32	31	reset	78	193.915	0
5	checked	32	31	reset	79	111.601	0
5	checked	32	31	reset	80	106.441	0
5	checked	32	31	reset	81	108.655	0
5	checked	32	31	reset	82	109.657	0
5	checked	32	31	reset	83	104.647	0
5	checked	32	31	reset	84	99.608	0
5	checked	32	31	reset	85	111.341	0
5	checked	32	31	reset	86	107.703	0
5	checked	32	31	reset	87	108.735	0
5	checked	32	31	reset	88	104.377	0
5	checked	32	31	reset	89	108.395	0
5	checked	32	31	reset	90	121.269	0
5	checked	32	31	reset	91	109.988	0
5	checked	32	31	reset	92	118.153	0
5	checked	32	31	reset	93	111.16	0
5	checked	32	31	reset	94	108.455	0
5	checked	32	31	reset	95	110.298	0
5	checked	32	31	reset	96	115.488	0
5	checked	32	31	reset	97	136.378	0
5	checked	32	31	reset	98	127.671	0
5	checked	32	31	reset	99	122.702	0
5	checked	32	31	reset	100	106.201	0
5	checked	32	31	reset	101	108.004	0
5	checked	32	31	reset	102	100.47	0
5	checked	32	31	reset	103	100.589	0
5	checked	32	31	reset	104	101.051	0
5	checked	32	31	reset	105	103.946	0
5	checked	32	31	reset	106	103.446	0
5	checked	32	31	reset	107	102.433	0
5	checked	32	31	reset	108	106.701	0
5	checked	32	31	reset	109	112.271	0
5	checked	32	31	reset	110	100.289	0
5	checked	32	31	reset	111	104.116	0
5	checked	32	31	reset	112	97.123	0
5	checked	32	31	reset	113	106.772	0
5	checked	32	31	reset	114	114.496	0
5	checked	32	31	reset	115	121.9	0
5	checked	32	31	reset	116	107.613	0
5	checked	32	31	reset	117	118.904	0
5	checked	32	31	reset	118	103.686	0
5	checked	32	31	reset	119	103.405	0
5	checked	32	31	reset	120	104.046	0
5	checked	32	31	reset	121	120.938	0
5	checked	32	31	reset	122	125.467	0
5	checked	32	31	reset	123	110.008	0
5	checked	32	31	reset	124	99.728	0
5	checked	32	31	reset	125	107.744	0
5	checked	32	31	reset	126	111.15	0
5	checked	32	31	reset	127	103.215	0
5	checked	32	31	reset	128	103.565	0
5	checked	32	31	reset	129	101.321	0
5	checked	32	31	reset	130	94.248	0
5	checked	32	31	reset	131	89.258	0
5	checked	32	31	reset	132	89.018	0
5	checked	32	31	reset	133	92.515	0
5	checked	32	31	reset	134	99.518	0
5	checked	32	31	reset	135	92.645	0
5	checked	32	31	reset	136	89.328	0
5	checked	32	31	reset	137	91.092	0
5	checked	32	31	reset	138	98.275	0
5	checked	32	31	reset	139	107.673	0
5	checked	32	31	reset	140	120.527	0
5	checked	32	31	reset	141	102.363	0
5	checked	32	31	reset	142	93.917	0
5	checked	32	31	reset	143	81.373	0
5	checked	32	31	reset	144	86.373	0
5	checked	32	31	reset	145	90.14	0
5	checked	32	31	reset	146	91.653	0
5	checked	32	31	reset	147	83.819	0
5	checked	32	31	reset	148	85.371	0
5	checked	32	31	reset	149	98.305	0
5	checked	32	31	reset	150	90.581	0
5	checked	32	31	reset	151	92.996	0
5	checked	32	31	reset	152	94.368	0
5	checked	32	31	reset	153	91.763	0
5	checked	32	31	reset	154	88.978	0
5	checked	32	31	reset	155	88.177	0
5	checked	32	31	reset	156	95.661	0
5	checked	32	31	reset	157	87.184	0
5	checked	32	31	reset	158	96.302	0
5	checked	32	31	reset	159	90.141	0
5	checked	32	31	reset	160	94.869	0
5	checked	32	31	reset	161	93.066	0
5	checked	32	31	reset	162	93.115	0
5	checked	32	31	reset	163	87.835	0
5	checked	32	31	reset	164	94.629	0
5	checked	32	31	reset	165	95.921	0
5	checked	32	31	reset	166	102.935	0
5	checked	32	31	reset	167	93.256	0
5	checked	32	31	reset	168	106.812	0
5	checked	32	31	reset	169	100.971	0
5	checked	32	31	reset	170	91.914	0
5	checked	32	31	reset	171	95.571	0
5	checked	32	31	reset	172	89.339	0
5	checked	32	31	reset	173	109.627	0
5	checked	32	31	reset	174	111.701	0
5	checked	32	31	reset	175	100.579	0
5	checked	32	31	reset	176	104.397	0
5	checked	32	31	reset	177	107.563	0
5	checked	32	31	reset	178	97.644	0
5	checked	32	31	reset	179	103.746	0
5	checked	32	31	reset	180	98.355	0
5	checked	32	31	reset	181	97.955	0
5	checked	32	31	reset	182	101.882	0
5	checked	32	31	reset	183	103.445	0
5	checked	32	31	reset	184	107.643	0
5	checked	32	31	reset	185	105.299	0
5	checked	32	31	reset	186	95.901	0
5	checked	32	31	reset	187	100.78	0
5	checked	32	31	reset	188	119.045	0
5	checked	32	31	reset	189	106.13	0
5	checked	32	31	reset	190	102.844	0
5	checked	32	31	reset	191	130.977	0
5	checked	32	31	reset	192	3174.049	0
5	checked	32	31	reset	193	104.306	0
5	checked	32	31	reset	194	103.125	0
5	checked	32	31	reset	195	6585.407	0
5	checked	32	31	reset	196	114.867	0
5	checked	32	31	reset	197	3416.427	0
5	checked	32	31	reset	198	107.302	0
5	checked	32	31	reset	199	109.036	0
5	checked	32	31	reset	200	105.669	0
5	checked	32	31	stall	1	1013.433	0
5	checked	32	31	stall	2	1773.807	0
5	checked	32	31	stall	3	3440.452	0
5	checked	32	31	stall	4	5253.764	0
5	checked	32	31	stall	5	943.981	0
5	checked	32	31	stall	6	3851.999	0
5	checked	32	31	stall	7	1069.548	0
5	checked	32	31	stall	8	952.227	0
5	checked	32	31	stall	9	963.909	0
5	checked	32	31	stall	10	955.203	0
5	checked	32	31	stall	11	2156.539	0
5	checked	32	31	stall	12	947.148	0
5	checked	32	31	stall	13	926.909	0
5	checked	32	31	stall	14	3570.608	0
5	checked	32	31	stall	15	1545.747	0
5	checked	32	31	stall	16	1092.902	0
5	checked	32	31	stall	17	3440.282	0
5	checked	32	31	stall	18	923.793	0
5	checked	32	31	stall	19	1420.54	0
5	checked	32	31	stall	20	1692.093	0
5	checked	32	31	stall	21	4699.979	0
5	checked	32	31	stall	22	2595.167	0
5	checked	32	31	stall	23	4838.771	0
5	checked	32	31	stall	24	3158.84	0
5	checked	32	31	stall	25	936.007	0
5	checked	32	31	stall	26	1753.258	0
5	checked	32	31	stall	27	949.281	0
5	checked	32	31	stall	28	953.46	0
5	checked	32	31	stall	29	3443.078	0
5	checked	32	31	stall	30	1772.394	0
5	checked	32	31	stall	31	3441.263	0
5	unsafe	32	31	reset	1	0.201	0
5	unsafe	32	31	reset	2	0.121	0
5	unsafe	32	31	reset	3	0.241	0
5	unsafe	32	31	reset	4	0.12	0
5	unsafe	32	31	reset	5	0.121	0
5	unsafe	32	31	reset	6	0.14	0
5	unsafe	32	31	reset	7	0.23	0
5	unsafe	32	31	reset	8	0.28	0
5	unsafe	32	31	reset	9	0.12	0
5	unsafe	32	31	reset	10	0.121	0
5	unsafe	32	31	reset	11	0.251	0
5	unsafe	32	31	reset	12	0.271	0
5	unsafe	32	31	reset	13	0.13	0
5	unsafe	32	31	reset	14	0.12	0
5	unsafe	32	31	reset	15	0.12	0
5	unsafe	32	31	reset	16	0.12	0
5	unsafe	32	31	reset	17	0.17	0
5	unsafe	32	31	reset	18	0.07	0
5	unsafe	32	31	reset	19	0.08	0
5	unsafe	32	31	reset	20	0.07	0
5	unsafe	32	31	reset	21	0.07	0
5	unsafe	32	31	reset	22	0.091	0
5	unsafe	32	31	reset	23	0.07	0
5	unsafe	32	31	reset	24	0.08	0
5	unsafe	32	31	reset	25	0.08	0
5	unsafe	32	31	reset	26	0.09	0
5	unsafe	32	31	reset	27	0.07	0
5	unsafe	32	31	reset	28	0.08	0
5	unsafe	32	31	reset	29	0.07	0
5	unsafe	32	31	reset	30	0.07	0
5	unsafe	32	31	reset	31	0.07	0
5	unsafe	32	31	reset	32	0.07	0
5	unsafe	32	31	reset	33	0.07	0
5	unsafe	32	31	reset	34	0.07	0
5	unsafe	32	31	reset	35	0.15	0
5	unsafe	32	31	reset	36	0.12	0
5	unsafe	32	31	reset	37	0.12	0
5	unsafe	32	31	reset	38	0.161	0
5	unsafe	32	31	reset	39	0.13	0
5	unsafe	32	31	reset	40	0.13	0
5	unsafe	32	31	reset	41	0.13	0
5	unsafe	32	31	reset	42	0.12	0
5	unsafe	32	31	reset	43	0.15	0
5	unsafe	32	31	reset	44	0.13	0
5	unsafe	32	31	reset	45	0.17	0
5	unsafe	32	31	reset	46	0.141	0
5	unsafe	32	31	reset	47	0.12	0
5	unsafe	32	31	reset	48	0.12	0
5	unsafe	32	31	reset	49	0.141	0
5	unsafe	32	31	reset	50	0.12	0
5	unsafe	32	31	reset	51	0.13	0
5	unsafe	32	31	reset	52	0.13	0
5	unsafe	32	31	reset	53	0.17	0
5	unsafe	32	31	reset	54	0.131	0
5	unsafe	32	31	reset	55	0.12	0
5	unsafe	32	31	reset	56	0.12	0
5	unsafe	32	31	reset	57	0.13	0
5	unsafe	32	31	reset	58	0.13	0
5	unsafe	32	31	reset	59	0.12	0
5	unsafe	32	31	reset	60	0.15	0
5	unsafe	32	31	reset	61	0.12	0
5	unsafe	32	31	reset	62	0.12	0
5	unsafe	32	31	reset	63	0.14	0
5	unsafe	32	31	reset	64	0.13	0
5	unsafe	32	31	reset	65	0.12	0
5	unsafe	32	31	reset	66	0.13	0
5	unsafe	32	31	reset	67	0.12	0
5	unsafe	32	31	reset	68	0.131	0
5	unsafe	32	31	reset	69	0.12	0
5	unsafe	32	31	reset	70	0.13	0
5	unsafe	32	31	reset	71	0.131	0
5	unsafe	32	31	reset	72	0.12	0
5	unsafe	32	31	reset	73	0.131	0
5	unsafe	32	31	reset	74	0.12	0
5	unsafe	32	31	reset	75	0.141	0
5	unsafe	32	31	reset	76	0.12	0
5	unsafe	32	31	reset	77	0.12	0
5	unsafe	32	31	reset	78	0.13	0
5	unsafe	32	31	reset	79	0.12	0
5	unsafe	32	31	reset	80	0.141	0
5	unsafe	32	31	reset	81	0.12	0
5	unsafe	32	31	reset	82	0.121	0
5	unsafe	32	31	reset	83	0.14	0
5	unsafe	32	31	reset	84	0.131	0
5	unsafe	32	31	reset	85	0.12	0
5	unsafe	32	31	reset	86	0.13	0
5	unsafe	32	31	reset	87	0.121	0
5	unsafe	32	31	reset	88	0.13	0
5	unsafe	32	31	reset	89	0.14	0
5	unsafe	32	31	reset	90	0.13	0
5	unsafe	32	31	reset	91	0.12	0
5	unsafe	32	31	reset	92	0.14	0
5	unsafe	32	31	reset	93	0.13	0
5	unsafe	32	31	reset	94	0.141	0
5	unsafe	32	31	reset	95	0.121	0
5	unsafe	32	31	reset	96	0.13	0
5	unsafe	32	31	reset	97	0.121	0
5	unsafe	32	31	reset	98	0.13	0
5	unsafe	32	31	reset	99	0.13	0
5	unsafe	32	31	reset	100	0.121	0
5	unsafe	32	31	reset	101	0.13	0
5	unsafe	32	31	reset	102	0.15	0
5	unsafe	32	31	reset	103	0.141	0
5	unsafe	32	31	reset	104	0.12	0
5	unsafe	32	31	reset	105	0.12	0
5	unsafe	32	31	reset	106	0.15	0
5	unsafe	32	31	reset	107	0.131	0
5	unsafe	32	31	reset	108	0.13	0
5	unsafe	32	31	reset	109	0.13	0
5	unsafe	32	31	reset	110	0.12	0
5	unsafe	32	31	reset	111	0.13	0
5	unsafe	32	31	reset	112	0.12	0
5	unsafe	32	31	reset	113	0.14	0
5	unsafe	32	31	reset	114	0.13	0
5	unsafe	32	31	reset	115	0.13	0
5	unsafe	32	31	reset	116	0.14	0
5	unsafe	32	31	reset	117	0.12	0
5	unsafe	32	31	reset	118	0.131	0
5	unsafe	32	31	reset	119	0.12	0
5	unsafe	32	31	reset	120	0.13	0
5	unsafe	32	31	reset	121	0.12	0
5	unsafe	32	31	reset	122	0.14	0
5	unsafe	32	31	reset	123	0.12	0
5	unsafe	32	31	reset	124	0.141	0
5	unsafe	32	31	reset	125	0.13	0
5	unsafe	32	31	reset	126	0.131	0
5	unsafe	32	31	reset	127	0.121	0
5	unsafe	32	31	reset	128	0.13	0
5	unsafe	32	31	reset	129	0.12	0
5	unsafe	32	31	reset	130	0.14	0
5	unsafe	32	31	reset	131	0.121	0
5	unsafe	32	31	reset	132	0.12	0
5	unsafe	32	31	reset	133	0.131	0
5	unsafe	32	31	reset	134	0.121	0
5	unsafe	32	31	reset	135	0.131	0
5	unsafe	32	31	reset	136	0.13	0
5	unsafe	32	31	reset	137	0.121	0
5	unsafe	32	31	reset	138	0.14	0
5	unsafe	32	31	reset	139	0.13	0
5	unsafe	32	31	reset	140	0.131	0
5	unsafe	32	31	reset	141	0.12	0
5	unsafe	32	31	reset	142	0.13	0
5	unsafe	32	31	reset	143	0.12	0
5	unsafe	32	31	reset	144	0.121	0
5	unsafe	32	31	reset	145	0.13	0
5	unsafe	32	31	reset	146	0.13	0
5	unsafe	32	31	reset	147	0.13	0
5	unsafe	32	31	reset	148	0.13	0
5	unsafe	32	31	reset	149	0.12	0
5	unsafe	32	31	reset	150	0.18	0
5	unsafe	32	31	reset	151	0.13	0
5	unsafe	32	31	reset	152	0.12	0
5	unsafe	32	31	reset	153	0.13	0
5	unsafe	32	31	reset	154	0.131	0
5	unsafe	32	31	reset	155	0.13	0
5	unsafe	32	31	reset	156	0.13	0
5	unsafe	32	31	reset	157	0.13	0
5	unsafe	32	31	reset	158	0.13	0
5	unsafe	32	31	reset	159	0.13	0
5	unsafe	32	31	reset	160	0.13	0
5	unsafe	32	31	reset	161	0.13	0
5	unsafe	32	31	reset	162	0.13	0
5	unsafe	32	31	reset	163	0.14	0
5	unsafe	32	31	reset	164	0.12	0
5	unsafe	32	31	reset	165	0.12	0
5	unsafe	32	31	reset	166	0.131	0
5	unsafe	32	31	reset	167	0.13	0
5	unsafe	32	31	reset	168	0.12	0
5	unsafe	32	31	reset	169	0.12	0
5	unsafe	32	31	reset	170	0.13	0
5	unsafe	32	31	reset	171	0.12	0
5	unsafe	32	31	reset	172	0.14	0
5	unsafe	32	31	reset	173	0.131	0
5	unsafe	32	31	reset	174	0.13	0
5	unsafe	32	31	reset	175	0.12	0
5	unsafe	32	31	reset	176	0.13	0
5	unsafe	32	31	reset	177	0.13	0
5	unsafe	32	31	reset	178	0.13	0
5	unsafe	32	31	reset	179	0.14	0
5	unsafe	32	31	reset	180	0.12	0
5	unsafe	32	31	reset	181	0.13	0
5	unsafe	32	31	reset	182	0.12	0
5	unsafe	32	31	reset	183	0.12	0
5	unsafe	32	31	reset	184	0.12	0
5	unsafe	32	31	reset	185	0.13	0
5	unsafe	32	31	reset	186	0.12	0
5	unsafe	32	31	reset	187	0.13	0
5	unsafe	32	31	reset	188	0.141	0
5	unsafe	32	31	reset	189	0.121	0
5	unsafe	32	31	reset	190	0.121	0
5	unsafe	32	31	reset	191	0.12	0
5	unsafe	32	31	reset	192	0.131	0
5	unsafe	32	31	reset	193	0.12	0
5	unsafe	32	31	reset	194	0.13	0
5	unsafe	32	31	reset	195	0.13	0
5	unsafe	32	31	reset	196	0.13	0
5	unsafe	32	31	reset	197	0.131	0
5	unsafe	32	31	reset	198	0.121	0
5	unsafe	32	31	reset	199	0.121	0
5	unsafe	32	31	reset	200	0.13	0
5	unsafe	32	31	stall	1	0.0	0
5	unsafe	32	31	stall	2	0.0	0
5	unsafe	32	31	stall	3	0.0	0
5	unsafe	32	31	stall	4	0.0	0
5	unsafe	32	31	stall	5	0.0	0
5	unsafe	32	31	stall	6	0.0	0
5	unsafe	32	31	stall	7	0.0	0
5	unsafe	32	31	stall	8	4003.355	0
5	unsafe	32	31	stall	9	0.0	0
5	unsafe	32	31	stall	10	0.0	0
5	unsafe	32	31	stall	11	0.0	0
5	unsafe	32	31	stall	12	0.0	0
5	unsafe	32	31	stall	13	0.0	0
5	unsafe	32	31	stall	14	0.0	0
5	unsafe	32	31	stall	15	0.0	0
5	unsafe	32	31	stall	16	3002.886	0
5	unsafe	32	31	stall	17	0.0	0
5	unsafe	32	31	stall	18	0.0	0
5	unsafe	32	31	stall	19	0.0	0
5	unsafe	32	31	stall	20	0.0	0
5	unsafe	32	31	stall	21	4003.715	0
5	unsafe	32	31	stall	22	0.0	0
5	unsafe	32	31	stall	23	0.0	0
5	unsafe	32	31	stall	24	0.0	0
5	unsafe	32	31	stall	25	0.0	0
5	unsafe	32	31	stall	26	0.0	0
5	unsafe	32	31	stall	27	0.0	0
5	unsafe	32	31	stall	28	3003.237	0
5	unsafe	32	31	stall	29	0.0	0
5	unsafe	32	31	stall	30	0.0	0
5	unsafe	32	31	stall	31	0.0	0
6	checked	1	0	reset	1	32.742	0
6	checked	1	0	reset	2	28.864	0
6	checked	1	0	reset	3	27.922	0
6	checked	1	0	reset	4	28.073	0
6	checked	1	0	reset	5	26.851	0
6	checked	1	0	reset	6	27.361	0
6	checked	1	0	reset	7	27.341	0
6	checked	1	0	reset	8	27.602	0
6	checked	1	0	reset	9	26.69	0
6	checked	1	0	reset	10	27.131	0
6	checked	1	0	reset	11	26.941	0
6	checked	1	0	reset	12	27.182	0
6	checked	1	0	reset	13	26.881	0
6	checked	1	0	reset	14	27.371	0
6	checked	1	0	reset	15	26.82	0
6	checked	1	0	reset	16	26.991	0
6	checked	1	0	reset	17	27.302	0
6	checked	1	0	reset	18	28.784	0
6	checked	1	0	reset	19	27.332	0
6	checked	1	0	reset	20	28.875	0
6	checked	1	0	reset	21	27.392	0
6	checked	1	0	reset	22	27.292	0
6	checked	1	0	reset	23	27.021	0
6	checked	1	0	reset	24	27.172	0
6	checked	1	0	reset	25	27.241	0
6	checked	1	0	reset	26	27.192	0
6	checked	1	0	reset	27	27.071	0
6	checked	1	0	reset	28	27.712	0
6	checked	1	0	reset	29	27.702	0
6	checked	1	0	reset	30	27.442	0
6	checked	1	0	reset	31	27.301	0
6	checked	1	0	reset	32	27.722	0
6	checked	1	0	reset	33	27.602	0
6	checked	1	0	reset	34	27.572	0
6	checked	1	0	reset	35	27.833	0
6	checked	1	0	reset	36	27.922	0
6	checked	1	0	reset	37	27.371	0
6	checked	1	0	reset	38	27.552	0
6	checked	1	0	reset	39	27.391	0
6	checked	1	0	reset	40	26.61	0
6	checked	1	0	reset	41	26.59	0
6	checked	1	0	reset	42	26.711	0
6	checked	1	0	reset	43	26.631	0
6	checked	1	0	reset	44	35.968	0
6	checked	1	0	reset	45	26.701	0
6	checked	1	0	reset	46	26.831	0
6	checked	1	0	reset	47	26.651	0
6	checked	1	0	reset	48	26.73	0
6	checked	1	0	reset	49	26.51	0
6	checked	1	0	reset	50	26.73	0
6	checked	1	0	reset	51	26.881	0
6	checked	1	0	reset	52	26.751	0
6	checked	1	0	reset	53	26.65	0
6	checked	1	0	reset	54	26.671	0
6	checked	1	0	reset	55	26.51	0
6	checked	1	0	reset	56	26.751	0
6	checked	1	0	reset	57	26.62	0
6	checked	1	0	reset	58	26.56	0
6	checked	1	0	reset	59	26.75	0
6	checked	1	0	reset	60	26.64	0
6	checked	1	0	reset	61	26.6	0
6	checked	1	0	reset	62	26.53	0
6	checked	1	0	reset	63	26.901	0
6	checked	1	0	reset	64	26.671	0
6	checked	1	0	reset	65	26.47	0
6	checked	1	0	reset	66	26.59	0
6	checked	1	0	reset	67	26.6	0
6	checked	1	0	reset	68	26.871	0
6	checked	1	0	reset	69	26.711	0
6	checked	1	0	reset	70	27.492	0
6	checked	1	0	reset	71	27.061	0
6	checked	1	0	reset	72	26.59	0
6	checked	1	0	reset	73	26.55	0
6	checked	1	0	reset	74	26.64	0
6	checked	1	0	reset	75	26.53	0
6	checked	1	0	reset	76	26.62	0
6	checked	1	0	reset	77	26.57	0
6	checked	1	0	reset	78	26.61	0
6	checked	1	0	reset	79	26.51	0
6	checked	1	0	reset	80	26.47	0
6	checked	1	0	reset	81	26.721	0
6	checked	1	0	reset	82	26.68	0
6	checked	1	0	reset	83	26.921	0
6	checked	1	0	reset	84	27.492	0
6	checked	1	0	reset	85	28.383	0
6	checked	1	0	reset	86	26.53	0
6	checked	1	0	reset	87	26.5	0
6	checked	1	0	reset	88	26.46	0
6	checked	1	0	reset	89	26.831	0
6	checked	1	0	reset	90	26.55	0
6	checked	1	0	reset	91	28.694	0
6	checked	1	0	reset	92	27.202	0
6	checked	1	0	reset	93	26.74	0
6	checked	1	0	reset	94	26.631	0
6	checked	1	0	reset	95	26.55	0
6	checked	1	0	reset	96	26.751	0
6	checked	1	0	reset	97	26.61	0
6	checked	1	0	reset	98	30.768	0
6	checked	1	0	reset	99	26.631	0
6	checked	1	0	reset	100	26.771	0
6	checked	1	0	reset	101	26.681	0
6	checked	1	0	reset	102	26.63	0
6	checked	1	0	reset	103	26.891	0
6	checked	1	0	reset	104	26.661	0
6	checked	1	0	reset	105	30.628	0
6	checked	1	0	reset	106	26.65	0
6	checked	1	0	reset	107	26.59	0
6	checked	1	0	reset	108	26.69	0
6	checked	1	0	reset	109	26.58	0
6	checked	1	0	reset	110	26.651	0
6	checked	1	0	reset	111	26.53	0
6	checked	1	0	reset	112	26.741	0
6	checked	1	0	reset	113	26.701	0
6	checked	1	0	reset	114	26.71	0
6	checked	1	0	reset	115	26.62	0
6	checked	1	0	reset	116	26.6	0
6	checked	1	0	reset	117	26.77	0
6	checked	1	0	reset	118	26.66	0
6	checked	1	0	reset	119	26.62	0
6	checked	1	0	reset	120	26.671	0
6	checked	1	0	reset	121	26.68	0
6	checked	1	0	reset	122	26.63	0
6	checked	1	0	reset	123	26.6	0
6	checked	1	0	reset	124	26.71	0
6	checked	1	0	reset	125	26.52	0
6	checked	1	0	reset	126	26.7	0
6	checked	1	0	reset	127	26.641	0
6	checked	1	0	reset	128	26.59	0
6	checked	1	0	reset	129	26.66	0
6	checked	1	0	reset	130	26.64	0
6	checked	1	0	reset	131	26.64	0
6	checked	1	0	reset	132	26.761	0
6	checked	1	0	reset	133	26.621	0
6	checked	1	0	reset	134	26.58	0
6	checked	1	0	reset	135	27.422	0
6	checked	1	0	reset	136	27.121	0
6	checked	1	0	reset	137	27.161	0
6	checked	1	0	reset	138	27.151	0
6	checked	1	0	reset	139	27.522	0
6	checked	1	0	reset	140	40.366	0
6	checked	1	0	reset	141	27.0	0
6	checked	1	0	reset	142	27.151	0
6	checked	1	0	reset	143	29.816	0
6	checked	1	0	reset	144	27.572	0
6	checked	1	0	reset	145	27.401	0
6	checked	1	0	reset	146	26.871	0
6	checked	1	0	reset	147	26.56	0
6	checked	1	0	reset	148	26.531	0
6	checked	1	0	reset	149	26.48	0
6	checked	1	0	reset	150	26.71	0
6	checked	1	0	reset	151	26.63	0
6	checked	1	0	reset	152	29.105	0
6	checked	1	0	reset	153	26.61	0
6	checked	1	0	reset	154	28.433	0
6	checked	1	0	reset	155	26.55	0
6	checked	1	0	reset	156	26.611	0
6	checked	1	0	reset	157	26.751	0
6	checked	1	0	reset	158	26.701	0
6	checked	1	0	reset	159	26.66	0
6	checked	1	0	reset	160	26.571	0
6	checked	1	0	reset	161	26.51	0
6	checked	1	0	reset	162	26.52	0
6	checked	1	0	reset	163	26.51	0
6	checked	1	0	reset	164	26.55	0
6	checked	1	0	reset	165	26.47	0
6	checked	1	0	reset	166	26.65	0
6	checked	1	0	reset	167	26.59	0
6	checked	1	0	reset	168	26.6	0
6	checked	1	0	reset	169	26.731	0
6	checked	1	0	reset	170	26.68	0
6	checked	1	0	reset	171	26.59	0
6	checked	1	0	reset	172	26.76	0
6	checked	1	0	reset	173	26.631	0
6	checked	1	0	reset	174	26.62	0
6	checked	1	0	reset	175	26.56	0
6	checked	1	0	reset	176	26.57	0
6	checked	1	0	reset	177	26.55	0
6	checked	1	0	reset	178	26.761	0
6	checked	1	0	reset	179	26.59	0
6	checked	1	0	reset	180	26.58	0
6	checked	1	0	reset	181	26.601	0
6	checked	1	0	reset	182	26.57	0
6	checked	1	0	reset	183	26.54	0
6	checked	1	0	reset	184	26.53	0
6	checked	1	0	reset	185	26.881	0
6	checked	1	0	reset	186	26.54	0
6	checked	1	0	reset	187	26.61	0
6	checked	1	0	reset	188	26.66	0
6	checked	1	0	reset	189	26.621	0
6	checked	1	0	reset	190	26.55	0
6	checked	1	0	reset	191	26.54	0
6	checked	1	0	reset	192	26.571	0
6	checked	1	0	reset	193	26.53	0
6	checked	1	0	reset	194	26.58	0
6	checked	1	0	reset	195	26.541	0
6	checked	1	0	reset	196	26.771	0
6	checked	1	0	reset	197	26.681	0
6	checked	1	0	reset	198	26.62	0
6	checked	1	0	reset	199	26.671	0
6	checked	1	0	reset	200	26.791	0
6	unsafe	1	0	reset	1	0.08	0
6	unsafe	1	0	reset	2	0.04	0
6	unsafe	1	0	reset	3	0.04	0
6	unsafe	1	0	reset	4	0.05	0
6	unsafe	1	0	reset	5	0.06	0
6	unsafe	1	0	reset	6	0.05	0
6	unsafe	1	0	reset	7	0.061	0
6	unsafe	1	0	reset	8	0.05	0
6	unsafe	1	0	reset	9	0.05	0
6	unsafe	1	0	reset	10	0.05	0
6	unsafe	1	0	reset	11	0.05	0
6	unsafe	1	0	reset	12	0.08	0
6	unsafe	1	0	reset	13	0.05	0
6	unsafe	1	0	reset	14	0.06	0
6	unsafe	1	0	reset	15	0.06	0
6	unsafe	1	0	reset	16	0.05	0
6	unsafe	1	0	reset	17	0.07	0
6	unsafe	1	0	reset	18	0.04	0
6	unsafe	1	0	reset	19	0.04	0
6	unsafe	1	0	reset	20	0.06	0
6	unsafe	1	0	reset	21	0.09	0
6	unsafe	1	0	reset	22	0.08	0
6	unsafe	1	0	reset	23	0.05	0
6	unsafe	1	0	reset	24	0.05	0
6	unsafe	1	0	reset	25	0.08	0
6	unsafe	1	0	reset	26	0.05	0
6	unsafe	1	0	reset	27	0.2	0
6	unsafe	1	0	reset	28	0.07	0
6	unsafe	1	0	reset	29	0.06	0
6	unsafe	1	0	reset	30	0.06	0
6	unsafe	1	0	reset	31	0.08	0
6	unsafe	1	0	reset	32	0.07	0
6	unsafe	1	0	reset	33	0.061	0
6	unsafe	1	0	reset	34	0.05	0
6	unsafe	1	0	reset	35	0.06	0
6	unsafe	1	0	reset	36	0.05	0
6	unsafe	1	0	reset	37	0.05	0
6	unsafe	1	0	reset	38	0.06	0
6	unsafe	1	0	reset	39	0.06	0
6	unsafe	1	0	reset	40	0.07	0
6	unsafe	1	0	reset	41	0.06	0
6	unsafe	1	0	reset	42	0.06	0
6	unsafe	1	0	reset	43	0.07	0
6	unsafe	1	0	reset	44	0.05	0
6	unsafe	1	0	reset	45	0.081	0
6	unsafe	1	0	reset	46	0.06	0
6	unsafe	1	0	reset	47	0.06	0
6	unsafe	1	0	reset	48	0.07	0
6	unsafe	1	0	reset	49	0.06	0
6	unsafe	1	0	reset	50	0.071	0
6	unsafe	1	0	reset	51	0.06	0
6	unsafe	1	0	reset	52	0.05	0
6	unsafe	1	0	reset	53	0.07	0
6	unsafe	1	0	reset	54	0.05	0
6	unsafe	1	0	reset	55	0.09	0
6	unsafe	1	0	reset	56	0.05	0
6	unsafe	1	0	reset	57	0.07	0
6	unsafe	1	0	reset	58	0.071	0
6	unsafe	1	0	reset	59	0.06	0
6	unsafe	1	0	reset	60	0.07	0
6	unsafe	1	0	reset	61	0.05	0
6	unsafe	1	0	reset	62	0.05	0
6	unsafe	1	0	reset	63	0.07	0
6	unsafe	1	0	reset	64	0.06	0
6	unsafe	1	0	reset	65	0.11	0
6	unsafe	1	0	reset	66	0.05	0
6	unsafe	1	0	reset	67	0.06	0
6	unsafe	1	0	reset	68	0.07	0
6	unsafe	1	0	reset	69	0.05	0
6	unsafe	1	0	reset	70	0.071	0
6	unsafe	1	0	reset	71	0.06	0
6	unsafe	1	0	reset	72	0.06	0
6	unsafe	1	0	reset	73	0.071	0
6	unsafe	1	0	reset	74	0.051	0
6	unsafe	1	0	reset	75	0.111	0
6	unsafe	1	0	reset	76	0.05	0
6	unsafe	1	0	reset	77	0.06	0
6	unsafe	1	0	reset	78	0.06	0
6	unsafe	1	0	reset	79	0.061	0
6	unsafe	1	0	reset	80	0.07	0
6	unsafe	1	0	reset	81	0.05	0
6	unsafe	1	0	reset	82	0.05	0
6	unsafe	1	0	reset	83	0.09	0
6	unsafe	1	0	reset	84	0.05	0
6	unsafe	1	0	reset	85	0.09	0
6	unsafe	1	0	reset	86	0.05	0
6	unsafe	1	0	reset	87	0.06	0
6	unsafe	1	0	reset	88	0.07	0
6	unsafe	1	0	reset	89	0.05	0
6	unsafe	1	0	reset	90	0.091	0
6	unsafe	1	0	reset	91	0.09	0
6	unsafe	1	0	reset	92	0.051	0
6	unsafe	1	0	reset	93	0.07	0
6	unsafe	1	0	reset	94	0.05	0
6	unsafe	1	0	reset	95	0.09	0
6	unsafe	1	0	reset	96	0.05	0
6	unsafe	1	0	reset	97	0.07	0
6	unsafe	1	0	reset	98	0.05	0
6	unsafe	1	0	reset	99	0.06	0
6	unsafe	1	0	reset	100	0.06	0
6	unsafe	1	0	reset	101	0.05	0
6	unsafe	1	0	reset	102	0.1	0
6	unsafe	1	0	reset	103	0.07	0
6	unsafe	1	0	reset	104	0.051	0
6	unsafe	1	0	reset	105	0.07	0
6	unsafe	1	0	reset	106	0.05	0
6	unsafe	1	0	reset	107	0.06	0
6	unsafe	1	0	reset	108	0.08	0
6	unsafe	1	0	reset	109	0.06	0
6	unsafe	1	0	reset	110	0.06	0
6	unsafe	1	0	reset	111	0.05	0
6	unsafe	1	0	reset	112	0.05	0
6	unsafe	1	0	reset	113	0.07	0
6	unsafe	1	0	reset	114	0.05	0
6	unsafe	1	0	reset	115	0.07	0
6	unsafe	1	0	reset	116	0.05	0
6	unsafe	1	0	reset	117	0.07	0
6	unsafe	1	0	reset	118	0.07	0
6	unsafe	1	0	reset	119	0.05	0
6	unsafe	1	0	reset	120	0.06	0
6	unsafe	1	0	reset	121	0.061	0
6	unsafe	1	0	reset	122	0.06	0
6	unsafe	1	0	reset	123	0.07	0
6	unsafe	1	0	reset	124	0.05	0
6	unsafe	1	0	reset	125	0.07	0
6	unsafe	1	0	reset	126	0.06	0
6	unsafe	1	0	reset	127	0.071	0
6	unsafe	1	0	reset	128	0.061	0
6	unsafe	1	0	reset	129	0.05	0
6	unsafe	1	0	reset	130	0.07	0
6	unsafe	1	0	reset	131	0.07	0
6	unsafe	1	0	reset	132	0.06	0
6	unsafe	1	0	reset	133	0.07	0
6	unsafe	1	0	reset	134	0.06	0
6	unsafe	1	0	reset	135	0.06	0
6	unsafe	1	0	reset	136	0.06	0
6	unsafe	1	0	reset	137	0.05	0
6	unsafe	1	0	reset	138	0.09	0
6	unsafe	1	0	reset	139	0.05	0
6	unsafe	1	0	reset	140	0.05	0
6	unsafe	1	0	reset	141	0.061	0
6	unsafe	1	0	reset	142	0.05	0
6	unsafe	1	0	reset	143	0.06	0
6	unsafe	1	0	reset	144	0.061	0
6	unsafe	1	0	reset	145	0.05	0
6	unsafe	1	0	reset	146	0.07	0
6	unsafe	1	0	reset	147	0.05	0
6	unsafe	1	0	reset	148	0.09	0
6	unsafe	1	0	reset	149	0.07	0
6	unsafe	1	0	reset	150	0.06	0
6	unsafe	1	0	reset	151	0.07	0
6	unsafe	1	0	reset	152	0.05	0
6	unsafe	1	0	reset	153	0.06	0
6	unsafe	1	0	reset	154	0.051	0
6	unsafe	1	0	reset	155	0.06	0
6	unsafe	1	0	reset	156	0.07	0
6	unsafe	1	0	reset	157	0.05	0
6	unsafe	1	0	reset	158	0.07	0
6	unsafe	1	0	reset	159	0.061	0
6	unsafe	1	0	reset	160	0.06	0
6	unsafe	1	0	reset	161	0.08	0
6	unsafe	1	0	reset	162	0.05	0
6	unsafe	1	0	reset	163	0.08	0
6	unsafe	1	0	reset	164	0.05	0
6	unsafe	1	0	reset	165	0.05	0
6	unsafe	1	0	reset	166	0.071	0
6	unsafe	1	0	reset	167	0.06	0
6	unsafe	1	0	reset	168	0.061	0
6	unsafe	1	0	reset	169	0.06	0
6	unsafe	1	0	reset	170	0.06	0
6	unsafe	1	0	reset	171	0.07	0
6	unsafe	1	0	reset	172	0.06	0
6	unsafe	1	0	reset	173	0.08	0
6	unsafe	1	0	reset	174	0.06	0
6	unsafe	1	0	reset	175	0.07	0
6	unsafe	1	0	reset	176	0.05	0
6	unsafe	1	0	reset	177	0.06	0
6	unsafe	1	0	reset	178	0.07	0
6	unsafe	1	0	reset	179	0.061	0
6	unsafe	1	0	reset	180	0.06	0
6	unsafe	1	0	reset	181	0.07	0
6	unsafe	1	0	reset	182	0.06	0
6	unsafe	1	0	reset	183	0.071	0
6	unsafe	1	0	reset	184	0.05	0
6	unsafe	1	0	reset	185	0.06	0
6	unsafe	1	0	reset	186	0.07	0
6	unsafe	1	0	reset	187	0.071	0
6	unsafe	1	0	reset	188	0.07	0
6	unsafe	1	0	reset	189	0.05	0
6	unsafe	1	0	reset	190	0.06	0
6	unsafe	1	0	reset	191	0.061	0
6	unsafe	1	0	reset	192	0.05	0
6	unsafe	1	0	reset	193	0.07	0
6	unsafe	1	0	reset	194	0.06	0
6	unsafe	1	0	reset	195	0.06	0
6	unsafe	1	0	reset	196	0.07	0
6	unsafe	1	0	reset	197	0.05	0
6	unsafe	1	0	reset	198	0.09	0
6	unsafe	1	0	reset	199	0.06	0
6	unsafe	1	0	reset	200	0.08	0
6	checked	4	3	reset	1	54.512	0
6	checked	4	3	reset	2	47.44	0
6	checked	4	3	reset	3	40.356	0
6	checked	4	3	reset	4	40.907	0
6	checked	4	3	reset	5	79.3	0
6	checked	4	3	reset	6	31.219	0
6	checked	4	3	reset	7	30.598	0
6	checked	4	3	reset	8	35.617	0
6	checked	4	3	reset	9	31.098	0
6	checked	4	3	reset	10	56.857	0
6	checked	4	3	reset	11	31.169	0
6	checked	4	3	reset	12	31.199	0
6	checked	4	3	reset	13	30.417	0
6	checked	4	3	reset	14	30.958	0
6	checked	4	3	reset	15	30.608	0
6	checked	4	3	reset	16	30.688	0
6	checked	4	3	reset	17	31.238	0
6	checked	4	3	reset	18	30.668	0
6	checked	4	3	reset	19	29.866	0
6	checked	4	3	reset	20	30.347	0
6	checked	4	3	reset	21	30.618	0
6	checked	4	3	reset	22	31.871	0
6	checked	4	3	reset	23	31.189	0
6	checked	4	3	reset	24	42.279	0
6	checked	4	3	reset	25	35.958	0
6	checked	4	3	reset	26	36.65	0
6	checked	4	3	reset	27	38.172	0
6	checked	4	3	reset	28	36.198	0
6	checked	4	3	reset	29	35.427	0
6	checked	4	3	reset	30	36.148	0
6	checked	4	3	reset	31	35.277	0
6	checked	4	3	reset	32	787.677	0
6	checked	4	3	reset	33	35.737	0
6	checked	4	3	reset	34	34.265	0
6	checked	4	3	reset	35	36.569	0
6	checked	4	3	reset	36	34.565	0
6	checked	4	3	reset	37	35.527	0
6	checked	4	3	reset	38	34.786	0
6	checked	4	3	reset	39	39.835	0
6	checked	4	3	reset	40	43.081	0
6	checked	4	3	reset	41	35.878	0
6	checked	4	3	reset	42	38.052	0
6	checked	4	3	reset	43	37.05	0
6	checked	4	3	reset	44	35.186	0
6	checked	4	3	reset	45	38.523	0
6	checked	4	3	reset	46	35.628	0
6	checked	4	3	reset	47	34.656	0
6	checked	4	3	reset	48	34.365	0
6	checked	4	3	reset	49	35.086	0
6	checked	4	3	reset	50	34.956	0
6	checked	4	3	reset	51	34.485	0
6	checked	4	3	reset	52	34.525	0
6	checked	4	3	reset	53	34.705	0
6	checked	4	3	reset	54	35.477	0
6	checked	4	3	reset	55	34.606	0
6	checked	4	3	reset	56	37.551	0
6	checked	4	3	reset	57	35.638	0
6	checked	4	3	reset	58	36.368	0
6	checked	4	3	reset	59	34.065	0
6	checked	4	3	reset	60	35.186	0
6	checked	4	3	reset	61	35.688	0
6	checked	4	3	reset	62	35.086	0
6	checked	4	3	reset	63	34.855	0
6	checked	4	3	reset	64	35.457	0
6	checked	4	3	reset	65	34.214	0
6	checked	4	3	reset	66	35.136	0
6	checked	4	3	reset	67	36.168	0
6	checked	4	3	reset	68	35.377	0
6	checked	4	3	reset	69	34.866	0
6	checked	4	3	reset	70	35.457	0
6	checked	4	3	reset	71	34.706	0
6	checked	4	3	reset	72	35.497	0
6	checked	4	3	reset	73	34.986	0
6	checked	4	3	reset	74	46.027	0
6	checked	4	3	reset	75	36.119	0
6	checked	4	3	reset	76	34.916	0
6	checked	4	3	reset	77	34.715	0
6	checked	4	3	reset	78	36.469	0
6	checked	4	3	reset	79	36.088	0
6	checked	4	3	reset	80	37.43	0
6	checked	4	3	reset	81	33.623	0
6	checked	4	3	reset	82	36.77	0
6	checked	4	3	reset	83	34.845	0
6	checked	4	3	reset	84	35.176	0
6	checked	4	3	reset	85	35.668	0
6	checked	4	3	reset	86	35.337	0
6	checked	4	3	reset	87	34.896	0
6	checked	4	3	reset	88	35.417	0
6	checked	4	3	reset	89	35.316	0
6	checked	4	3	reset	90	35.958	0
6	checked	4	3	reset	91	35.326	0
6	checked	4	3	reset	92	35.547	0
6	checked	4	3	reset	93	34.655	0
6	checked	4	3	reset	94	36.248	0
6	checked	4	3	reset	95	35.056	0
6	checked	4	3	reset	96	35.137	0
6	checked	4	3	reset	97	35.286	0
6	checked	4	3	reset	98	35.026	0
6	checked	4	3	reset	99	34.435	0
6	checked	4	3	reset	100	36.048	0
6	checked	4	3	reset	101	34.745	0
6	checked	4	3	reset	102	34.896	0
6	checked	4	3	reset	103	34.034	0
6	checked	4	3	reset	104	35.066	0
6	checked	4	3	reset	105	34.746	0
6	checked	4	3	reset	106	34.635	0
6	checked	4	3	reset	107	34.795	0
6	checked	4	3	reset	108	35.958	0
6	checked	4	3	reset	109	46.027	0
6	checked	4	3	reset	110	34.064	0
6	checked	4	3	reset	111	37.411	0
6	checked	4	3	reset	112	37.2	0
6	checked	4	3	reset	113	33.714	0
6	checked	4	3	reset	114	36.068	0
6	checked	4	3	reset	115	33.663	0
6	checked	4	3	reset	116	35.167	0
6	checked	4	3	reset	117	34.324	0
6	checked	4	3	reset	118	36.128	0
6	checked	4	3	reset	119	34.164	0
6	checked	4	3	reset	120	35.848	0
6	checked	4	3	reset	121	34.956	0
6	checked	4	3	reset	122	35.767	0
6	checked	4	3	reset	123	34.264	0
6	checked	4	3	reset	124	36.7	0
6	checked	4	3	reset	125	35.457	0
6	checked	4	3	reset	126	35.086	0
6	checked	4	3	reset	127	35.467	0
6	checked	4	3	reset	128	35.968	0
6	checked	4	3	reset	129	36.509	0
6	checked	4	3	reset	130	34.285	0
6	checked	4	3	reset	131	52.659	0
6	checked	4	3	reset	132	36.218	0
6	checked	4	3	reset	133	34.485	0
6	checked	4	3	reset	134	36.559	0
6	checked	4	3	reset	135	34.275	0
6	checked	4	3	reset	136	35.247	0
6	checked	4	3	reset	137	34.094	0
6	checked	4	3	reset	138	34.896	0
6	checked	4	3	reset	139	34.865	0
6	checked	4	3	reset	140	35.187	0
6	checked	4	3	reset	141	37.291	0
6	checked	4	3	reset	142	35.427	0
6	checked	4	3	reset	143	36.098	0
6	checked	4	3	reset	144	35.707	0
6	checked	4	3	reset	145	36.189	0
6	checked	4	3	reset	146	38.132	0
6	checked	4	3	reset	147	34.615	0
6	checked	4	3	reset	148	36.559	0
6	checked	4	3	reset	149	35.227	0
6	checked	4	3	reset	150	35.888	0
6	checked	4	3	reset	151	36.138	0
6	checked	4	3	reset	152	36.188	0
6	checked	4	3	reset	153	34.926	0
6	checked	4	3	reset	154	35.887	0
6	checked	4	3	reset	155	34.766	0
6	checked	4	3	reset	156	36.179	0
6	checked	4	3	reset	157	35.377	0
6	checked	4	3	reset	158	35.197	0
6	checked	4	3	reset	159	35.527	0
6	checked	4	3	reset	160	34.505	0
6	checked	4	3	reset	161	35.677	0
6	checked	4	3	reset	162	35.597	0
6	checked	4	3	reset	163	34.986	0
6	checked	4	3	reset	164	35.467	0
6	checked	4	3	reset	165	34.466	0
6	checked	4	3	reset	166	35.467	0
6	checked	4	3	reset	167	37.28	0
6	checked	4	3	reset	168	35.677	0
6	checked	4	3	reset	169	34.305	0
6	checked	4	3	reset	170	35.447	0
6	checked	4	3	reset	171	35.097	0
6	checked	4	3	reset	172	34.585	0
6	checked	4	3	reset	173	34.585	0
6	checked	4	3	reset	174	35.317	0
6	checked	4	3	reset	175	35.357	0
6	checked	4	3	reset	176	35.206	0
6	checked	4	3	reset	177	34.656	0
6	checked	4	3	reset	178	35.918	0
6	checked	4	3	reset	179	35.307	0
6	checked	4	3	reset	180	34.214	0
6	checked	4	3	reset	181	35.708	0
6	checked	4	3	reset	182	45.065	0
6	checked	4	3	reset	183	34.635	0
6	checked	4	3	reset	184	35.507	0
6	checked	4	3	reset	185	35.187	0
6	checked	4	3	reset	186	35.076	0
6	checked	4	3	reset	187	60.885	0
6	checked	4	3	reset	188	38.212	0
6	checked	4	3	reset	189	35.066	0
6	checked	4	3	reset	190	35.447	0
6	checked	4	3	reset	191	36.829	0
6	checked	4	3	reset	192	34.806	0
6	checked	4	3	reset	193	36.109	0
6	checked	4	3	reset	194	36.048	0
6	checked	4	3	reset	195	36.479	0
6	checked	4	3	reset	196	35.347	0
6	checked	4	3	reset	197	41.489	0
6	checked	4	3	reset	198	34.766	0
6	checked	4	3	reset	199	34.976	0
6	checked	4	3	reset	200	34.595	0
6	checked	4	3	stall	1	786.164	0
6	checked	4	3	stall	2	1066.682	0
6	checked	4	3	stall	3	786.234	0
6	unsafe	4	3	reset	1	0.15	0
6	unsafe	4	3	reset	2	0.04	0
6	unsafe	4	3	reset	3	0.06	0
6	unsafe	4	3	reset	4	0.05	0
6	unsafe	4	3	reset	5	0.04	0
6	unsafe	4	3	reset	6	0.1	0
6	unsafe	4	3	reset	7	0.08	0
6	unsafe	4	3	reset	8	0.07	0
6	unsafe	4	3	reset	9	0.05	0
6	unsafe	4	3	reset	10	0.05	0
6	unsafe	4	3	reset	11	0.07	0
6	unsafe	4	3	reset	12	0.04	0
6	unsafe	4	3	reset	13	0.06	0
6	unsafe	4	3	reset	14	0.04	0
6	unsafe	4	3	reset	15	0.06	0
6	unsafe	4	3	reset	16	0.06	0
6	unsafe	4	3	reset	17	0.051	0
6	unsafe	4	3	reset	18	0.06	0
6	unsafe	4	3	reset	19	0.06	0
6	unsafe	4	3	reset	20	0.3	0
6	unsafe	4	3	reset	21	0.15	0
6	unsafe	4	3	reset	22	0.14	0
6	unsafe	4	3	reset	23	0.05	0
6	unsafe	4	3	reset	24	0.04	0
6	unsafe	4	3	reset	25	0.16	0
6	unsafe	4	3	reset	26	0.301	0
6	unsafe	4	3	reset	27	0.05	0
6	unsafe	4	3	reset	28	0.1	0
6	unsafe	4	3	reset	29	0.071	0
6	unsafe	4	3	reset	30	0.281	0
6	unsafe	4	3	reset	31	0.17	0
6	unsafe	4	3	reset	32	0.301	0
6	unsafe	4	3	reset	33	0.1	0
6	unsafe	4	3	reset	34	0.05	0
6	unsafe	4	3	reset	35	0.06	0
6	unsafe	4	3	reset	36	0.05	0
6	unsafe	4	3	reset	37	0.071	0
6	unsafe	4	3	reset	38	0.06	0
6	unsafe	4	3	reset	39	0.05	0
6	unsafe	4	3	reset	40	0.06	0
6	unsafe	4	3	reset	41	0.05	0
6	unsafe	4	3	reset	42	0.06	0
6	unsafe	4	3	reset	43	0.05	0
6	unsafe	4	3	reset	44	0.05	0
6	unsafe	4	3	reset	45	0.07	0
6	unsafe	4	3	reset	46	0.061	0
6	unsafe	4	3	reset	47	0.06	0
6	unsafe	4	3	reset	48	0.06	0
6	unsafe	4	3	reset	49	0.05	0
6	unsafe	4	3	reset	50	0.04	0
6	unsafe	4	3	reset	51	0.05	0
6	unsafe	4	3	reset	52	0.06	0
6	unsafe	4	3	reset	53	0.061	0
6	unsafe	4	3	reset	54	0.08	0
6	unsafe	4	3	reset	55	0.05	0
6	unsafe	4	3	reset	56	0.05	0
6	unsafe	4	3	reset	57	0.06	0
6	unsafe	4	3	reset	58	0.05	0
6	unsafe	4	3	reset	59	0.06	0
6	unsafe	4	3	reset	60	0.05	0
6	unsafe	4	3	reset	61	0.06	0
6	unsafe	4	3	reset	62	0.06	0
6	unsafe	4	3	reset	63	0.07	0
6	unsafe	4	3	reset	64	0.06	0
6	unsafe	4	3	reset	65	0.06	0
6	unsafe	4	3	reset	66	0.061	0
6	unsafe	4	3	reset	67	0.06	0
6	unsafe	4	3	reset	68	0.05	0
6	unsafe	4	3	reset	69	0.06	0
6	unsafe	4	3	reset	70	0.04	0
6	unsafe	4	3	reset	71	0.061	0
6	unsafe	4	3	reset	72	0.05	0
6	unsafe	4	3	reset	73	0.06	0
6	unsafe	4	3	reset	74	0.05	0
6	unsafe	4	3	reset	75	0.06	0
6	unsafe	4	3	reset	76	0.061	0
6	unsafe	4	3	reset	77	0.061	0
6	unsafe	4	3	reset	78	0.06	0
6	unsafe	4	3	reset	79	0.06	0
6	unsafe	4	3	reset	80	0.05	0
6	unsafe	4	3	reset	81	0.06	0
6	unsafe	4	3	reset	82	0.07	0
6	unsafe	4	3	reset	83	0.06	0
6	unsafe	4	3	reset	84	0.05	0
6	unsafe	4	3	reset	85	0.07	0
6	unsafe	4	3	reset	86	0.06	0
6	unsafe	4	3	reset	87	0.05	0
6	unsafe	4	3	reset	88	0.06	0
6	unsafe	4	3	reset	89	0.09	0
6	unsafe	4	3	reset	90	0.06	0
6	unsafe	4	3	reset	91	0.06	0
6	unsafe	4	3	reset	92	0.06	0
6	unsafe	4	3	reset	93	0.06	0
6	unsafe	4	3	reset	94	0.061	0
6	unsafe	4	3	reset	95	0.06	0
6	unsafe	4	3	reset	96	0.04	0
6	unsafe	4	3	reset	97	0.06	0
6	unsafe	4	3	reset	98	0.05	0
6	unsafe	4	3	reset	99	0.05	0
6	unsafe	4	3	reset	100	0.06	0
6	unsafe	4	3	reset	101	0.061	0
6	unsafe	4	3	reset	102	0.06	0
6	unsafe	4	3	reset	103	0.05	0
6	unsafe	4	3	reset	104	0.05	0
6	unsafe	4	3	reset	105	0.06	0
6	unsafe	4	3	reset	106	0.04	0
6	unsafe	4	3	reset	107	0.08	0
6	unsafe	4	3	reset	108	0.05	0
6	unsafe	4	3	reset	109	0.06	0
6	unsafe	4	3	reset	110	0.05	0
6	unsafe	4	3	reset	111	0.05	0
6	unsafe	4	3	reset	112	0.06	0
6	unsafe	4	3	reset	113	0.05	0
6	unsafe	4	3	reset	114	0.07	0
6	unsafe	4	3	reset	115	0.07	0
6	unsafe	4	3	reset	116	0.05	0
6	unsafe	4	3	reset	117	0.06	0
6	unsafe	4	3	reset	118	0.04	0
6	unsafe	4	3	reset	119	0.07	0
6	unsafe	4	3	reset	120	0.06	0
6	unsafe	4	3	reset	121	0.07	0
6	unsafe	4	3	reset	122	0.06	0
6	unsafe	4	3	reset	123	0.06	0
6	unsafe	4	3	reset	124	0.06	0
6	unsafe	4	3	reset	125	0.05	0
6	unsafe	4	3	reset	126	0.06	0
6	unsafe	4	3	reset	127	0.05	0
6	unsafe	4	3	reset	128	0.06	0
6	unsafe	4	3	reset	129	0.06	0
6	unsafe	4	3	reset	130	0.051	0
6	unsafe	4	3	reset	131	0.061	0
6	unsafe	4	3	reset	132	0.071	0
6	unsafe	4	3	reset	133	0.08	0
6	unsafe	4	3	reset	134	0.05	0
6	unsafe	4	3	reset	135	0.05	0
6	unsafe	4	3	reset	136	0.06	0
6	unsafe	4	3	reset	137	0.04	0
6	unsafe	4	3	reset	138	0.07	0
6	unsafe	4	3	reset	139	0.05	0
6	unsafe	4	3	reset	140	0.06	0
6	unsafe	4	3	reset	141	0.06	0
6	unsafe	4	3	reset	142	0.06	0
6	unsafe	4	3	reset	143	0.06	0
6	unsafe	4	3	reset	144	0.05	0
6	unsafe	4	3	reset	145	0.07	0
6	unsafe	4	3	reset	146	0.05	0
6	unsafe	4	3	reset	147	0.06	0
6	unsafe	4	3	reset	148	0.07	0
6	unsafe	4	3	reset	149	0.05	0
6	unsafe	4	3	reset	150	0.07	0
6	unsafe	4	3	reset	151	0.05	0
6	unsafe	4	3	reset	152	0.07	0
6	unsafe	4	3	reset	153	0.05	0
6	unsafe	4	3	reset	154	0.09	0
6	unsafe	4	3	reset	155	0.06	0
6	unsafe	4	3	reset	156	0.05	0
6	unsafe	4	3	reset	157	0.06	0
6	unsafe	4	3	reset	158	0.05	0
6	unsafe	4	3	reset	159	0.07	0
6	unsafe	4	3	reset	160	0.06	0
6	unsafe	4	3	reset	161	0.06	0
6	unsafe	4	3	reset	162	0.06	0
6	unsafe	4	3	reset	163	0.09	0
6	unsafe	4	3	reset	164	0.11	0
6	unsafe	4	3	reset	165	0.051	0
6	unsafe	4	3	reset	166	0.05	0
6	unsafe	4	3	reset	167	0.06	0
6	unsafe	4	3	reset	168	0.06	0
6	unsafe	4	3	reset	169	0.061	0
6	unsafe	4	3	reset	170	0.05	0
6	unsafe	4	3	reset	171	0.06	0
6	unsafe	4	3	reset	172	0.06	0
6	unsafe	4	3	reset	173	0.06	0
6	unsafe	4	3	reset	174	0.07	0
6	unsafe	4	3	reset	175	0.05	0
6	unsafe	4	3	reset	176	0.07	0
6	unsafe	4	3	reset	177	0.07	0
6	unsafe	4	3	reset	178	0.05	0
6	unsafe	4	3	reset	179	0.06	0
6	unsafe	4	3	reset	180	0.04	0
6	unsafe	4	3	reset	181	0.06	0
6	unsafe	4	3	reset	182	0.05	0
6	unsafe	4	3	reset	183	0.06	0
6	unsafe	4	3	reset	184	0.04	0
6	unsafe	4	3	reset	185	0.05	0
6	unsafe	4	3	reset	186	0.06	0
6	unsafe	4	3	reset	187	0.06	0
6	unsafe	4	3	reset	188	0.071	0
6	unsafe	4	3	reset	189	0.08	0
6	unsafe	4	3	reset	190	0.06	0
6	unsafe	4	3	reset	191	0.051	0
6	unsafe	4	3	reset	192	0.05	0
6	unsafe	4	3	reset	193	0.07	0
6	unsafe	4	3	reset	194	0.05	0
6	unsafe	4	3	reset	195	0.06	0
6	unsafe	4	3	reset	196	0.08	0
6	unsafe	4	3	reset	197	0.05	0
6	unsafe	4	3	reset	198	0.071	0
6	unsafe	4	3	reset	199	0.05	0
6	unsafe	4	3	reset	200	0.06	0
6	unsafe	4	3	stall	1	0.0	0
6	unsafe	4	3	stall	2	994.437	0
6	unsafe	4	3	stall	3	0.0	0
6	checked	8	7	reset	1	73.148	0
6	checked	8	7	reset	2	76.144	0
6	checked	8	7	reset	3	59.362	0
6	checked	8	7	reset	4	215.246	0
6	checked	8	7	reset	5	39.535	0
6	checked	8	7	reset	6	41.649	0
6	checked	8	7	reset	7	34.325	0
6	checked	8	7	reset	8	39.354	0
6	checked	8	7	reset	9	35.678	0
6	checked	8	7	reset	10	33.884	0
6	checked	8	7	reset	11	34.074	0
6	checked	8	7	reset	12	34.194	0
6	checked	8	7	reset	13	34.335	0
6	checked	8	7	reset	14	34.736	0
6	checked	8	7	reset	15	34.245	0
6	checked	8	7	reset	16	34.205	0
6	checked	8	7	reset	17	33.873	0
6	checked	8	7	reset	18	33.754	0
6	checked	8	7	reset	19	35.347	0
6	checked	8	7	reset	20	33.924	0
6	checked	8	7	reset	21	34.184	0
6	checked	8	7	reset	22	36.889	0
6	checked	8	7	reset	23	34.585	0
6	checked	8	7	reset	24	34.004	0
6	checked	8	7	reset	25	34.695	0
6	checked	8	7	reset	26	68.078	0
6	checked	8	7	reset	27	71.144	0
6	checked	8	7	reset	28	63.249	0
6	checked	8	7	reset	29	61.436	0
6	checked	8	7	reset	30	65.844	0
6	checked	8	7	reset	31	48.512	0
6	checked	8	7	reset	32	49.062	0
6	checked	8	7	reset	33	46.148	0
6	checked	8	7	reset	34	45.265	0
6	checked	8	7	reset	35	47.31	0
6	checked	8	7	reset	36	47.319	0
6	checked	8	7	reset	37	53.961	0
6	checked	8	7	reset	38	50.275	0
6	checked	8	7	reset	39	47.83	0
6	checked	8	7	reset	40	49.182	0
6	checked	8	7	reset	41	49.223	0
6	checked	8	7	reset	42	49.533	0
6	checked	8	7	reset	43	50.305	0
6	checked	8	7	reset	44	50.325	0
6	checked	8	7	reset	45	49.754	0
6	checked	8	7	reset	46	49.202	0
6	checked	8	7	reset	47	46.487	0
6	checked	8	7	reset	48	47.76	0
6	checked	8	7	reset	49	45.505	0
6	checked	8	7	reset	50	47.881	0
6	checked	8	7	reset	51	44.915	0
6	checked	8	7	reset	52	52.168	0
6	checked	8	7	reset	53	46.217	0
6	checked	8	7	reset	54	50.616	0
6	checked	8	7	reset	55	46.728	0
6	checked	8	7	reset	56	47.53	0
6	checked	8	7	reset	57	48.872	0
6	checked	8	7	reset	58	52.028	0
6	checked	8	7	reset	59	48.041	0
6	checked	8	7	reset	60	47.429	0
6	checked	8	7	reset	61	58.581	0
6	checked	8	7	reset	62	48.962	0
6	checked	8	7	reset	63	48.402	0
6	checked	8	7	reset	64	47.29	0
6	checked	8	7	reset	65	73.679	0
6	checked	8	7	reset	66	55.675	0
6	checked	8	7	reset	67	50.385	0
6	checked	8	7	reset	68	71.966	0
6	checked	8	7	reset	69	56.066	0
6	checked	8	7	reset	70	49.754	0
6	checked	8	7	reset	71	50.264	0
6	checked	8	7	reset	72	61.385	0
6	checked	8	7	reset	73	44.113	0
6	checked	8	7	reset	74	62.498	0
6	checked	8	7	reset	75	52.769	0
6	checked	8	7	reset	76	46.698	0
6	checked	8	7	reset	77	59.021	0
6	checked	8	7	reset	78	47.91	0
6	checked	8	7	reset	79	42.22	0
6	checked	8	7	reset	80	45.656	0
6	checked	8	7	reset	81	42.981	0
6	checked	8	7	reset	82	43.422	0
6	checked	8	7	reset	83	44.835	0
6	checked	8	7	reset	84	44.163	0
6	checked	8	7	reset	85	43.102	0
6	checked	8	7	reset	86	46.738	0
6	checked	8	7	reset	87	44.744	0
6	checked	8	7	reset	88	45.936	0
6	checked	8	7	reset	89	44.614	0
6	checked	8	7	reset	90	48.371	0
6	checked	8	7	reset	91	44.624	0
6	checked	8	7	reset	92	46.037	0
6	checked	8	7	reset	93	52.088	0
6	checked	8	7	reset	94	47.43	0
6	checked	8	7	reset	95	62.498	0
6	checked	8	7	reset	96	53.922	0
6	checked	8	7	reset	97	46.648	0
6	checked	8	7	reset	98	60.775	0
6	checked	8	7	reset	99	59.452	0
6	checked	8	7	reset	100	46.778	0
6	checked	8	7	reset	101	49.062	0
6	checked	8	7	reset	102	47.2	0
6	checked	8	7	reset	103	57.188	0
6	checked	8	7	reset	104	59.562	0
6	checked	8	7	reset	105	45.536	0
6	checked	8	7	reset	106	45.786	0
6	checked	8	7	reset	107	68.519	0
6	checked	8	7	reset	108	59.021	0
6	checked	8	7	reset	109	65.975	0
6	checked	8	7	reset	110	45.476	0
6	checked	8	7	reset	111	43.893	0
6	checked	8	7	reset	112	55.825	0
6	checked	8	7	reset	113	44.424	0
6	checked	8	7	reset	114	45.666	0
6	checked	8	7	reset	115	43.412	0
6	checked	8	7	reset	116	41.94	0
6	checked	8	7	reset	117	45.566	0
6	checked	8	7	reset	118	46.347	0
6	checked	8	7	reset	119	45.917	0
6	checked	8	7	reset	120	49.463	0
6	checked	8	7	reset	121	46.648	0
6	checked	8	7	reset	122	52.408	0
6	checked	8	7	reset	123	44.003	0
6	checked	8	7	reset	124	44.123	0
6	checked	8	7	reset	125	43.221	0
6	checked	8	7	reset	126	44.635	0
6	checked	8	7	reset	127	43.562	0
6	checked	8	7	reset	128	45.335	0
6	checked	8	7	reset	129	41.609	0
6	checked	8	7	reset	130	45.015	0
6	checked	8	7	reset	131	45.005	0
6	checked	8	7	reset	132	59.653	0
6	checked	8	7	reset	133	69.591	0
6	checked	8	7	reset	134	50.676	0
6	checked	8	7	reset	135	46.217	0
6	checked	8	7	reset	136	46.358	0
6	checked	8	7	reset	137	46.167	0
6	checked	8	7	reset	138	46.317	0
6	checked	8	7	reset	139	45.707	0
6	checked	8	7	reset	140	43.712	0
6	checked	8	7	reset	141	44.845	0
6	checked	8	7	reset	142	44.314	0
6	checked	8	7	reset	143	43.051	0
6	checked	8	7	reset	144	42.56	0
6	checked	8	7	reset	145	45.175	0
6	checked	8	7	reset	146	43.793	0
6	checked	8	7	reset	147	42.74	0
6	checked	8	7	reset	148	43.322	0
6	checked	8	7	reset	149	42.63	0
6	checked	8	7	reset	150	42.591	0
6	checked	8	7	reset	151	44.734	0
6	checked	8	7	reset	152	45.225	0
6	checked	8	7	reset	153	43.141	0
6	checked	8	7	reset	154	43.973	0
6	checked	8	7	reset	155	42.861	0
6	checked	8	7	reset	156	45.817	0
6	checked	8	7	reset	157	41.608	0
6	checked	8	7	reset	158	43.762	0
6	checked	8	7	reset	159	42.831	0
6	checked	8	7	reset	160	43.131	0
6	checked	8	7	reset	161	44.864	0
6	checked	8	7	reset	162	44.464	0
6	checked	8	7	reset	163	43.562	0
6	checked	8	7	reset	164	43.432	0
6	checked	8	7	reset	165	46.879	0
6	checked	8	7	reset	166	44.083	0
6	checked	8	7	reset	167	45.646	0
6	checked	8	7	reset	168	44.214	0
6	checked	8	7	reset	169	44.504	0
6	checked	8	7	reset	170	42.721	0
6	checked	8	7	reset	171	43.252	0
6	checked	8	7	reset	172	44.774	0
6	checked	8	7	reset	173	42.35	0
6	checked	8	7	reset	174	42.41	0
6	checked	8	7	reset	175	43.873	0
6	checked	8	7	reset	176	42.69	0
6	checked	8	7	reset	177	42.881	0
6	checked	8	7	reset	178	45.045	0
6	checked	8	7	reset	179	43.612	0
6	checked	8	7	reset	180	43.953	0
6	checked	8	7	reset	181	44.143	0
6	checked	8	7	reset	182	42.46	0
6	checked	8	7	reset	183	42.46	0
6	checked	8	7	reset	184	42.941	0
6	checked	8	7	reset	185	42.43	0
6	checked	8	7	reset	186	44.544	0
6	checked	8	7	reset	187	44.163	0
6	checked	8	7	reset	188	45.526	0
6	checked	8	7	reset	189	42.5	0
6	checked	8	7	reset	190	42.5	0
6	checked	8	7	reset	191	43.633	0
6	checked	8	7	reset	192	42.971	0
6	checked	8	7	reset	193	44.805	0
6	checked	8	7	reset	194	42.44	0
6	checked	8	7	reset	195	42.561	0
6	checked	8	7	reset	196	44.324	0
6	checked	8	7	reset	197	44.524	0
6	checked	8	7	reset	198	43.782	0
6	checked	8	7	reset	199	44.534	0
6	checked	8	7	reset	200	43.462	0
6	checked	8	7	stall	1	80.182	0
6	checked	8	7	stall	2	83.688	0
6	checked	8	7	stall	3	86.003	0
6	checked	8	7	stall	4	69.191	0
6	checked	8	7	stall	5	69.03	0
6	checked	8	7	stall	6	79.7	0
6	checked	8	7	stall	7	76.294	0
6	unsafe	8	7	reset	1	0.441	0
6	unsafe	8	7	reset	2	0.23	0
6	unsafe	8	7	reset	3	0.29	0
6	unsafe	8	7	reset	4	0.171	0
6	unsafe	8	7	reset	5	0.17	0
6	unsafe	8	7	reset	6	0.07	0
6	unsafe	8	7	reset	7	0.08	0
6	unsafe	8	7	reset	8	0.161	0
6	unsafe	8	7	reset	9	0.07	0
6	unsafe	8	7	reset	10	0.28	0
6	unsafe	8	7	reset	11	0.291	0
6	unsafe	8	7	reset	12	0.08	0
6	unsafe	8	7	reset	13	0.291	0
6	unsafe	8	7	reset	14	0.311	0
6	unsafe	8	7	reset	15	0.08	0
6	unsafe	8	7	reset	16	0.07	0
6	unsafe	8	7	reset	17	0.16	0
6	unsafe	8	7	reset	18	0.401	0
6	unsafe	8	7	reset	19	0.311	0
6	unsafe	8	7	reset	20	0.07	0
6	unsafe	8	7	reset	21	0.16	0
6	unsafe	8	7	reset	22	0.311	0
6	unsafe	8	7	reset	23	0.261	0
6	unsafe	8	7	reset	24	0.341	0
6	unsafe	8	7	reset	25	0.121	0
6	unsafe	8	7	reset	26	0.13	0
6	unsafe	8	7	reset	27	0.13	0
6	unsafe	8	7	reset	28	0.12	0
6	unsafe	8	7	reset	29	0.131	0
6	unsafe	8	7	reset	30	0.13	0
6	unsafe	8	7	reset	31	0.13	0
6	unsafe	8	7	reset	32	0.071	0
6	unsafe	8	7	reset	33	0.08	0
6	unsafe	8	7	reset	34	0.07	0
6	unsafe	8	7	reset	35	0.08	0
6	unsafe	8	7	reset	36	0.07	0
6	unsafe	8	7	reset	37	0.07	0
6	unsafe	8	7	reset	38	0.08	0
6	unsafe	8	7	reset	39	0.08	0
6	unsafe	8	7	reset	40	0.08	0
6	unsafe	8	7	reset	41	0.08	0
6	unsafe	8	7	reset	42	0.08	0
6	unsafe	8	7	reset	43	0.08	0
6	unsafe	8	7	reset	44	0.08	0
6	unsafe	8	7	reset	45	0.07	0
6	unsafe	8	7	reset	46	0.071	0
6	unsafe	8	7	reset	47	0.07	0
6	unsafe	8	7	reset	48	0.08	0
6	unsafe	8	7	reset	49	0.07	0
6	unsafe	8	7	reset	50	0.07	0
6	unsafe	8	7	reset	51	0.071	0
6	unsafe	8	7	reset	52	0.08	0
6	unsafe	8	7	reset	53	0.08	0
6	unsafe	8	7	reset	54	0.07	0
6	unsafe	8	7	reset	55	0.08	0
6	unsafe	8	7	reset	56	0.08	0
6	unsafe	8	7	reset	57	0.07	0
6	unsafe	8	7	reset	58	0.07	0
6	unsafe	8	7	reset	59	0.08	0
6	unsafe	8	7	reset	60	0.08	0
6	unsafe	8	7	reset	61	0.081	0
6	unsafe	8	7	reset	62	0.081	0
6	unsafe	8	7	reset	63	0.07	0
6	unsafe	8	7	reset	64	0.08	0
6	unsafe	8	7	reset	65	0.08	0
6	unsafe	8	7	reset	66	0.08	0
6	unsafe	8	7	reset	67	0.08	0
6	unsafe	8	7	reset	68	0.07	0
6	unsafe	8	7	reset	69	0.08	0
6	unsafe	8	7	reset	70	0.09	0
6	unsafe	8	7	reset	71	0.08	0
6	unsafe	8	7	reset	72	0.08	0
6	unsafe	8	7	reset	73	0.071	0
6	unsafe	8	7	reset	74	0.08	0
6	unsafe	8	7	reset	75	0.081	0
6	unsafe	8	7	reset	76	0.07	0
6	unsafe	8	7	reset	77	0.08	0
6	unsafe	8	7	reset	78	0.08	0
6	unsafe	8	7	reset	79	0.08	0
6	unsafe	8	7	reset	80	0.091	0
6	unsafe	8	7	reset	81	0.07	0
6	unsafe	8	7	reset	82	0.07	0
6	unsafe	8	7	reset	83	0.07	0
6	unsafe	8	7	reset	84	0.08	0
6	unsafe	8	7	reset	85	0.08	0
6	unsafe	8	7	reset	86	0.08	0
6	unsafe	8	7	reset	87	0.1	0
6	unsafe	8	7	reset	88	0.07	0
6	unsafe	8	7	reset	89	0.08	0
6	unsafe	8	7	reset	90	0.071	0
6	unsafe	8	7	reset	91	0.08	0
6	unsafe	8	7	reset	92	0.08	0
6	unsafe	8	7	reset	93	0.08	0
6	unsafe	8	7	reset	94	0.08	0
6	unsafe	8	7	reset	95	0.07	0
6	unsafe	8	7	reset	96	0.091	0
6	unsafe	8	7	reset	97	0.08	0
6	unsafe	8	7	reset	98	0.08	0
6	unsafe	8	7	reset	99	0.08	0
6	unsafe	8	7	reset	100	0.07	0
6	unsafe	8	7	reset	101	0.08	0
6	unsafe	8	7	reset	102	0.08	0
6	unsafe	8	7	reset	103	0.081	0
6	unsafe	8	7	reset	104	0.08	0
6	unsafe	8	7	reset	105	0.07	0
6	unsafe	8	7	reset	106	0.07	0
6	unsafe	8	7	reset	107	0.081	0
6	unsafe	8	7	reset	108	0.08	0
6	unsafe	8	7	reset	109	0.08	0
6	unsafe	8	7	reset	110	0.08	0
6	unsafe	8	7	reset	111	0.08	0
6	unsafe	8	7	reset	112	0.08	0
6	unsafe	8	7	reset	113	0.07	0
6	unsafe	8	7	reset	114	0.07	0
6	unsafe	8	7	reset	115	0.08	0
6	unsafe	8	7	reset	116	0.1	0
6	unsafe	8	7	reset	117	0.07	0
6	unsafe	8	7	reset	118	0.09	0
6	unsafe	8	7	reset	119	0.09	0
6	unsafe	8	7	reset	120	0.07	0
6	unsafe	8	7	reset	121	0.081	0
6	unsafe	8	7	reset	122	0.08	0
6	unsafe	8	7	reset	123	0.071	0
6	unsafe	8	7	reset	124	0.09	0
6	unsafe	8	7	reset	125	0.07	0
6	unsafe	8	7	reset	126	0.09	0
6	unsafe	8	7	reset	127	0.081	0
6	unsafe	8	7	reset	128	0.08	0
6	unsafe	8	7	reset	129	0.09	0
6	unsafe	8	7	reset	130	0.08	0
6	unsafe	8	7	reset	131	0.071	0
6	unsafe	8	7	reset	132	0.08	0
6	unsafe	8	7	reset	133	0.09	0
6	unsafe	8	7	reset	134	0.07	0
6	unsafe	8	7	reset	135	0.08	0
6	unsafe	8	7	reset	136	0.101	0
6	unsafe	8	7	reset	137	0.07	0
6	unsafe	8	7	reset	138	0.09	0
6	unsafe	8	7	reset	139	0.08	0
6	unsafe	8	7	reset	140	0.08	0
6	unsafe	8	7	reset	141	0.091	0
6	unsafe	8	7	reset	142	0.071	0
6	unsafe	8	7	reset	143	0.08	0
6	unsafe	8	7	reset	144	0.08	0
6	unsafe	8	7	reset	145	0.08	0
6	unsafe	8	7	reset	146	0.09	0
6	unsafe	8	7	reset	147	0.07	0
6	unsafe	8	7	reset	148	0.091	0
6	unsafe	8	7	reset	149	0.08	0
6	unsafe	8	7	reset	150	0.08	0
6	unsafe	8	7	reset	151	0.08	0
6	unsafe	8	7	reset	152	0.07	0
6	unsafe	8	7	reset	153	0.08	0
6	unsafe	8	7	reset	154	0.07	0
6	unsafe	8	7	reset	155	0.071	0
6	unsafe	8	7	reset	156	0.08	0
6	unsafe	8	7	reset	157	0.08	0
6	unsafe	8	7	reset	158	0.09	0
6	unsafe	8	7	reset	159	0.071	0
6	unsafe	8	7	reset	160	0.09	0
6	unsafe	8	7	reset	161	0.08	0
6	unsafe	8	7	reset	162	0.091	0
6	unsafe	8	7	reset	163	0.08	0
6	unsafe	8	7	reset	164	0.07	0
6	unsafe	8	7	reset	165	0.08	0
6	unsafe	8	7	reset	166	0.07	0
6	unsafe	8	7	reset	167	0.081	0
6	unsafe	8	7	reset	168	0.081	0
6	unsafe	8	7	reset	169	0.081	0
6	unsafe	8	7	reset	170	0.08	0
6	unsafe	8	7	reset	171	0.07	0
6	unsafe	8	7	reset	172	0.09	0
6	unsafe	8	7	reset	173	0.09	0
6	unsafe	8	7	reset	174	0.07	0
6	unsafe	8	7	reset	175	0.08	0
6	unsafe	8	7	reset	176	0.07	0
6	unsafe	8	7	reset	177	0.07	0
6	unsafe	8	7	reset	178	0.07	0
6	unsafe	8	7	reset	179	0.081	0
6	unsafe	8	7	reset	180	0.08	0
6	unsafe	8	7	reset	181	0.08	0
6	unsafe	8	7	reset	182	0.07	0
6	unsafe	8	7	reset	183	0.081	0
6	unsafe	8	7	reset	184	0.07	0
6	unsafe	8	7	reset	185	0.07	0
6	unsafe	8	7	reset	186	0.07	0
6	unsafe	8	7	reset	187	0.131	0
6	unsafe	8	7	reset	188	0.13	0
6	unsafe	8	7	reset	189	0.131	0
6	unsafe	8	7	reset	190	0.12	0
6	unsafe	8	7	reset	191	0.12	0
6	unsafe	8	7	reset	192	0.071	0
6	unsafe	8	7	reset	193	0.07	0
6	unsafe	8	7	reset	194	0.08	0
6	unsafe	8	7	reset	195	0.07	0
6	unsafe	8	7	reset	196	0.08	0
6	unsafe	8	7	reset	197	0.07	0
6	unsafe	8	7	reset	198	0.07	0
6	unsafe	8	7	reset	199	0.07	0
6	unsafe	8	7	reset	200	0.08	0
6	unsafe	8	7	stall	1	0.0	0
6	unsafe	8	7	stall	2	0.0	0
6	unsafe	8	7	stall	3	0.0	0
6	unsafe	8	7	stall	4	0.0	0
6	unsafe	8	7	stall	5	0.0	0
6	unsafe	8	7	stall	6	0.0	0
6	unsafe	8	7	stall	7	0.0	0
6	checked	16	15	reset	1	101.722	1
6	checked	16	15	reset	2	95.891	1
6	checked	16	15	reset	3	85.341	1
6	checked	16	15	reset	4	123.924	1
6	checked	16	15	reset	5	182.314	1
6	checked	16	15	reset	6	157.758	1
6	checked	16	15	reset	7	42.52	1
6	checked	16	15	reset	8	36.469	1
6	checked	16	15	reset	9	36.379	1
6	checked	16	15	reset	10	37.04	1
6	checked	16	15	reset	11	35.808	1
6	checked	16	15	reset	12	35.848	1
6	checked	16	15	reset	13	35.678	1
6	checked	16	15	reset	14	40.176	1
6	checked	16	15	reset	15	36.659	1
6	checked	16	15	reset	16	35.688	1
6	checked	16	15	reset	17	35.908	1
6	checked	16	15	reset	18	37.911	1
6	checked	16	15	reset	19	36.559	1
6	checked	16	15	reset	20	36.98	1
6	checked	16	15	reset	21	35.787	1
6	checked	16	15	reset	22	35.256	1
6	checked	16	15	reset	23	36.249	1
6	checked	16	15	reset	24	35.357	1
6	checked	16	15	reset	25	92.264	1
6	checked	16	15	reset	26	79.51	1
6	checked	16	15	reset	27	69.231	1
6	checked	16	15	reset	28	76.945	1
6	checked	16	15	reset	29	70.223	1
6	checked	16	15	reset	30	73.639	1
6	checked	16	15	reset	31	77.697	1
6	checked	16	15	reset	32	74.32	1
6	checked	16	15	reset	33	78.679	1
6	checked	16	15	reset	34	70.873	1
6	checked	16	15	reset	35	67.438	1
6	checked	16	15	reset	36	74.11	1
6	checked	16	15	reset	37	73.659	1
6	checked	16	15	reset	38	64.211	1
6	checked	16	15	reset	39	65.584	1
6	checked	16	15	reset	40	74.6	1
6	checked	16	15	reset	41	75.813	1
6	checked	16	15	reset	42	65.203	1
6	checked	16	15	reset	43	74.321	1
6	checked	16	15	reset	44	62.949	1
6	checked	16	15	reset	45	74.751	1
6	checked	16	15	reset	46	71.876	1
6	checked	16	15	reset	47	74.881	1
6	checked	16	15	reset	48	65.784	1
6	checked	16	15	reset	49	74.28	1
6	checked	16	15	reset	50	87.705	1
6	checked	16	15	reset	51	81.123	1
6	checked	16	15	reset	52	72.006	1
6	checked	16	15	reset	53	75.973	1
6	checked	16	15	reset	54	75.903	1
6	checked	16	15	reset	55	72.316	1
6	checked	16	15	reset	56	72.507	1
6	checked	16	15	reset	57	77.897	1
6	checked	16	15	reset	58	77.857	1
6	checked	16	15	reset	59	65.233	1
6	checked	16	15	reset	60	75.773	1
6	checked	16	15	reset	61	69.371	1
6	checked	16	15	reset	62	68.54	1
6	checked	16	15	reset	63	68.589	1
6	checked	16	15	reset	64	63.069	1
6	checked	16	15	reset	65	72.918	1
6	checked	16	15	reset	66	74.04	1
6	checked	16	15	reset	67	71.906	1
6	checked	16	15	reset	68	64.552	1
6	checked	16	15	reset	69	63.53	1
6	checked	16	15	reset	70	63.09	1
6	checked	16	15	reset	71	70.653	1
6	checked	16	15	reset	72	61.155	1
6	checked	16	15	reset	73	64.512	1
6	checked	16	15	reset	74	63.32	1
6	checked	16	15	reset	75	63.851	1
6	checked	16	15	reset	76	64.863	1
6	checked	16	15	reset	77	67.818	1
6	checked	16	15	reset	78	65.784	1
6	checked	16	15	reset	79	67.989	1
6	checked	16	15	reset	80	65.573	1
6	checked	16	15	reset	81	64.913	1
6	checked	16	15	reset	82	65.845	1
6	checked	16	15	reset	83	69.231	1
6	checked	16	15	reset	84	62.759	1
6	checked	16	15	reset	85	66.315	1
6	checked	16	15	reset	86	64.202	1
6	checked	16	15	reset	87	67.818	1
6	checked	16	15	reset	88	67.588	1
6	checked	16	15	reset	89	67.267	1
6	checked	16	15	reset	90	73.598	1
6	checked	16	15	reset	91	76.444	1
6	checked	16	15	reset	92	66.906	1
6	checked	16	15	reset	93	72.797	1
6	checked	16	15	reset	94	64.472	1
6	checked	16	15	reset	95	64.692	1
6	checked	16	15	reset	96	63.219	1
6	checked	16	15	reset	97	74.52	1
6	checked	16	15	reset	98	63.36	1
6	checked	16	15	reset	99	64.902	1
6	checked	16	15	reset	100	67.688	1
6	checked	16	15	reset	101	63.099	1
6	checked	16	15	reset	102	68.239	1
6	checked	16	15	reset	103	61.776	1
6	checked	16	15	reset	104	70.534	1
6	checked	16	15	reset	105	75.322	1
6	checked	16	15	reset	106	3021.652	1
6	checked	16	15	reset	107	73.569	1
6	checked	16	15	reset	108	103.465	1
6	checked	16	15	reset	109	80.572	1
6	checked	16	15	reset	110	77.416	1
6	checked	16	15	reset	111	75.292	1
6	checked	16	15	reset	112	73.839	1
6	checked	16	15	reset	113	78.899	1
6	checked	16	15	reset	114	67.548	1
6	checked	16	15	reset	115	72.898	1
6	checked	16	15	reset	116	70.383	1
6	checked	16	15	reset	117	68.82	1
6	checked	16	15	reset	118	73.739	1
6	checked	16	15	reset	119	74.621	1
6	checked	16	15	reset	120	64.542	1
6	checked	16	15	reset	121	71.766	1
6	checked	16	15	reset	122	69.31	1
6	checked	16	15	reset	123	68.609	1
6	checked	16	15	reset	124	68.279	1
6	checked	16	15	reset	125	65.523	1
6	checked	16	15	reset	126	66.947	1
6	checked	16	15	reset	127	62.748	1
6	checked	16	15	reset	128	63.209	1
6	checked	16	15	reset	129	69.021	1
6	checked	16	15	reset	130	64.432	1
6	checked	16	15	reset	131	64.532	1
6	checked	16	15	reset	132	62.057	1
6	checked	16	15	reset	133	65.012	1
6	checked	16	15	reset	134	64.622	1
6	checked	16	15	reset	135	65.784	1
6	checked	16	15	reset	136	82.936	1
6	checked	16	15	reset	137	70.363	1
6	checked	16	15	reset	138	67.718	1
6	checked	16	15	reset	139	68.118	1
6	checked	16	15	reset	140	66.335	1
6	checked	16	15	reset	141	62.468	1
6	checked	16	15	reset	142	61.536	1
6	checked	16	15	reset	143	66.496	1
6	checked	16	15	reset	144	61.697	1
6	checked	16	15	reset	145	62.388	1
6	checked	16	15	reset	146	64.551	1
6	checked	16	15	reset	147	64.191	1
6	checked	16	15	reset	148	62.068	1
6	checked	16	15	reset	149	56.758	1
6	checked	16	15	reset	150	64.702	1
6	checked	16	15	reset	151	59.372	1
6	checked	16	15	reset	152	62.147	1
6	checked	16	15	reset	153	60.585	1
6	checked	16	15	reset	154	62.228	1
6	checked	16	15	reset	155	62.227	1
6	checked	16	15	reset	156	67.828	1
6	checked	16	15	reset	157	58.64	1
6	checked	16	15	reset	158	60.945	1
6	checked	16	15	reset	159	61.556	1
6	checked	16	15	reset	160	60.765	1
6	checked	16	15	reset	161	73.629	1
6	checked	16	15	reset	162	60.374	1
6	checked	16	15	reset	163	60.955	1
6	checked	16	15	reset	164	60.915	1
6	checked	16	15	reset	165	57.077	1
6	checked	16	15	reset	166	67.216	1
6	checked	16	15	reset	167	63.139	1
6	checked	16	15	reset	168	62.238	1
6	checked	16	15	reset	169	59.433	1
6	checked	16	15	reset	170	59.462	1
6	checked	16	15	reset	171	65.194	1
6	checked	16	15	reset	172	2396.662	1
6	checked	16	15	reset	173	85.962	1
6	checked	16	15	reset	174	75.703	1
6	checked	16	15	reset	175	73.168	1
6	checked	16	15	reset	176	63.9	1
6	checked	16	15	reset	177	72.617	1
6	checked	16	15	reset	178	63.49	1
6	checked	16	15	reset	179	59.853	1
6	checked	16	15	reset	180	75.242	1
6	checked	16	15	reset	181	65.514	1
6	checked	16	15	reset	182	57.869	1
6	checked	16	15	reset	183	67.317	1
6	checked	16	15	reset	184	59.893	1
6	checked	16	15	reset	185	59.803	1
6	checked	16	15	reset	186	58.59	1
6	checked	16	15	reset	187	57.489	1
6	checked	16	15	reset	188	61.556	1
6	checked	16	15	reset	189	54.883	1
6	checked	16	15	reset	190	61.186	1
6	checked	16	15	reset	191	59.472	1
6	checked	16	15	reset	192	56.407	1
6	checked	16	15	reset	193	53.37	1
6	checked	16	15	reset	194	54.853	1
6	checked	16	15	reset	195	60.324	1
6	checked	16	15	reset	196	58.651	1
6	checked	16	15	reset	197	59.953	1
6	checked	16	15	reset	198	62.609	1
6	checked	16	15	reset	199	55.114	1
6	checked	16	15	reset	200	57.187	1
6	checked	16	15	stall	1	93.677	1
6	checked	16	15	stall	2	94.278	1
6	checked	16	15	stall	3	379.336	1
6	checked	16	15	stall	4	110.188	1
6	checked	16	15	stall	5	93.266	1
6	checked	16	15	stall	6	94.047	1
6	checked	16	15	stall	7	439.45	1
6	checked	16	15	stall	8	384.726	1
6	checked	16	15	stall	9	99.167	1
6	checked	16	15	stall	10	145.495	1
6	checked	16	15	stall	11	93.767	1
6	checked	16	15	stall	12	96.051	1
6	checked	16	15	stall	13	94.328	1
6	checked	16	15	stall	14	95.11	1
6	checked	16	15	stall	15	441.002	1
6	unsafe	16	15	reset	1	0.201	1
6	unsafe	16	15	reset	2	0.12	1
6	unsafe	16	15	reset	3	0.09	1
6	unsafe	16	15	reset	4	0.09	1
6	unsafe	16	15	reset	5	0.1	1
6	unsafe	16	15	reset	6	0.26	1
6	unsafe	16	15	reset	7	0.301	1
6	unsafe	16	15	reset	8	0.09	1
6	unsafe	16	15	reset	9	0.09	1
6	unsafe	16	15	reset	10	0.07	1
6	unsafe	16	15	reset	11	0.091	1
6	unsafe	16	15	reset	12	0.161	1
6	unsafe	16	15	reset	13	0.071	1
6	unsafe	16	15	reset	14	0.3	1
6	unsafe	16	15	reset	15	0.16	1
6	unsafe	16	15	reset	16	0.07	1
6	unsafe	16	15	reset	17	0.07	1
6	unsafe	16	15	reset	18	0.08	1
6	unsafe	16	15	reset	19	0.16	1
6	unsafe	16	15	reset	20	0.06	1
6	unsafe	16	15	reset	21	0.07	1
6	unsafe	16	15	reset	22	0.311	1
6	unsafe	16	15	reset	23	0.271	1
6	unsafe	16	15	reset	24	0.1	1
6	unsafe	16	15	reset	25	0.06	1
6	unsafe	16	15	reset	26	0.07	1
6	unsafe	16	15	reset	27	0.07	1
6	unsafe	16	15	reset	28	0.08	1
6	unsafe	16	15	reset	29	0.081	1
6	unsafe	16	15	reset	30	0.08	1
6	unsafe	16	15	reset	31	0.07	1
6	unsafe	16	15	reset	32	0.09	1
6	unsafe	16	15	reset	33	0.071	1
6	unsafe	16	15	reset	34	0.07	1
6	unsafe	16	15	reset	35	0.08	1
6	unsafe	16	15	reset	36	0.07	1
6	unsafe	16	15	reset	37	0.07	1
6	unsafe	16	15	reset	38	0.08	1
6	unsafe	16	15	reset	39	0.08	1
6	unsafe	16	15	reset	40	0.07	1
6	unsafe	16	15	reset	41	0.07	1
6	unsafe	16	15	reset	42	0.08	1
6	unsafe	16	15	reset	43	0.08	1
6	unsafe	16	15	reset	44	0.09	1
6	unsafe	16	15	reset	45	0.08	1
6	unsafe	16	15	reset	46	0.07	1
6	unsafe	16	15	reset	47	0.08	1
6	unsafe	16	15	reset	48	0.071	1
6	unsafe	16	15	reset	49	0.08	1
6	unsafe	16	15	reset	50	0.07	1
6	unsafe	16	15	reset	51	0.07	1
6	unsafe	16	15	reset	52	0.07	1
6	unsafe	16	15	reset	53	0.08	1
6	unsafe	16	15	reset	54	0.08	1
6	unsafe	16	15	reset	55	0.07	1
6	unsafe	16	15	reset	56	0.07	1
6	unsafe	16	15	reset	57	0.09	1
6	unsafe	16	15	reset	58	0.07	1
6	unsafe	16	15	reset	59	0.081	1
6	unsafe	16	15	reset	60	0.08	1
6	unsafe	16	15	reset	61	0.08	1
6	unsafe	16	15	reset	62	0.071	1
6	unsafe	16	15	reset	63	0.08	1
6	unsafe	16	15	reset	64	0.07	1
6	unsafe	16	15	reset	65	0.08	1
6	unsafe	16	15	reset	66	0.081	1
6	unsafe	16	15	reset	67	0.08	1
6	unsafe	16	15	reset	68	0.07	1
6	unsafe	16	15	reset	69	0.08	1
6	unsafe	16	15	reset	70	0.1	1
6	unsafe	16	15	reset	71	0.07	1
6	unsafe	16	15	reset	72	0.09	1
6	unsafe	16	15	reset	73	0.07	1
6	unsafe	16	15	reset	74	0.08	1
6	unsafe	16	15	reset	75	0.07	1
6	unsafe	16	15	reset	76	0.07	1
6	unsafe	16	15	reset	77	0.08	1
6	unsafe	16	15	reset	78	0.06	1
6	unsafe	16	15	reset	79	0.08	1
6	unsafe	16	15	reset	80	0.07	1
6	unsafe	16	15	reset	81	0.08	1
6	unsafe	16	15	reset	82	0.07	1
6	unsafe	16	15	reset	83	0.07	1
6	unsafe	16	15	reset	84	0.07	1
6	unsafe	16	15	reset	85	0.08	1
6	unsafe	16	15	reset	86	0.07	1
6	unsafe	16	15	reset	87	0.071	1
6	unsafe	16	15	reset	88	0.08	1
6	unsafe	16	15	reset	89	0.08	1
6	unsafe	16	15	reset	90	0.08	1
6	unsafe	16	15	reset	91	0.07	1
6	unsafe	16	15	reset	92	0.08	1
6	unsafe	16	15	reset	93	0.07	1
6	unsafe	16	15	reset	94	0.091	1
6	unsafe	16	15	reset	95	0.07	1
6	unsafe	16	15	reset	96	0.07	1
6	unsafe	16	15	reset	97	0.091	1
6	unsafe	16	15	reset	98	0.07	1
6	unsafe	16	15	reset	99	0.07	1
6	unsafe	16	15	reset	100	0.071	1
6	unsafe	16	15	reset	101	0.07	1
6	unsafe	16	15	reset	102	0.08	1
6	unsafe	16	15	reset	103	0.09	1
6	unsafe	16	15	reset	104	0.07	1
6	unsafe	16	15	reset	105	0.07	1
6	unsafe	16	15	reset	106	0.08	1
6	unsafe	16	15	reset	107	0.09	1
6	unsafe	16	15	reset	108	0.08	1
6	unsafe	16	15	reset	109	0.07	1
6	unsafe	16	15	reset	110	0.09	1
6	unsafe	16	15	reset	111	0.07	1
6	unsafe	16	15	reset	112	0.08	1
6	unsafe	16	15	reset	113	0.08	1
6	unsafe	16	15	reset	114	0.08	1
6	unsafe	16	15	reset	115	0.07	1
6	unsafe	16	15	reset	116	0.06	1
6	unsafe	16	15	reset	117	0.07	1
6	unsafe	16	15	reset	118	0.07	1
6	unsafe	16	15	reset	119	0.07	1
6	unsafe	16	15	reset	120	0.071	1
6	unsafe	16	15	reset	121	0.07	1
6	unsafe	16	15	reset	122	0.07	1
6	unsafe	16	15	reset	123	0.07	1
6	unsafe	16	15	reset	124	0.07	1
6	unsafe	16	15	reset	125	0.07	1
6	unsafe	16	15	reset	126	0.08	1
6	unsafe	16	15	reset	127	0.07	1
6	unsafe	16	15	reset	128	0.07	1
6	unsafe	16	15	reset	129	0.08	1
6	unsafe	16	15	reset	130	0.08	1
6	unsafe	16	15	reset	131	0.07	1
6	unsafe	16	15	reset	132	0.07	1
6	unsafe	16	15	reset	133	0.08	1
6	unsafe	16	15	reset	134	0.07	1
6	unsafe	16	15	reset	135	0.07	1
6	unsafe	16	15	reset	136	0.09	1
6	unsafe	16	15	reset	137	0.08	1
6	unsafe	16	15	reset	138	0.07	1
6	unsafe	16	15	reset	139	0.08	1
6	unsafe	16	15	reset	140	0.07	1
6	unsafe	16	15	reset	141	0.07	1
6	unsafe	16	15	reset	142	0.07	1
6	unsafe	16	15	reset	143	0.08	1
6	unsafe	16	15	reset	144	0.07	1
6	unsafe	16	15	reset	145	0.08	1
6	unsafe	16	15	reset	146	0.07	1
6	unsafe	16	15	reset	147	0.1	1
6	unsafe	16	15	reset	148	0.08	1
6	unsafe	16	15	reset	149	0.07	1
6	unsafe	16	15	reset	150	0.07	1
6	unsafe	16	15	reset	151	0.08	1
6	unsafe	16	15	reset	152	0.08	1
6	unsafe	16	15	reset	153	0.09	1
6	unsafe	16	15	reset	154	0.07	1
6	unsafe	16	15	reset	155	0.09	1
6	unsafe	16	15	reset	156	0.07	1
6	unsafe	16	15	reset	157	0.07	1
6	unsafe	16	15	reset	158	0.08	1
6	unsafe	16	15	reset	159	0.08	1
6	unsafe	16	15	reset	160	0.07	1
6	unsafe	16	15	reset	161	0.07	1
6	unsafe	16	15	reset	162	0.07	1
6	unsafe	16	15	reset	163	0.08	1
6	unsafe	16	15	reset	164	0.07	1
6	unsafe	16	15	reset	165	0.08	1
6	unsafe	16	15	reset	166	0.07	1
6	unsafe	16	15	reset	167	0.08	1
6	unsafe	16	15	reset	168	0.07	1
6	unsafe	16	15	reset	169	0.08	1
6	unsafe	16	15	reset	170	0.08	1
6	unsafe	16	15	reset	171	0.06	1
6	unsafe	16	15	reset	172	0.08	1
6	unsafe	16	15	reset	173	0.07	1
6	unsafe	16	15	reset	174	0.091	1
6	unsafe	16	15	reset	175	0.07	1
6	unsafe	16	15	reset	176	0.07	1
6	unsafe	16	15	reset	177	0.08	1
6	unsafe	16	15	reset	178	0.08	1
6	unsafe	16	15	reset	179	0.07	1
6	unsafe	16	15	reset	180	0.07	1
6	unsafe	16	15	reset	181	0.071	1
6	unsafe	16	15	reset	182	0.09	1
6	unsafe	16	15	reset	183	0.071	1
6	unsafe	16	15	reset	184	0.07	1
6	unsafe	16	15	reset	185	0.07	1
6	unsafe	16	15	reset	186	0.08	1
6	unsafe	16	15	reset	187	0.07	1
6	unsafe	16	15	reset	188	0.08	1
6	unsafe	16	15	reset	189	0.07	1
6	unsafe	16	15	reset	190	0.08	1
6	unsafe	16	15	reset	191	0.08	1
6	unsafe	16	15	reset	192	0.071	1
6	unsafe	16	15	reset	193	0.131	1
6	unsafe	16	15	reset	194	0.071	1
6	unsafe	16	15	reset	195	0.09	1
6	unsafe	16	15	reset	196	0.07	1
6	unsafe	16	15	reset	197	0.08	1
6	unsafe	16	15	reset	198	0.07	1
6	unsafe	16	15	reset	199	0.07	1
6	unsafe	16	15	reset	200	0.08	1
6	unsafe	16	15	stall	1	0.0	1
6	unsafe	16	15	stall	2	0.0	1
6	unsafe	16	15	stall	3	0.0	1
6	unsafe	16	15	stall	4	0.0	1
6	unsafe	16	15	stall	5	0.0	1
6	unsafe	16	15	stall	6	0.0	1
6	unsafe	16	15	stall	7	0.0	1
6	unsafe	16	15	stall	8	0.0	1
6	unsafe	16	15	stall	9	0.0	1
6	unsafe	16	15	stall	10	0.0	1
6	unsafe	16	15	stall	11	0.0	1
6	unsafe	16	15	stall	12	0.0	1
6	unsafe	16	15	stall	13	0.0	1
6	unsafe	16	15	stall	14	0.0	1
6	unsafe	16	15	stall	15	0.0	1
6	checked	32	31	reset	1	65.544	0
6	checked	32	31	reset	2	45.265	0
6	checked	32	31	reset	3	45.536	0
6	checked	32	31	reset	4	42.48	0
6	checked	32	31	reset	5	42.089	0
6	checked	32	31	reset	6	42.621	0
6	checked	32	31	reset	7	42.41	0
6	checked	32	31	reset	8	42.871	0
6	checked	32	31	reset	9	42.43	0
6	checked	32	31	reset	10	43.181	0
6	checked	32	31	reset	11	42.42	0
6	checked	32	31	reset	12	41.638	0
6	checked	32	31	reset	13	266.913	0
6	checked	32	31	reset	14	42.861	0
6	checked	32	31	reset	15	43.943	0
6	checked	32	31	reset	16	42.691	0
6	checked	32	31	reset	17	42.49	0
6	checked	32	31	reset	18	44.364	0
6	checked	32	31	reset	19	42.09	0
6	checked	32	31	reset	20	42.04	0
6	checked	32	31	reset	21	42.491	0
6	checked	32	31	reset	22	42.12	0
6	checked	32	31	reset	23	308.322	0
6	checked	32	31	reset	24	225.165	0
6	checked	32	31	reset	25	131.047	0
6	checked	32	31	reset	26	128.272	0
6	checked	32	31	reset	27	123.052	0
6	checked	32	31	reset	28	108.495	0
6	checked	32	31	reset	29	107.282	0
6	checked	32	31	reset	30	112.162	0
6	checked	32	31	reset	31	100.249	0
6	checked	32	31	reset	32	109.847	0
6	checked	32	31	reset	33	127.57	0
6	checked	32	31	reset	34	120.327	0
6	checked	32	31	reset	35	106.091	0
6	checked	32	31	reset	36	113.044	0
6	checked	32	31	reset	37	104.898	0
6	checked	32	31	reset	38	105.189	0
6	checked	32	31	reset	39	107.162	0
6	checked	32	31	reset	40	109.908	0
6	checked	32	31	reset	41	104.567	0
6	checked	32	31	reset	42	102.233	0
6	checked	32	31	reset	43	103.184	0
6	checked	32	31	reset	44	112.822	0
6	checked	32	31	reset	45	120.457	0
6	checked	32	31	reset	46	228.19	0
6	checked	32	31	reset	47	124.865	0
6	checked	32	31	reset	48	101.391	0
6	checked	32	31	reset	49	106.451	0
6	checked	32	31	reset	50	116.41	0
6	checked	32	31	reset	51	197.704	0
6	checked	32	31	reset	52	125.507	0
6	checked	32	31	reset	53	107.423	0
6	checked	32	31	reset	54	127.06	0
6	checked	32	31	reset	55	118.623	0
6	checked	32	31	reset	56	107.744	0
6	checked	32	31	reset	57	99.067	0
6	checked	32	31	reset	58	109.507	0
6	checked	32	31	reset	59	104.407	0
6	checked	32	31	reset	60	104.578	0
6	checked	32	31	reset	61	105.739	0
6	checked	32	31	reset	62	130.005	0
6	checked	32	31	reset	63	124.896	0
6	checked	32	31	reset	64	102.333	0
6	checked	32	31	reset	65	104.006	0
6	checked	32	31	reset	66	119.034	0
6	checked	32	31	reset	67	105.088	0
6	checked	32	31	reset	68	121.539	0
6	checked	32	31	reset	69	3150.435	0
6	checked	32	31	reset	70	119.576	0
6	checked	32	31	reset	71	2396.232	0
6	checked	32	31	reset	72	117.552	0
6	checked	32	31	reset	73	96.562	0
6	checked	32	31	reset	74	105.559	0
6	checked	32	31	reset	75	117.732	0
6	checked	32	31	reset	76	121.239	0
6	checked	32	31	reset	77	103.705	0
6	checked	32	31	reset	78	110.689	0
6	checked	32	31	reset	79	113.996	0
6	checked	32	31	reset	80	121.579	0
6	checked	32	31	reset	81	108.955	0
6	checked	32	31	reset	82	106.16	0
6	checked	32	31	reset	83	113.945	0
6	checked	32	31	reset	84	100.64	0
6	checked	32	31	reset	85	129.745	0
6	checked	32	31	reset	86	99.839	0
6	checked	32	31	reset	87	86.553	0
6	checked	32	31	reset	88	99.027	0
6	checked	32	31	reset	89	89.77	0
6	checked	32	31	reset	90	198.274	0
6	checked	32	31	reset	91	112.934	0
6	checked	32	31	reset	92	115.288	0
6	checked	32	31	reset	93	105.549	0
6	checked	32	31	reset	94	102.133	0
6	checked	32	31	reset	95	118.994	0
6	checked	32	31	reset	96	110.819	0
6	checked	32	31	reset	97	106.211	0
6	checked	32	31	reset	98	100.79	0
6	checked	32	31	reset	99	109.507	0
6	checked	32	31	reset	100	106.211	0
6	checked	32	31	reset	101	180.38	0
6	checked	32	31	reset	102	143.992	0
6	checked	32	31	reset	103	116.741	0
6	checked	32	31	reset	104	114.466	0
6	checked	32	31	reset	105	114.546	0
6	checked	32	31	reset	106	3625.231	0
6	checked	32	31	reset	107	116.34	0
6	checked	32	31	reset	108	108.645	0
6	checked	32	31	reset	109	106.691	0
6	checked	32	31	reset	110	109.757	0
6	checked	32	31	reset	111	137.79	0
6	checked	32	31	reset	112	114.597	0
6	checked	32	31	reset	113	116.66	0
6	checked	32	31	reset	114	102.764	0
6	checked	32	31	reset	115	101.932	0
6	checked	32	31	reset	116	191.481	0
6	checked	32	31	reset	117	106.742	0
6	checked	32	31	reset	118	196.571	0
6	checked	32	31	reset	119	130.807	0
6	checked	32	31	reset	120	116.56	0
6	checked	32	31	reset	121	105.189	0
6	checked	32	31	reset	122	93.396	0
6	checked	32	31	reset	123	116.339	0
6	checked	32	31	reset	124	111.451	0
6	checked	32	31	reset	125	108.855	0
6	checked	32	31	reset	126	103.526	0
6	checked	32	31	reset	127	110.709	0
6	checked	32	31	reset	128	107.062	0
6	checked	32	31	reset	129	110.348	0
6	checked	32	31	reset	130	106.702	0
6	checked	32	31	reset	131	114.075	0
6	checked	32	31	reset	132	104.637	0
6	checked	32	31	reset	133	117.412	0
6	checked	32	31	reset	134	108.315	0
6	checked	32	31	reset	135	89.358	0
6	checked	32	31	reset	136	96.963	0
6	checked	32	31	reset	137	107.113	0
6	checked	32	31	reset	138	102.273	0
6	checked	32	31	reset	139	101.381	0
6	checked	32	31	reset	140	96.372	0
6	checked	32	31	reset	141	111.411	0
6	checked	32	31	reset	142	94.148	0
6	checked	32	31	reset	143	93.937	0
6	checked	32	31	reset	144	96.212	0
6	checked	32	31	reset	145	102.604	0
6	checked	32	31	reset	146	97.233	0
6	checked	32	31	reset	147	106.0	0
6	checked	32	31	reset	148	101.862	0
6	checked	32	31	reset	149	101.612	0
6	checked	32	31	reset	150	104.688	0
6	checked	32	31	reset	151	104.428	0
6	checked	32	31	reset	152	101.872	0
6	checked	32	31	reset	153	106.33	0
6	checked	32	31	reset	154	110.428	0
6	checked	32	31	reset	155	99.718	0
6	checked	32	31	reset	156	104.979	0
6	checked	32	31	reset	157	106.942	0
6	checked	32	31	reset	158	105.229	0
6	checked	32	31	reset	159	92.905	0
6	checked	32	31	reset	160	93.947	0
6	checked	32	31	reset	161	108.365	0
6	checked	32	31	reset	162	97.334	0
6	checked	32	31	reset	163	106.912	0
6	checked	32	31	reset	164	173.457	0
6	checked	32	31	reset	165	104.928	0
6	checked	32	31	reset	166	207.311	0
6	checked	32	31	reset	167	3343.349	0
6	checked	32	31	reset	168	113.514	0
6	checked	32	31	reset	169	109.797	0
6	checked	32	31	reset	170	102.404	0
6	checked	32	31	reset	171	106.44	0
6	checked	32	31	reset	172	194.647	0
6	checked	32	31	reset	173	115.828	0
6	checked	32	31	reset	174	122.521	0
6	checked	32	31	reset	175	107.172	0
6	checked	32	31	reset	176	116.53	0
6	checked	32	31	reset	177	102.013	0
6	checked	32	31	reset	178	99.077	0
6	checked	32	31	reset	179	91.293	0
6	checked	32	31	reset	180	95.601	0
6	checked	32	31	reset	181	94.639	0
6	checked	32	31	reset	182	88.357	0
6	checked	32	31	reset	183	84.529	0
6	checked	32	31	reset	184	84.971	0
6	checked	32	31	reset	185	91.222	0
6	checked	32	31	reset	186	83.327	0
6	checked	32	31	reset	187	83.388	0
6	checked	32	31	reset	188	101.923	0
6	checked	32	31	reset	189	100.62	0
6	checked	32	31	reset	190	498.19	0
6	checked	32	31	reset	191	3191.062	0
6	checked	32	31	reset	192	97.604	0
6	checked	32	31	reset	193	108.284	0
6	checked	32	31	reset	194	107.654	0
6	checked	32	31	reset	195	114.176	0
6	checked	32	31	reset	196	107.332	0
6	checked	32	31	reset	197	114.055	0
6	checked	32	31	reset	198	87.285	0
6	checked	32	31	reset	199	99.488	0
6	checked	32	31	reset	200	90.01	0
6	checked	32	31	stall	1	1098.593	0
6	checked	32	31	stall	2	1708.914	0
6	checked	32	31	stall	3	973.878	0
6	checked	32	31	stall	4	1507.134	0
6	checked	32	31	stall	5	4892.092	0
6	checked	32	31	stall	6	967.816	0
6	checked	32	31	stall	7	1991.358	0
6	checked	32	31	stall	8	1931.655	0
6	checked	32	31	stall	9	974.198	0
6	checked	32	31	stall	10	1797.522	0
6	checked	32	31	stall	11	1829.953	0
6	checked	32	31	stall	12	1806.439	0
6	checked	32	31	stall	13	1708.164	0
6	checked	32	31	stall	14	1094.977	0
6	checked	32	31	stall	15	1834.482	0
6	checked	32	31	stall	16	1581.915	0
6	checked	32	31	stall	17	3331.898	0
6	checked	32	31	stall	18	1812.169	0
6	checked	32	31	stall	19	1326.693	0
6	checked	32	31	stall	20	1045.352	0
6	checked	32	31	stall	21	1919.152	0
6	checked	32	31	stall	22	1625.217	0
6	checked	32	31	stall	23	3610.894	0
6	checked	32	31	stall	24	935.705	0
6	checked	32	31	stall	25	1058.738	0
6	checked	32	31	stall	26	991.33	0
6	checked	32	31	stall	27	1356.559	0
6	checked	32	31	stall	28	984.788	0
6	checked	32	31	stall	29	1086.491	0
6	checked	32	31	stall	30	1012.571	0
6	checked	32	31	stall	31	1513.466	0
6	unsafe	32	31	reset	1	0.221	0
6	unsafe	32	31	reset	2	0.21	0
6	unsafe	32	31	reset	3	0.12	0
6	unsafe	32	31	reset	4	0.131	0
6	unsafe	32	31	reset	5	0.12	0
6	unsafe	32	31	reset	6	0.12	0
6	unsafe	32	31	reset	7	0.12	0
6	unsafe	32	31	reset	8	0.261	0
6	unsafe	32	31	reset	9	0.16	0
6	unsafe	32	31	reset	10	0.12	0
6	unsafe	32	31	reset	11	0.26	0
6	unsafe	32	31	reset	12	0.13	0
6	unsafe	32	31	reset	13	0.13	0
6	unsafe	32	31	reset	14	0.121	0
6	unsafe	32	31	reset	15	0.13	0
6	unsafe	32	31	reset	16	0.171	0
6	unsafe	32	31	reset	17	0.12	0
6	unsafe	32	31	reset	18	0.121	0
6	unsafe	32	31	reset	19	0.13	0
6	unsafe	32	31	reset	20	0.12	0
6	unsafe	32	31	reset	21	0.12	0
6	unsafe	32	31	reset	22	0.12	0
6	unsafe	32	31	reset	23	0.12	0
6	unsafe	32	31	reset	24	0.12	0
6	unsafe	32	31	reset	25	0.12	0
6	unsafe	32	31	reset	26	0.08	0
6	unsafe	32	31	reset	27	0.07	0
6	unsafe	32	31	reset	28	0.1	0
6	unsafe	32	31	reset	29	0.07	0
6	unsafe	32	31	reset	30	0.08	0
6	unsafe	32	31	reset	31	0.071	0
6	unsafe	32	31	reset	32	0.07	0
6	unsafe	32	31	reset	33	0.07	0
6	unsafe	32	31	reset	34	0.08	0
6	unsafe	32	31	reset	35	0.1	0
6	unsafe	32	31	reset	36	4.318	0
6	unsafe	32	31	reset	37	0.081	0
6	unsafe	32	31	reset	38	0.08	0
6	unsafe	32	31	reset	39	0.07	0
6	unsafe	32	31	reset	40	0.08	0
6	unsafe	32	31	reset	41	0.08	0
6	unsafe	32	31	reset	42	0.24	0
6	unsafe	32	31	reset	43	0.07	0
6	unsafe	32	31	reset	44	0.07	0
6	unsafe	32	31	reset	45	0.07	0
6	unsafe	32	31	reset	46	0.1	0
6	unsafe	32	31	reset	47	0.27	0
6	unsafe	32	31	reset	48	0.131	0
6	unsafe	32	31	reset	49	0.13	0
6	unsafe	32	31	reset	50	0.13	0
6	unsafe	32	31	reset	51	0.131	0
6	unsafe	32	31	reset	52	0.131	0
6	unsafe	32	31	reset	53	0.12	0
6	unsafe	32	31	reset	54	0.16	0
6	unsafe	32	31	reset	55	0.131	0
6	unsafe	32	31	reset	56	0.12	0
6	unsafe	32	31	reset	57	0.12	0
6	unsafe	32	31	reset	58	0.13	0
6	unsafe	32	31	reset	59	0.12	0
6	unsafe	32	31	reset	60	0.13	0
6	unsafe	32	31	reset	61	0.131	0
6	unsafe	32	31	reset	62	0.13	0
6	unsafe	32	31	reset	63	0.13	0
6	unsafe	32	31	reset	64	0.131	0
6	unsafe	32	31	reset	65	0.13	0
6	unsafe	32	31	reset	66	0.131	0
6	unsafe	32	31	reset	67	0.13	0
6	unsafe	32	31	reset	68	0.16	0
6	unsafe	32	31	reset	69	0.17	0
6	unsafe	32	31	reset	70	0.12	0
6	unsafe	32	31	reset	71	0.121	0
6	unsafe	32	31	reset	72	0.12	0
6	unsafe	32	31	reset	73	0.13	0
6	unsafe	32	31	reset	74	0.13	0
6	unsafe	32	31	reset	75	0.12	0
6	unsafe	32	31	reset	76	0.131	0
6	unsafe	32	31	reset	77	0.171	0
6	unsafe	32	31	reset	78	0.12	0
6	unsafe	32	31	reset	79	0.12	0
6	unsafe	32	31	reset	80	0.12	0
6	unsafe	32	31	reset	81	0.13	0
6	unsafe	32	31	reset	82	0.13	0
6	unsafe	32	31	reset	83	0.13	0
6	unsafe	32	31	reset	84	0.14	0
6	unsafe	32	31	reset	85	0.16	0
6	unsafe	32	31	reset	86	0.121	0
6	unsafe	32	31	reset	87	0.131	0
6	unsafe	32	31	reset	88	0.12	0
6	unsafe	32	31	reset	89	0.12	0
6	unsafe	32	31	reset	90	0.12	0
6	unsafe	32	31	reset	91	0.14	0
6	unsafe	32	31	reset	92	0.13	0
6	unsafe	32	31	reset	93	0.12	0
6	unsafe	32	31	reset	94	0.12	0
6	unsafe	32	31	reset	95	0.12	0
6	unsafe	32	31	reset	96	0.13	0
6	unsafe	32	31	reset	97	0.13	0
6	unsafe	32	31	reset	98	0.13	0
6	unsafe	32	31	reset	99	0.13	0
6	unsafe	32	31	reset	100	0.121	0
6	unsafe	32	31	reset	101	0.13	0
6	unsafe	32	31	reset	102	0.13	0
6	unsafe	32	31	reset	103	0.13	0
6	unsafe	32	31	reset	104	0.13	0
6	unsafe	32	31	reset	105	0.13	0
6	unsafe	32	31	reset	106	0.13	0
6	unsafe	32	31	reset	107	0.131	0
6	unsafe	32	31	reset	108	0.13	0
6	unsafe	32	31	reset	109	0.13	0
6	unsafe	32	31	reset	110	0.13	0
6	unsafe	32	31	reset	111	0.13	0
6	unsafe	32	31	reset	112	0.121	0
6	unsafe	32	31	reset	113	0.13	0
6	unsafe	32	31	reset	114	0.13	0
6	unsafe	32	31	reset	115	0.13	0
6	unsafe	32	31	reset	116	0.12	0
6	unsafe	32	31	reset	117	0.13	0
6	unsafe	32	31	reset	118	0.12	0
6	unsafe	32	31	reset	119	0.13	0
6	unsafe	32	31	reset	120	0.12	0
6	unsafe	32	31	reset	121	0.151	0
6	unsafe	32	31	reset	122	0.13	0
6	unsafe	32	31	reset	123	0.13	0
6	unsafe	32	31	reset	124	0.131	0
6	unsafe	32	31	reset	125	0.13	0
6	unsafe	32	31	reset	126	0.12	0
6	unsafe	32	31	reset	127	0.13	0
6	unsafe	32	31	reset	128	0.13	0
6	unsafe	32	31	reset	129	0.13	0
6	unsafe	32	31	reset	130	0.13	0
6	unsafe	32	31	reset	131	0.13	0
6	unsafe	32	31	reset	132	0.13	0
6	unsafe	32	31	reset	133	0.121	0
6	unsafe	32	31	reset	134	0.12	0
6	unsafe	32	31	reset	135	0.131	0
6	unsafe	32	31	reset	136	0.131	0
6	unsafe	32	31	reset	137	0.131	0
6	unsafe	32	31	reset	138	0.13	0
6	unsafe	32	31	reset	139	0.121	0
6	unsafe	32	31	reset	140	0.12	0
6	unsafe	32	31	reset	141	0.13	0
6	unsafe	32	31	reset	142	0.13	0
6	unsafe	32	31	reset	143	0.131	0
6	unsafe	32	31	reset	144	0.131	0
6	unsafe	32	31	reset	145	0.12	0
6	unsafe	32	31	reset	146	0.13	0
6	unsafe	32	31	reset	147	0.131	0
6	unsafe	32	31	reset	148	0.13	0
6	unsafe	32	31	reset	149	0.13	0
6	unsafe	32	31	reset	150	0.13	0
6	unsafe	32	31	reset	151	0.13	0
6	unsafe	32	31	reset	152	0.12	0
6	unsafe	32	31	reset	153	0.12	0
6	unsafe	32	31	reset	154	0.12	0
6	unsafe	32	31	reset	155	0.13	0
6	unsafe	32	31	reset	156	0.131	0
6	unsafe	32	31	reset	157	0.12	0
6	unsafe	32	31	reset	158	0.12	0
6	unsafe	32	31	reset	159	0.13	0
6	unsafe	32	31	reset	160	0.13	0
6	unsafe	32	31	reset	161	0.13	0
6	unsafe	32	31	reset	162	0.131	0
6	unsafe	32	31	reset	163	0.12	0
6	unsafe	32	31	reset	164	0.13	0
6	unsafe	32	31	reset	165	0.13	0
6	unsafe	32	31	reset	166	0.131	0
6	unsafe	32	31	reset	167	0.13	0
6	unsafe	32	31	reset	168	0.14	0
6	unsafe	32	31	reset	169	0.131	0
6	unsafe	32	31	reset	170	0.13	0
6	unsafe	32	31	reset	171	0.12	0
6	unsafe	32	31	reset	172	0.13	0
6	unsafe	32	31	reset	173	0.131	0
6	unsafe	32	31	reset	174	0.12	0
6	unsafe	32	31	reset	175	0.12	0
6	unsafe	32	31	reset	176	0.14	0
6	unsafe	32	31	reset	177	0.13	0
6	unsafe	32	31	reset	178	0.13	0
6	unsafe	32	31	reset	179	0.121	0
6	unsafe	32	31	reset	180	0.13	0
6	unsafe	32	31	reset	181	0.141	0
6	unsafe	32	31	reset	182	0.13	0
6	unsafe	32	31	reset	183	0.13	0
6	unsafe	32	31	reset	184	0.13	0
6	unsafe	32	31	reset	185	0.13	0
6	unsafe	32	31	reset	186	0.13	0
6	unsafe	32	31	reset	187	0.13	0
6	unsafe	32	31	reset	188	0.171	0
6	unsafe	32	31	reset	189	0.13	0
6	unsafe	32	31	reset	190	0.12	0
6	unsafe	32	31	reset	191	0.131	0
6	unsafe	32	31	reset	192	0.131	0
6	unsafe	32	31	reset	193	0.13	0
6	unsafe	32	31	reset	194	0.14	0
6	unsafe	32	31	reset	195	0.13	0
6	unsafe	32	31	reset	196	0.121	0
6	unsafe	32	31	reset	197	0.13	0
6	unsafe	32	31	reset	198	0.14	0
6	unsafe	32	31	reset	199	0.121	0
6	unsafe	32	31	reset	200	0.13	0
6	unsafe	32	31	stall	1	0.0	0
6	unsafe	32	31	stall	2	0.0	0
6	unsafe	32	31	stall	3	0.0	0
6	unsafe	32	31	stall	4	0.0	0
6	unsafe	32	31	stall	5	0.0	0
6	unsafe	32	31	stall	6	0.0	0
6	unsafe	32	31	stall	7	0.0	0
6	unsafe	32	31	stall	8	0.0	0
6	unsafe	32	31	stall	9	3003.768	0
6	unsafe	32	31	stall	10	0.0	0
6	unsafe	32	31	stall	11	1291.978	0
6	unsafe	32	31	stall	12	0.0	0
6	unsafe	32	31	stall	13	3002.907	0
6	unsafe	32	31	stall	14	3003.137	0
6	unsafe	32	31	stall	15	0.0	0
6	unsafe	32	31	stall	16	0.0	0
6	unsafe	32	31	stall	17	3003.578	0
6	unsafe	32	31	stall	18	0.0	0
6	unsafe	32	31	stall	19	0.0	0
6	unsafe	32	31	stall	20	0.0	0
6	unsafe	32	31	stall	21	0.0	0
6	unsafe	32	31	stall	22	4003.234	0
6	unsafe	32	31	stall	23	0.0	0
6	unsafe	32	31	stall	24	0.0	0
6	unsafe	32	31	stall	25	4002.643	0
6	unsafe	32	31	stall	26	5004.424	0
6	unsafe	32	31	stall	27	0.0	0
6	unsafe	32	31	stall	28	0.0	0
6	unsafe	32	31	stall	29	0.0	0
6	unsafe	32	31	stall	30	4003.194	0
6	unsafe	32	31	stall	31	0.0	0
7	checked	1	0	reset	1	29.415	0
7	checked	1	0	reset	2	27.312	0
7	checked	1	0	reset	3	26.63	0
7	checked	1	0	reset	4	26.781	0
7	checked	1	0	reset	5	26.991	0
7	checked	1	0	reset	6	26.57	0
7	checked	1	0	reset	7	26.92	0
7	checked	1	0	reset	8	26.951	0
7	checked	1	0	reset	9	29.897	0
7	checked	1	0	reset	10	26.91	0
7	checked	1	0	reset	11	26.821	0
7	checked	1	0	reset	12	26.741	0
7	checked	1	0	reset	13	26.67	0
7	checked	1	0	reset	14	26.991	0
7	checked	1	0	reset	15	26.79	0
7	checked	1	0	reset	16	27.111	0
7	checked	1	0	reset	17	27.933	0
7	checked	1	0	reset	18	32.17	0
7	checked	1	0	reset	19	27.552	0
7	checked	1	0	reset	20	27.242	0
7	checked	1	0	reset	21	27.172	0
7	checked	1	0	reset	22	27.222	0
7	checked	1	0	reset	23	26.831	0
7	checked	1	0	reset	24	26.881	0
7	checked	1	0	reset	25	27.081	0
7	checked	1	0	reset	26	27.121	0
7	checked	1	0	reset	27	32.671	0
7	checked	1	0	reset	28	26.761	0
7	checked	1	0	reset	29	26.44	0
7	checked	1	0	reset	30	26.7	0
7	checked	1	0	reset	31	26.721	0
7	checked	1	0	reset	32	26.63	0
7	checked	1	0	reset	33	26.64	0
7	checked	1	0	reset	34	26.721	0
7	checked	1	0	reset	35	26.43	0
7	checked	1	0	reset	36	31.049	0
7	checked	1	0	reset	37	26.63	0
7	checked	1	0	reset	38	27.802	0
7	checked	1	0	reset	39	26.56	0
7	checked	1	0	reset	40	26.71	0
7	checked	1	0	reset	41	26.851	0
7	checked	1	0	reset	42	38.854	0
7	checked	1	0	reset	43	26.6	0
7	checked	1	0	reset	44	26.691	0
7	checked	1	0	reset	45	26.931	0
7	checked	1	0	reset	46	26.45	0
7	checked	1	0	reset	47	26.41	0
7	checked	1	0	reset	48	26.651	0
7	checked	1	0	reset	49	27.282	0
7	checked	1	0	reset	50	27.552	0
7	checked	1	0	reset	51	27.272	0
7	checked	1	0	reset	52	27.442	0
7	checked	1	0	reset	53	27.131	0
7	checked	1	0	reset	54	27.281	0
7	checked	1	0	reset	55	27.191	0
7	checked	1	0	reset	56	27.172	0
7	checked	1	0	reset	57	26.721	0
7	checked	1	0	reset	58	26.81	0
7	checked	1	0	reset	59	26.851	0
7	checked	1	0	reset	60	26.61	0
7	checked	1	0	reset	61	26.51	0
7	checked	1	0	reset	62	27.041	0
7	checked	1	0	reset	63	26.721	0
7	checked	1	0	reset	64	26.771	0
7	checked	1	0	reset	65	27.121	0
7	checked	1	0	reset	66	26.55	0
7	checked	1	0	reset	67	26.931	0
7	checked	1	0	reset	68	26.751	0
7	checked	1	0	reset	69	26.551	0
7	checked	1	0	reset	70	27.141	0
7	checked	1	0	reset	71	26.67	0
7	checked	1	0	reset	72	26.76	0
7	checked	1	0	reset	73	26.62	0
7	checked	1	0	reset	74	26.741	0
7	checked	1	0	reset	75	26.611	0
7	checked	1	0	reset	76	26.72	0
7	checked	1	0	reset	77	26.6	0
7	checked	1	0	reset	78	26.6	0
7	checked	1	0	reset	79	26.791	0
7	checked	1	0	reset	80	26.72	0
7	checked	1	0	reset	81	26.71	0
7	checked	1	0	reset	82	26.58	0
7	checked	1	0	reset	83	26.5	0
7	checked	1	0	reset	84	26.761	0
7	checked	1	0	reset	85	26.831	0
7	checked	1	0	reset	86	26.8	0
7	checked	1	0	reset	87	27.031	0
7	checked	1	0	reset	88	26.671	0
7	checked	1	0	reset	89	26.64	0
7	checked	1	0	reset	90	26.721	0
7	checked	1	0	reset	91	26.77	0
7	checked	1	0	reset	92	26.67	0
7	checked	1	0	reset	93	30.157	0
7	checked	1	0	reset	94	27.372	0
7	checked	1	0	reset	95	26.56	0
7	checked	1	0	reset	96	27.041	0
7	checked	1	0	reset	97	26.63	0
7	checked	1	0	reset	98	26.721	0
7	checked	1	0	reset	99	26.831	0
7	checked	1	0	reset	100	26.82	0
7	checked	1	0	reset	101	26.59	0
7	checked	1	0	reset	102	27.502	0
7	checked	1	0	reset	103	28.093	0
7	checked	1	0	reset	104	27.502	0
7	checked	1	0	reset	105	27.852	0
7	checked	1	0	reset	106	27.602	0
7	checked	1	0	reset	107	27.091	0
7	checked	1	0	reset	108	27.852	0
7	checked	1	0	reset	109	27.031	0
7	checked	1	0	reset	110	27.512	0
7	checked	1	0	reset	111	27.321	0
7	checked	1	0	reset	112	27.352	0
7	checked	1	0	reset	113	26.75	0
7	checked	1	0	reset	114	26.871	0
7	checked	1	0	reset	115	26.6	0
7	checked	1	0	reset	116	35.928	0
7	checked	1	0	reset	117	26.58	0
7	checked	1	0	reset	118	26.841	0
7	checked	1	0	reset	119	26.661	0
7	checked	1	0	reset	120	26.7	0
7	checked	1	0	reset	121	26.71	0
7	checked	1	0	reset	122	26.7	0
7	checked	1	0	reset	123	26.871	0
7	checked	1	0	reset	124	26.901	0
7	checked	1	0	reset	125	26.981	0
7	checked	1	0	reset	126	26.73	0
7	checked	1	0	reset	127	26.57	0
7	checked	1	0	reset	128	26.671	0
7	checked	1	0	reset	129	26.57	0
7	checked	1	0	reset	130	26.74	0
7	checked	1	0	reset	131	26.46	0
7	checked	1	0	reset	132	26.791	0
7	checked	1	0	reset	133	26.781	0
7	checked	1	0	reset	134	26.941	0
7	checked	1	0	reset	135	26.56	0
7	checked	1	0	reset	136	26.751	0
7	checked	1	0	reset	137	26.65	0
7	checked	1	0	reset	138	26.72	0
7	checked	1	0	reset	139	26.72	0
7	checked	1	0	reset	140	26.76	0
7	checked	1	0	reset	141	27.572	0
7	checked	1	0	reset	142	27.041	0
7	checked	1	0	reset	143	26.801	0
7	checked	1	0	reset	144	26.66	0
7	checked	1	0	reset	145	28.133	0
7	checked	1	0	reset	146	26.711	0
7	checked	1	0	reset	147	26.62	0
7	checked	1	0	reset	148	26.871	0
7	checked	1	0	reset	149	26.65	0
7	checked	1	0	reset	150	26.721	0
7	checked	1	0	reset	151	26.59	0
7	checked	1	0	reset	152	27.051	0
7	checked	1	0	reset	153	26.761	0
7	checked	1	0	reset	154	26.73	0
7	checked	1	0	reset	155	26.68	0
7	checked	1	0	reset	156	26.65	0
7	checked	1	0	reset	157	26.61	0
7	checked	1	0	reset	158	26.791	0
7	checked	1	0	reset	159	26.54	0
7	checked	1	0	reset	160	26.681	0
7	checked	1	0	reset	161	26.651	0
7	checked	1	0	reset	162	26.71	0
7	checked	1	0	reset	163	26.51	0
7	checked	1	0	reset	164	26.67	0
7	checked	1	0	reset	165	26.79	0
7	checked	1	0	reset	166	26.7	0
7	checked	1	0	reset	167	26.61	0
7	checked	1	0	reset	168	26.64	0
7	checked	1	0	reset	169	26.67	0
7	checked	1	0	reset	170	26.751	0
7	checked	1	0	reset	171	26.61	0
7	checked	1	0	reset	172	26.761	0
7	checked	1	0	reset	173	26.841	0
7	checked	1	0	reset	174	26.711	0
7	checked	1	0	reset	175	26.62	0
7	checked	1	0	reset	176	26.661	0
7	checked	1	0	reset	177	26.65	0
7	checked	1	0	reset	178	26.8	0
7	checked	1	0	reset	179	26.65	0
7	checked	1	0	reset	180	26.871	0
7	checked	1	0	reset	181	26.58	0
7	checked	1	0	reset	182	26.661	0
7	checked	1	0	reset	183	28.174	0
7	checked	1	0	reset	184	26.88	0
7	checked	1	0	reset	185	26.56	0
7	checked	1	0	reset	186	26.851	0
7	checked	1	0	reset	187	26.74	0
7	checked	1	0	reset	188	26.69	0
7	checked	1	0	reset	189	26.55	0
7	checked	1	0	reset	190	26.831	0
7	checked	1	0	reset	191	26.67	0
7	checked	1	0	reset	192	27.833	0
7	checked	1	0	reset	193	26.68	0
7	checked	1	0	reset	194	26.72	0
7	checked	1	0	reset	195	26.66	0
7	checked	1	0	reset	196	26.89	0
7	checked	1	0	reset	197	26.7	0
7	checked	1	0	reset	198	26.76	0
7	checked	1	0	reset	199	26.67	0
7	checked	1	0	reset	200	26.63	0
7	unsafe	1	0	reset	1	0.14	0
7	unsafe	1	0	reset	2	0.201	0
7	unsafe	1	0	reset	3	0.07	0
7	unsafe	1	0	reset	4	0.13	0
7	unsafe	1	0	reset	5	0.131	0
7	unsafe	1	0	reset	6	0.06	0
7	unsafe	1	0	reset	7	0.13	0
7	unsafe	1	0	reset	8	0.06	0
7	unsafe	1	0	reset	9	0.13	0
7	unsafe	1	0	reset	10	0.131	0
7	unsafe	1	0	reset	11	0.07	0
7	unsafe	1	0	reset	12	0.07	0
7	unsafe	1	0	reset	13	0.06	0
7	unsafe	1	0	reset	14	0.061	0
7	unsafe	1	0	reset	15	0.071	0
7	unsafe	1	0	reset	16	0.08	0
7	unsafe	1	0	reset	17	0.07	0
7	unsafe	1	0	reset	18	0.08	0
7	unsafe	1	0	reset	19	0.08	0
7	unsafe	1	0	reset	20	0.07	0
7	unsafe	1	0	reset	21	0.07	0
7	unsafe	1	0	reset	22	0.07	0
7	unsafe	1	0	reset	23	0.09	0
7	unsafe	1	0	reset	24	0.07	0
7	unsafe	1	0	reset	25	0.08	0
7	unsafe	1	0	reset	26	0.07	0
7	unsafe	1	0	reset	27	0.07	0
7	unsafe	1	0	reset	28	0.071	0
7	unsafe	1	0	reset	29	0.07	0
7	unsafe	1	0	reset	30	0.11	0
7	unsafe	1	0	reset	31	0.07	0
7	unsafe	1	0	reset	32	0.07	0
7	unsafe	1	0	reset	33	0.08	0
7	unsafe	1	0	reset	34	0.09	0
7	unsafe	1	0	reset	35	0.07	0
7	unsafe	1	0	reset	36	0.07	0
7	unsafe	1	0	reset	37	0.07	0
7	unsafe	1	0	reset	38	0.07	0
7	unsafe	1	0	reset	39	0.08	0
7	unsafe	1	0	reset	40	0.07	0
7	unsafe	1	0	reset	41	0.08	0
7	unsafe	1	0	reset	42	0.081	0
7	unsafe	1	0	reset	43	0.07	0
7	unsafe	1	0	reset	44	0.07	0
7	unsafe	1	0	reset	45	0.09	0
7	unsafe	1	0	reset	46	0.071	0
7	unsafe	1	0	reset	47	0.07	0
7	unsafe	1	0	reset	48	0.07	0
7	unsafe	1	0	reset	49	0.07	0
7	unsafe	1	0	reset	50	0.08	0
7	unsafe	1	0	reset	51	0.08	0
7	unsafe	1	0	reset	52	0.08	0
7	unsafe	1	0	reset	53	0.07	0
7	unsafe	1	0	reset	54	0.071	0
7	unsafe	1	0	reset	55	0.08	0
7	unsafe	1	0	reset	56	0.07	0
7	unsafe	1	0	reset	57	0.07	0
7	unsafe	1	0	reset	58	0.07	0
7	unsafe	1	0	reset	59	0.08	0
7	unsafe	1	0	reset	60	0.07	0
7	unsafe	1	0	reset	61	0.07	0
7	unsafe	1	0	reset	62	0.07	0
7	unsafe	1	0	reset	63	0.07	0
7	unsafe	1	0	reset	64	0.07	0
7	unsafe	1	0	reset	65	0.07	0
7	unsafe	1	0	reset	66	0.06	0
7	unsafe	1	0	reset	67	0.07	0
7	unsafe	1	0	reset	68	0.09	0
7	unsafe	1	0	reset	69	0.08	0
7	unsafe	1	0	reset	70	0.07	0
7	unsafe	1	0	reset	71	0.07	0
7	unsafe	1	0	reset	72	0.07	0
7	unsafe	1	0	reset	73	0.071	0
7	unsafe	1	0	reset	74	0.07	0
7	unsafe	1	0	reset	75	0.08	0
7	unsafe	1	0	reset	76	0.07	0
7	unsafe	1	0	reset	77	0.08	0
7	unsafe	1	0	reset	78	0.071	0
7	unsafe	1	0	reset	79	0.07	0
7	unsafe	1	0	reset	80	0.11	0
7	unsafe	1	0	reset	81	0.07	0
7	unsafe	1	0	reset	82	0.08	0
7	unsafe	1	0	reset	83	0.07	0
7	unsafe	1	0	reset	84	0.08	0
7	unsafe	1	0	reset	85	0.08	0
7	unsafe	1	0	reset	86	0.07	0
7	unsafe	1	0	reset	87	0.07	0
7	unsafe	1	0	reset	88	0.081	0
7	unsafe	1	0	reset	89	0.07	0
7	unsafe	1	0	reset	90	0.07	0
7	unsafe	1	0	reset	91	0.07	0
7	unsafe	1	0	reset	92	0.07	0
7	unsafe	1	0	reset	93	0.08	0
7	unsafe	1	0	reset	94	0.071	0
7	unsafe	1	0	reset	95	0.081	0
7	unsafe	1	0	reset	96	0.07	0
7	unsafe	1	0	reset	97	0.07	0
7	unsafe	1	0	reset	98	0.08	0
7	unsafe	1	0	reset	99	0.07	0
7	unsafe	1	0	reset	100	0.07	0
7	unsafe	1	0	reset	101	0.07	0
7	unsafe	1	0	reset	102	0.07	0
7	unsafe	1	0	reset	103	0.08	0
7	unsafe	1	0	reset	104	0.071	0
7	unsafe	1	0	reset	105	0.07	0
7	unsafe	1	0	reset	106	0.07	0
7	unsafe	1	0	reset	107	0.07	0
7	unsafe	1	0	reset	108	0.07	0
7	unsafe	1	0	reset	109	0.07	0
7	unsafe	1	0	reset	110	0.07	0
7	unsafe	1	0	reset	111	0.07	0
7	unsafe	1	0	reset	112	0.06	0
7	unsafe	1	0	reset	113	0.07	0
7	unsafe	1	0	reset	114	0.07	0
7	unsafe	1	0	reset	115	0.07	0
7	unsafe	1	0	reset	116	0.07	0
7	unsafe	1	0	reset	117	0.07	0
7	unsafe	1	0	reset	118	0.07	0
7	unsafe	1	0	reset	119	0.07	0
7	unsafe	1	0	reset	120	0.08	0
7	unsafe	1	0	reset	121	0.07	0
7	unsafe	1	0	reset	122	0.08	0
7	unsafe	1	0	reset	123	0.07	0
7	unsafe	1	0	reset	124	0.08	0
7	unsafe	1	0	reset	125	0.08	0
7	unsafe	1	0	reset	126	0.07	0
7	unsafe	1	0	reset	127	0.071	0
7	unsafe	1	0	reset	128	0.081	0
7	unsafe	1	0	reset	129	0.08	0
7	unsafe	1	0	reset	130	0.07	0
7	unsafe	1	0	reset	131	0.07	0
7	unsafe	1	0	reset	132	0.07	0
7	unsafe	1	0	reset	133	0.08	0
7	unsafe	1	0	reset	134	0.07	0
7	unsafe	1	0	reset	135	0.08	0
7	unsafe	1	0	reset	136	0.07	0
7	unsafe	1	0	reset	137	0.071	0
7	unsafe	1	0	reset	138	0.07	0
7	unsafe	1	0	reset	139	0.08	0
7	unsafe	1	0	reset	140	0.07	0
7	unsafe	1	0	reset	141	0.071	0
7	unsafe	1	0	reset	142	0.07	0
7	unsafe	1	0	reset	143	0.071	0
7	unsafe	1	0	reset	144	0.08	0
7	unsafe	1	0	reset	145	0.111	0
7	unsafe	1	0	reset	146	0.07	0
7	unsafe	1	0	reset	147	0.07	0
7	unsafe	1	0	reset	148	0.07	0
7	unsafe	1	0	reset	149	0.08	0
7	unsafe	1	0	reset	150	0.071	0
7	unsafe	1	0	reset	151	0.07	0
7	unsafe	1	0	reset	152	0.07	0
7	unsafe	1	0	reset	153	0.081	0
7	unsafe	1	0	reset	154	0.07	0
7	unsafe	1	0	reset	155	0.07	0
7	unsafe	1	0	reset	156	0.081	0
7	unsafe	1	0	reset	157	0.06	0
7	unsafe	1	0	reset	158	0.081	0
7	unsafe	1	0	reset	159	0.07	0
7	unsafe	1	0	reset	160	0.081	0
7	unsafe	1	0	reset	161	0.12	0
7	unsafe	1	0	reset	162	0.07	0
7	unsafe	1	0	reset	163	0.08	0
7	unsafe	1	0	reset	164	0.07	0
7	unsafe	1	0	reset	165	0.08	0
7	unsafe	1	0	reset	166	0.08	0
7	unsafe	1	0	reset	167	0.09	0
7	unsafe	1	0	reset	168	0.08	0
7	unsafe	1	0	reset	169	0.07	0
7	unsafe	1	0	reset	170	0.08	0
7	unsafe	1	0	reset	171	0.071	0
7	unsafe	1	0	reset	172	0.08	0
7	unsafe	1	0	reset	173	0.071	0
7	unsafe	1	0	reset	174	0.071	0
7	unsafe	1	0	reset	175	0.07	0
7	unsafe	1	0	reset	176	0.07	0
7	unsafe	1	0	reset	177	0.07	0
7	unsafe	1	0	reset	178	0.07	0
7	unsafe	1	0	reset	179	0.07	0
7	unsafe	1	0	reset	180	0.08	0
7	unsafe	1	0	reset	181	0.08	0
7	unsafe	1	0	reset	182	0.08	0
7	unsafe	1	0	reset	183	0.081	0
7	unsafe	1	0	reset	184	0.07	0
7	unsafe	1	0	reset	185	0.08	0
7	unsafe	1	0	reset	186	0.081	0
7	unsafe	1	0	reset	187	0.08	0
7	unsafe	1	0	reset	188	0.07	0
7	unsafe	1	0	reset	189	0.07	0
7	unsafe	1	0	reset	190	0.071	0
7	unsafe	1	0	reset	191	0.071	0
7	unsafe	1	0	reset	192	0.07	0
7	unsafe	1	0	reset	193	0.09	0
7	unsafe	1	0	reset	194	0.07	0
7	unsafe	1	0	reset	195	0.08	0
7	unsafe	1	0	reset	196	0.08	0
7	unsafe	1	0	reset	197	0.07	0
7	unsafe	1	0	reset	198	0.07	0
7	unsafe	1	0	reset	199	0.07	0
7	unsafe	1	0	reset	200	0.08	0
7	checked	4	3	reset	1	64.252	0
7	checked	4	3	reset	2	59.552	0
7	checked	4	3	reset	3	50.977	0
7	checked	4	3	reset	4	50.476	0
7	checked	4	3	reset	5	135.826	0
7	checked	4	3	reset	6	36.108	0
7	checked	4	3	reset	7	32.542	0
7	checked	4	3	reset	8	36.82	0
7	checked	4	3	reset	9	32.782	0
7	checked	4	3	reset	10	33.062	0
7	checked	4	3	reset	11	33.403	0
7	checked	4	3	reset	12	32.852	0
7	checked	4	3	reset	13	33.343	0
7	checked	4	3	reset	14	44.283	0
7	checked	4	3	reset	15	37.971	0
7	checked	4	3	reset	16	32.491	0
7	checked	4	3	reset	17	32.491	0
7	checked	4	3	reset	18	32.962	0
7	checked	4	3	reset	19	32.581	0
7	checked	4	3	reset	20	32.772	0
7	checked	4	3	reset	21	31.179	0
7	checked	4	3	reset	22	30.387	0
7	checked	4	3	reset	23	47.319	0
7	checked	4	3	reset	24	56.937	0
7	checked	4	3	reset	25	43.593	0
7	checked	4	3	reset	26	41.759	0
7	checked	4	3	reset	27	37.561	0
7	checked	4	3	reset	28	38.463	0
7	checked	4	3	reset	29	37.771	0
7	checked	4	3	reset	30	39.024	0
7	checked	4	3	reset	31	38.904	0
7	checked	4	3	reset	32	38.613	0
7	checked	4	3	reset	33	39.826	0
7	checked	4	3	reset	34	42.129	0
7	checked	4	3	reset	35	40.327	0
7	checked	4	3	reset	36	60.814	0
7	checked	4	3	reset	37	40.426	0
7	checked	4	3	reset	38	47.359	0
7	checked	4	3	reset	39	40.957	0
7	checked	4	3	reset	40	41.118	0
7	checked	4	3	reset	41	39.334	0
7	checked	4	3	reset	42	40.306	0
7	checked	4	3	reset	43	40.396	0
7	checked	4	3	reset	44	37.47	0
7	checked	4	3	reset	45	39.284	0
7	checked	4	3	reset	46	39.264	0
7	checked	4	3	reset	47	39.745	0
7	checked	4	3	reset	48	40.125	0
7	checked	4	3	reset	49	42.26	0
7	checked	4	3	reset	50	40.567	0
7	checked	4	3	reset	51	40.637	0
7	checked	4	3	reset	52	40.707	0
7	checked	4	3	reset	53	38.623	0
7	checked	4	3	reset	54	41.578	0
7	checked	4	3	reset	55	39.575	0
7	checked	4	3	reset	56	53.331	0
7	checked	4	3	reset	57	43.923	0
7	checked	4	3	reset	58	41.869	0
7	checked	4	3	reset	59	42.169	0
7	checked	4	3	reset	60	41.558	0
7	checked	4	3	reset	61	38.643	0
7	checked	4	3	reset	62	49.764	0
7	checked	4	3	reset	63	40.336	0
7	checked	4	3	reset	64	40.366	0
7	checked	4	3	reset	65	38.593	0
7	checked	4	3	reset	66	39.715	0
7	checked	4	3	reset	67	39.224	0
7	checked	4	3	reset	68	40.166	0
7	checked	4	3	reset	69	40.096	0
7	checked	4	3	reset	70	39.344	0
7	checked	4	3	reset	71	39.535	0
7	checked	4	3	reset	72	40.246	0
7	checked	4	3	reset	73	40.757	0
7	checked	4	3	reset	74	41.388	0
7	checked	4	3	reset	75	40.336	0
7	checked	4	3	reset	76	39.374	0
7	checked	4	3	reset	77	43.061	0
7	checked	4	3	reset	78	39.725	0
7	checked	4	3	reset	79	39.575	0
7	checked	4	3	reset	80	39.043	0
7	checked	4	3	reset	81	39.424	0
7	checked	4	3	reset	82	39.134	0
7	checked	4	3	reset	83	39.675	0
7	checked	4	3	reset	84	38.833	0
7	checked	4	3	reset	85	39.284	0
7	checked	4	3	reset	86	39.735	0
7	checked	4	3	reset	87	39.694	0
7	checked	4	3	reset	88	40.216	0
7	checked	4	3	reset	89	39.414	0
7	checked	4	3	reset	90	41.819	0
7	checked	4	3	reset	91	39.405	0
7	checked	4	3	reset	92	39.905	0
7	checked	4	3	reset	93	39.575	0
7	checked	4	3	reset	94	39.294	0
7	checked	4	3	reset	95	39.735	0
7	checked	4	3	reset	96	40.006	0
7	checked	4	3	reset	97	40.807	0
7	checked	4	3	reset	98	39.856	0
7	checked	4	3	reset	99	38.864	0
7	checked	4	3	reset	100	38.913	0
7	checked	4	3	reset	101	41.91	0
7	checked	4	3	reset	102	39.554	0
7	checked	4	3	reset	103	40.557	0
7	checked	4	3	reset	104	41.228	0
7	checked	4	3	reset	105	39.014	0
7	checked	4	3	reset	106	40.135	0
7	checked	4	3	reset	107	38.984	0
7	checked	4	3	reset	108	39.013	0
7	checked	4	3	reset	109	40.927	0
7	checked	4	3	reset	110	40.707	0
7	checked	4	3	reset	111	41.769	0
7	checked	4	3	reset	112	40.727	0
7	checked	4	3	reset	113	41.188	0
7	checked	4	3	reset	114	42.961	0
7	checked	4	3	reset	115	39.644	0
7	checked	4	3	reset	116	40.216	0
7	checked	4	3	reset	117	40.326	0
7	checked	4	3	reset	118	41.067	0
7	checked	4	3	reset	119	42.711	0
7	checked	4	3	reset	120	40.286	0
7	checked	4	3	reset	121	39.655	0
7	checked	4	3	reset	122	44.824	0
7	checked	4	3	reset	123	38.904	0
7	checked	4	3	reset	124	39.324	0
7	checked	4	3	reset	125	40.637	0
7	checked	4	3	reset	126	39.384	0
7	checked	4	3	reset	127	40.467	0
7	checked	4	3	reset	128	38.492	0
7	checked	4	3	reset	129	38.472	0
7	checked	4	3	reset	130	47.389	0
7	checked	4	3	reset	131	38.082	0
7	checked	4	3	reset	132	35.167	0
7	checked	4	3	reset	133	34.174	0
7	checked	4	3	reset	134	35.678	0
7	checked	4	3	reset	135	34.024	0
7	checked	4	3	reset	136	33.784	0
7	checked	4	3	reset	137	34.796	0
7	checked	4	3	reset	138	36.028	0
7	checked	4	3	reset	139	34.085	0
7	checked	4	3	reset	140	34.015	0
7	checked	4	3	reset	141	37.401	0
7	checked	4	3	reset	142	34.876	0
7	checked	4	3	reset	143	34.455	0
7	checked	4	3	reset	144	35.447	0
7	checked	4	3	reset	145	34.204	0
7	checked	4	3	reset	146	35.127	0
7	checked	4	3	reset	147	34.746	0
7	checked	4	3	reset	148	36.569	0
7	checked	4	3	reset	149	38.192	0
7	checked	4	3	reset	150	36.239	0
7	checked	4	3	reset	151	34.505	0
7	checked	4	3	reset	152	34.905	0
7	checked	4	3	reset	153	36.228	0
7	checked	4	3	reset	154	36.74	0
7	checked	4	3	reset	155	35.147	0
7	checked	4	3	reset	156	36.739	0
7	checked	4	3	reset	157	34.646	0
7	checked	4	3	reset	158	36.649	0
7	checked	4	3	reset	159	35.677	0
7	checked	4	3	reset	160	39.405	0
7	checked	4	3	reset	161	35.668	0
7	checked	4	3	reset	162	35.718	0
7	checked	4	3	reset	163	34.515	0
7	checked	4	3	reset	164	35.777	0
7	checked	4	3	reset	165	34.866	0
7	checked	4	3	reset	166	35.166	0
7	checked	4	3	reset	167	35.757	0
7	checked	4	3	reset	168	34.786	0
7	checked	4	3	reset	169	36.179	0
7	checked	4	3	reset	170	35.396	0
7	checked	4	3	reset	171	37.03	0
7	checked	4	3	reset	172	35.657	0
7	checked	4	3	reset	173	35.467	0
7	checked	4	3	reset	174	33.984	0
7	checked	4	3	reset	175	34.515	0
7	checked	4	3	reset	176	34.526	0
7	checked	4	3	reset	177	33.152	0
7	checked	4	3	reset	178	33.773	0
7	checked	4	3	reset	179	33.293	0
7	checked	4	3	reset	180	34.244	0
7	checked	4	3	reset	181	34.716	0
7	checked	4	3	reset	182	37.721	0
7	checked	4	3	reset	183	35.186	0
7	checked	4	3	reset	184	33.945	0
7	checked	4	3	reset	185	35.637	0
7	checked	4	3	reset	186	33.924	0
7	checked	4	3	reset	187	34.285	0
7	checked	4	3	reset	188	34.705	0
7	checked	4	3	reset	189	34.064	0
7	checked	4	3	reset	190	34.706	0
7	checked	4	3	reset	191	34.294	0
7	checked	4	3	reset	192	33.643	0
7	checked	4	3	reset	193	37.471	0
7	checked	4	3	reset	194	35.788	0
7	checked	4	3	reset	195	33.403	0
7	checked	4	3	reset	196	34.375	0
7	checked	4	3	reset	197	35.067	0
7	checked	4	3	reset	198	36.319	0
7	checked	4	3	reset	199	34.585	0
7	checked	4	3	reset	200	35.026	0
7	checked	4	3	stall	1	57.218	0
7	checked	4	3	stall	2	84.65	0
7	checked	4	3	stall	3	60.615	0
7	unsafe	4	3	reset	1	0.27	0
7	unsafe	4	3	reset	2	0.19	0
7	unsafe	4	3	reset	3	0.08	0
7	unsafe	4	3	reset	4	0.08	0
7	unsafe	4	3	reset	5	0.08	0
7	unsafe	4	3	reset	6	0.151	0
7	unsafe	4	3	reset	7	0.321	0
7	unsafe	4	3	reset	8	0.07	0
7	unsafe	4	3	reset	9	0.08	0
7	unsafe	4	3	reset	10	0.08	0
7	unsafe	4	3	reset	11	0.16	0
7	unsafe	4	3	reset	12	0.12	0
7	unsafe	4	3	reset	13	0.291	0
7	unsafe	4	3	reset	14	0.301	0
7	unsafe	4	3	reset	15	0.07	0
7	unsafe	4	3	reset	16	0.171	0
7	unsafe	4	3	reset	17	0.171	0
7	unsafe	4	3	reset	18	0.07	0
7	unsafe	4	3	reset	19	0.15	0
7	unsafe	4	3	reset	20	0.081	0
7	unsafe	4	3	reset	21	0.31	0
7	unsafe	4	3	reset	22	0.491	0
7	unsafe	4	3	reset	23	0.09	0
7	unsafe	4	3	reset	24	0.07	0
7	unsafe	4	3	reset	25	0.27	0
7	unsafe	4	3	reset	26	0.331	0
7	unsafe	4	3	reset	27	0.08	0
7	unsafe	4	3	reset	28	0.07	0
7	unsafe	4	3	reset	29	0.071	0
7	unsafe	4	3	reset	30	0.08	0
7	unsafe	4	3	reset	31	0.07	0
7	unsafe	4	3	reset	32	0.07	0
7	unsafe	4	3	reset	33	0.11	0
7	unsafe	4	3	reset	34	0.171	0
7	unsafe	4	3	reset	35	0.07	0
7	unsafe	4	3	reset	36	0.07	0
7	unsafe	4	3	reset	37	0.08	0
7	unsafe	4	3	reset	38	0.07	0
7	unsafe	4	3	reset	39	0.08	0
7	unsafe	4	3	reset	40	0.07	0
7	unsafe	4	3	reset	41	0.07	0
7	unsafe	4	3	reset	42	0.07	0
7	unsafe	4	3	reset	43	0.08	0
7	unsafe	4	3	reset	44	0.07	0
7	unsafe	4	3	reset	45	0.07	0
7	unsafe	4	3	reset	46	0.08	0
7	unsafe	4	3	reset	47	0.08	0
7	unsafe	4	3	reset	48	0.07	0
7	unsafe	4	3	reset	49	0.07	0
7	unsafe	4	3	reset	50	0.07	0
7	unsafe	4	3	reset	51	0.08	0
7	unsafe	4	3	reset	52	0.081	0
7	unsafe	4	3	reset	53	0.08	0
7	unsafe	4	3	reset	54	0.11	0
7	unsafe	4	3	reset	55	0.07	0
7	unsafe	4	3	reset	56	0.07	0
7	unsafe	4	3	reset	57	0.07	0
7	unsafe	4	3	reset	58	0.07	0
7	unsafe	4	3	reset	59	0.07	0
7	unsafe	4	3	reset	60	0.07	0
7	unsafe	4	3	reset	61	0.07	0
7	unsafe	4	3	reset	62	0.071	0
7	unsafe	4	3	reset	63	0.071	0
7	unsafe	4	3	reset	64	0.07	0
7	unsafe	4	3	reset	65	0.07	0
7	unsafe	4	3	reset	66	0.07	0
7	unsafe	4	3	reset	67	0.07	0
7	unsafe	4	3	reset	68	0.08	0
7	unsafe	4	3	reset	69	0.07	0
7	unsafe	4	3	reset	70	0.07	0
7	unsafe	4	3	reset	71	0.08	0
7	unsafe	4	3	reset	72	0.08	0
7	unsafe	4	3	reset	73	0.08	0
7	unsafe	4	3	reset	74	0.07	0
7	unsafe	4	3	reset	75	0.071	0
7	unsafe	4	3	reset	76	0.07	0
7	unsafe	4	3	reset	77	0.07	0
7	unsafe	4	3	reset	78	0.07	0
7	unsafe	4	3	reset	79	0.071	0
7	unsafe	4	3	reset	80	0.07	0
7	unsafe	4	3	reset	81	0.07	0
7	unsafe	4	3	reset	82	0.07	0
7	unsafe	4	3	reset	83	0.07	0
7	unsafe	4	3	reset	84	0.08	0
7	unsafe	4	3	reset	85	0.071	0
7	unsafe	4	3	reset	86	0.08	0
7	unsafe	4	3	reset	87	0.081	0
7	unsafe	4	3	reset	88	0.081	0
7	unsafe	4	3	reset	89	0.07	0
7	unsafe	4	3	reset	90	0.07	0
7	unsafe	4	3	reset	91	0.07	0
7	unsafe	4	3	reset	92	0.071	0
7	unsafe	4	3	reset	93	0.07	0
7	unsafe	4	3	reset	94	0.321	0
7	unsafe	4	3	reset	95	0.07	0
7	unsafe	4	3	reset	96	0.07	0
7	unsafe	4	3	reset	97	0.071	0
7	unsafe	4	3	reset	98	0.08	0
7	unsafe	4	3	reset	99	0.07	0
7	unsafe	4	3	reset	100	0.08	0
7	unsafe	4	3	reset	101	0.07	0
7	unsafe	4	3	reset	102	0.07	0
7	unsafe	4	3	reset	103	0.07	0
7	unsafe	4	3	reset	104	0.08	0
7	unsafe	4	3	reset	105	0.071	0
7	unsafe	4	3	reset	106	0.071	0
7	unsafe	4	3	reset	107	0.071	0
7	unsafe	4	3	reset	108	0.07	0
7	unsafe	4	3	reset	109	0.07	0
7	unsafe	4	3	reset	110	0.08	0
7	unsafe	4	3	reset	111	0.07	0
7	unsafe	4	3	reset	112	0.07	0
7	unsafe	4	3	reset	113	0.07	0
7	unsafe	4	3	reset	114	0.07	0
7	unsafe	4	3	reset	115	0.08	0
7	unsafe	4	3	reset	116	0.07	0
7	unsafe	4	3	reset	117	0.08	0
7	unsafe	4	3	reset	118	0.07	0
7	unsafe	4	3	reset	119	0.08	0
7	unsafe	4	3	reset	120	0.07	0
7	unsafe	4	3	reset	121	0.08	0
7	unsafe	4	3	reset	122	0.07	0
7	unsafe	4	3	reset	123	0.08	0
7	unsafe	4	3	reset	124	0.07	0
7	unsafe	4	3	reset	125	0.07	0
7	unsafe	4	3	reset	126	0.08	0
7	unsafe	4	3	reset	127	0.071	0
7	unsafe	4	3	reset	128	0.07	0
7	unsafe	4	3	reset	129	0.08	0
7	unsafe	4	3	reset	130	0.08	0
7	unsafe	4	3	reset	131	0.08	0
7	unsafe	4	3	reset	132	0.081	0
7	unsafe	4	3	reset	133	0.08	0
7	unsafe	4	3	reset	134	0.07	0
7	unsafe	4	3	reset	135	0.071	0
7	unsafe	4	3	reset	136	0.071	0
7	unsafe	4	3	reset	137	0.071	0
7	unsafe	4	3	reset	138	0.07	0
7	unsafe	4	3	reset	139	0.071	0
7	unsafe	4	3	reset	140	0.07	0
7	unsafe	4	3	reset	141	0.071	0
7	unsafe	4	3	reset	142	0.08	0
7	unsafe	4	3	reset	143	0.1	0
7	unsafe	4	3	reset	144	0.12	0
7	unsafe	4	3	reset	145	0.07	0
7	unsafe	4	3	reset	146	0.07	0
7	unsafe	4	3	reset	147	0.07	0
7	unsafe	4	3	reset	148	0.07	0
7	unsafe	4	3	reset	149	0.07	0
7	unsafe	4	3	reset	150	0.07	0
7	unsafe	4	3	reset	151	0.11	0
7	unsafe	4	3	reset	152	0.07	0
7	unsafe	4	3	reset	153	0.07	0
7	unsafe	4	3	reset	154	0.07	0
7	unsafe	4	3	reset	155	0.08	0
7	unsafe	4	3	reset	156	0.07	0
7	unsafe	4	3	reset	157	0.08	0
7	unsafe	4	3	reset	158	0.071	0
7	unsafe	4	3	reset	159	0.081	0
7	unsafe	4	3	reset	160	0.08	0
7	unsafe	4	3	reset	161	0.07	0
7	unsafe	4	3	reset	162	0.07	0
7	unsafe	4	3	reset	163	0.07	0
7	unsafe	4	3	reset	164	0.08	0
7	unsafe	4	3	reset	165	0.091	0
7	unsafe	4	3	reset	166	0.07	0
7	unsafe	4	3	reset	167	0.08	0
7	unsafe	4	3	reset	168	0.08	0
7	unsafe	4	3	reset	169	0.07	0
7	unsafe	4	3	reset	170	0.07	0
7	unsafe	4	3	reset	171	0.07	0
7	unsafe	4	3	reset	172	0.07	0
7	unsafe	4	3	reset	173	0.07	0
7	unsafe	4	3	reset	174	0.08	0
7	unsafe	4	3	reset	175	0.07	0
7	unsafe	4	3	reset	176	0.09	0
7	unsafe	4	3	reset	177	0.081	0
7	unsafe	4	3	reset	178	0.07	0
7	unsafe	4	3	reset	179	0.07	0
7	unsafe	4	3	reset	180	0.07	0
7	unsafe	4	3	reset	181	0.08	0
7	unsafe	4	3	reset	182	0.07	0
7	unsafe	4	3	reset	183	0.071	0
7	unsafe	4	3	reset	184	0.08	0
7	unsafe	4	3	reset	185	0.07	0
7	unsafe	4	3	reset	186	0.11	0
7	unsafe	4	3	reset	187	0.07	0
7	unsafe	4	3	reset	188	0.08	0
7	unsafe	4	3	reset	189	0.08	0
7	unsafe	4	3	reset	190	0.07	0
7	unsafe	4	3	reset	191	0.07	0
7	unsafe	4	3	reset	192	0.07	0
7	unsafe	4	3	reset	193	0.07	0
7	unsafe	4	3	reset	194	0.07	0
7	unsafe	4	3	reset	195	0.07	0
7	unsafe	4	3	reset	196	0.071	0
7	unsafe	4	3	reset	197	0.08	0
7	unsafe	4	3	reset	198	0.07	0
7	unsafe	4	3	reset	199	0.07	0
7	unsafe	4	3	reset	200	0.11	0
7	unsafe	4	3	stall	1	0.0	0
7	unsafe	4	3	stall	2	0.0	0
7	unsafe	4	3	stall	3	0.0	0
7	checked	8	7	reset	1	77.446	0
7	checked	8	7	reset	2	70.974	0
7	checked	8	7	reset	3	76.194	0
7	checked	8	7	reset	4	58.581	0
7	checked	8	7	reset	5	129.103	0
7	checked	8	7	reset	6	38.633	0
7	checked	8	7	reset	7	38.192	0
7	checked	8	7	reset	8	34.295	0
7	checked	8	7	reset	9	35.346	0
7	checked	8	7	reset	10	35.156	0
7	checked	8	7	reset	11	34.465	0
7	checked	8	7	reset	12	35.757	0
7	checked	8	7	reset	13	35.246	0
7	checked	8	7	reset	14	35.387	0
7	checked	8	7	reset	15	34.775	0
7	checked	8	7	reset	16	37.501	0
7	checked	8	7	reset	17	37.872	0
7	checked	8	7	reset	18	36.078	0
7	checked	8	7	reset	19	37.23	0
7	checked	8	7	reset	20	35.507	0
7	checked	8	7	reset	21	36.399	0
7	checked	8	7	reset	22	33.904	0
7	checked	8	7	reset	23	33.212	0
7	checked	8	7	reset	24	57.117	0
7	checked	8	7	reset	25	53.431	0
7	checked	8	7	reset	26	50.476	0
7	checked	8	7	reset	27	58.751	0
7	checked	8	7	reset	28	50.897	0
7	checked	8	7	reset	29	50.375	0
7	checked	8	7	reset	30	47.018	0
7	checked	8	7	reset	31	53.19	0
7	checked	8	7	reset	32	51.096	0
7	checked	8	7	reset	33	50.185	0
7	checked	8	7	reset	34	49.764	0
7	checked	8	7	reset	35	47.87	0
7	checked	8	7	reset	36	52.018	0
7	checked	8	7	reset	37	46.748	0
7	checked	8	7	reset	38	53.932	0
7	checked	8	7	reset	39	47.65	0
7	checked	8	7	reset	40	50.866	0
7	checked	8	7	reset	41	49.443	0
7	checked	8	7	reset	42	55.114	0
7	checked	8	7	reset	43	48.081	0
7	checked	8	7	reset	44	48.722	0
7	checked	8	7	reset	45	53.361	0
7	checked	8	7	reset	46	52.749	0
7	checked	8	7	reset	47	47.289	0
7	checked	8	7	reset	48	48.852	0
7	checked	8	7	reset	49	47.359	0
7	checked	8	7	reset	50	50.145	0
7	checked	8	7	reset	51	46.868	0
7	checked	8	7	reset	52	51.918	0
7	checked	8	7	reset	53	47.98	0
7	checked	8	7	reset	54	47.83	0
7	checked	8	7	reset	55	62.498	0
7	checked	8	7	reset	56	52.659	0
7	checked	8	7	reset	57	52.93	0
7	checked	8	7	reset	58	48.732	0
7	checked	8	7	reset	59	50.055	0
7	checked	8	7	reset	60	49.784	0
7	checked	8	7	reset	61	55.144	0
7	checked	8	7	reset	62	49.914	0
7	checked	8	7	reset	63	44.855	0
7	checked	8	7	reset	64	46.267	0
7	checked	8	7	reset	65	50.014	0
7	checked	8	7	reset	66	47.68	0
7	checked	8	7	reset	67	48.392	0
7	checked	8	7	reset	68	52.479	0
7	checked	8	7	reset	69	54.292	0
7	checked	8	7	reset	70	47.2	0
7	checked	8	7	reset	71	48.772	0
7	checked	8	7	reset	72	47.349	0
7	checked	8	7	reset	73	48.351	0
7	checked	8	7	reset	74	47.549	0
7	checked	8	7	reset	75	52.379	0
7	checked	8	7	reset	76	48.041	0
7	checked	8	7	reset	77	54.933	0
7	checked	8	7	reset	78	48.321	0
7	checked	8	7	reset	79	52.479	0
7	checked	8	7	reset	80	47.68	0
7	checked	8	7	reset	81	47.139	0
7	checked	8	7	reset	82	48.071	0
7	checked	8	7	reset	83	50.044	0
7	checked	8	7	reset	84	47.159	0
7	checked	8	7	reset	85	47.299	0
7	checked	8	7	reset	86	49.052	0
7	checked	8	7	reset	87	48.621	0
7	checked	8	7	reset	88	52.138	0
7	checked	8	7	reset	89	45.977	0
7	checked	8	7	reset	90	49.904	0
7	checked	8	7	reset	91	50.065	0
7	checked	8	7	reset	92	45.856	0
7	checked	8	7	reset	93	48.562	0
7	checked	8	7	reset	94	47.099	0
7	checked	8	7	reset	95	49.564	0
7	checked	8	7	reset	96	51.106	0
7	checked	8	7	reset	97	46.017	0
7	checked	8	7	reset	98	48.933	0
7	checked	8	7	reset	99	48.181	0
7	checked	8	7	reset	100	51.597	0
7	checked	8	7	reset	101	49.013	0
7	checked	8	7	reset	102	63.279	0
7	checked	8	7	reset	103	51.427	0
7	checked	8	7	reset	104	44.333	0
7	checked	8	7	reset	105	49.122	0
7	checked	8	7	reset	106	45.836	0
7	checked	8	7	reset	107	48.451	0
7	checked	8	7	reset	108	47.71	0
7	checked	8	7	reset	109	46.297	0
7	checked	8	7	reset	110	47.169	0
7	checked	8	7	reset	111	45.797	0
7	checked	8	7	reset	112	47.69	0
7	checked	8	7	reset	113	47.9	0
7	checked	8	7	reset	114	47.941	0
7	checked	8	7	reset	115	46.147	0
7	checked	8	7	reset	116	46.828	0
7	checked	8	7	reset	117	45.606	0
7	checked	8	7	reset	118	48.361	0
7	checked	8	7	reset	119	47.87	0
7	checked	8	7	reset	120	46.137	0
7	checked	8	7	reset	121	45.196	0
7	checked	8	7	reset	122	46.538	0
7	checked	8	7	reset	123	54.453	0
7	checked	8	7	reset	124	45.505	0
7	checked	8	7	reset	125	47.109	0
7	checked	8	7	reset	126	48.361	0
7	checked	8	7	reset	127	45.727	0
7	checked	8	7	reset	128	50.886	0
7	checked	8	7	reset	129	45.847	0
7	checked	8	7	reset	130	52.459	0
7	checked	8	7	reset	131	49.944	0
7	checked	8	7	reset	132	47.139	0
7	checked	8	7	reset	133	64.873	0
7	checked	8	7	reset	134	46.247	0
7	checked	8	7	reset	135	54.693	0
7	checked	8	7	reset	136	51.968	0
7	checked	8	7	reset	137	50.645	0
7	checked	8	7	reset	138	50.466	0
7	checked	8	7	reset	139	56.516	0
7	checked	8	7	reset	140	47.64	0
7	checked	8	7	reset	141	47.54	0
7	checked	8	7	reset	142	45.637	0
7	checked	8	7	reset	143	60.174	0
7	checked	8	7	reset	144	50.285	0
7	checked	8	7	reset	145	56.878	0
7	checked	8	7	reset	146	48.251	0
7	checked	8	7	reset	147	49.764	0
7	checked	8	7	reset	148	45.796	0
7	checked	8	7	reset	149	49.083	0
7	checked	8	7	reset	150	44.003	0
7	checked	8	7	reset	151	44.294	0
7	checked	8	7	reset	152	43.953	0
7	checked	8	7	reset	153	44.294	0
7	checked	8	7	reset	154	48.662	0
7	checked	8	7	reset	155	45.505	0
7	checked	8	7	reset	156	44.293	0
7	checked	8	7	reset	157	47.209	0
7	checked	8	7	reset	158	49.083	0
7	checked	8	7	reset	159	51.597	0
7	checked	8	7	reset	160	50.175	0
7	checked	8	7	reset	161	45.917	0
7	checked	8	7	reset	162	46.427	0
7	checked	8	7	reset	163	47.249	0
7	checked	8	7	reset	164	48.011	0
7	checked	8	7	reset	165	48.612	0
7	checked	8	7	reset	166	55.314	0
7	checked	8	7	reset	167	47.149	0
7	checked	8	7	reset	168	45.776	0
7	checked	8	7	reset	169	50.115	0
7	checked	8	7	reset	170	47.629	0
7	checked	8	7	reset	171	51.347	0
7	checked	8	7	reset	172	55.965	0
7	checked	8	7	reset	173	48.081	0
7	checked	8	7	reset	174	45.596	0
7	checked	8	7	reset	175	48.041	0
7	checked	8	7	reset	176	45.506	0
7	checked	8	7	reset	177	45.566	0
7	checked	8	7	reset	178	44.003	0
7	checked	8	7	reset	179	47.61	0
7	checked	8	7	reset	180	47.921	0
7	checked	8	7	reset	181	46.207	0
7	checked	8	7	reset	182	47.72	0
7	checked	8	7	reset	183	43.682	0
7	checked	8	7	reset	184	45.065	0
7	checked	8	7	reset	185	43.462	0
7	checked	8	7	reset	186	44.704	0
7	checked	8	7	reset	187	52.78	0
7	checked	8	7	reset	188	53.631	0
7	checked	8	7	reset	189	45.365	0
7	checked	8	7	reset	190	47.59	0
7	checked	8	7	reset	191	45.416	0
7	checked	8	7	reset	192	45.235	0
7	checked	8	7	reset	193	47.81	0
7	checked	8	7	reset	194	43.642	0
7	checked	8	7	reset	195	48.211	0
7	checked	8	7	reset	196	45.946	0
7	checked	8	7	reset	197	43.723	0
7	checked	8	7	reset	198	45.927	0
7	checked	8	7	reset	199	48.992	0
7	checked	8	7	reset	200	45.977	0
7	checked	8	7	stall	1	89.389	0
7	checked	8	7	stall	2	65.143	0
7	checked	8	7	stall	3	71.054	0
7	checked	8	7	stall	4	66.655	0
7	checked	8	7	stall	5	60.033	0
7	checked	8	7	stall	6	59.983	0
7	checked	8	7	stall	7	59.772	0
7	unsafe	8	7	reset	1	0.09	0
7	unsafe	8	7	reset	2	0.07	0
7	unsafe	8	7	reset	3	0.1	0
7	unsafe	8	7	reset	4	0.05	0
7	unsafe	8	7	reset	5	0.071	0
7	unsafe	8	7	reset	6	0.06	0
7	unsafe	8	7	reset	7	0.06	0
7	unsafe	8	7	reset	8	0.301	0
7	unsafe	8	7	reset	9	0.05	0
7	unsafe	8	7	reset	10	0.09	0
7	unsafe	8	7	reset	11	0.05	0
7	unsafe	8	7	reset	12	0.07	0
7	unsafe	8	7	reset	13	0.151	0
7	unsafe	8	7	reset	14	0.05	0
7	unsafe	8	7	reset	15	0.3	0
7	unsafe	8	7	reset	16	0.15	0
7	unsafe	8	7	reset	17	0.06	0
7	unsafe	8	7	reset	18	0.321	0
7	unsafe	8	7	reset	19	0.29	0
7	unsafe	8	7	reset	20	0.21	0
7	unsafe	8	7	reset	21	0.291	0
7	unsafe	8	7	reset	22	0.05	0
7	unsafe	8	7	reset	23	0.16	0
7	unsafe	8	7	reset	24	0.301	0
7	unsafe	8	7	reset	25	0.06	0
7	unsafe	8	7	reset	26	0.291	0
7	unsafe	8	7	reset	27	0.151	0
7	unsafe	8	7	reset	28	0.29	0
7	unsafe	8	7	reset	29	0.301	0
7	unsafe	8	7	reset	30	0.07	0
7	unsafe	8	7	reset	31	0.05	0
7	unsafe	8	7	reset	32	0.06	0
7	unsafe	8	7	reset	33	0.06	0
7	unsafe	8	7	reset	34	0.061	0
7	unsafe	8	7	reset	35	0.08	0
7	unsafe	8	7	reset	36	0.08	0
7	unsafe	8	7	reset	37	0.06	0
7	unsafe	8	7	reset	38	0.06	0
7	unsafe	8	7	reset	39	0.05	0
7	unsafe	8	7	reset	40	0.06	0
7	unsafe	8	7	reset	41	0.051	0
7	unsafe	8	7	reset	42	0.06	0
7	unsafe	8	7	reset	43	0.07	0
7	unsafe	8	7	reset	44	0.06	0
7	unsafe	8	7	reset	45	0.071	0
7	unsafe	8	7	reset	46	0.06	0
7	unsafe	8	7	reset	47	0.07	0
7	unsafe	8	7	reset	48	0.06	0
7	unsafe	8	7	reset	49	0.05	0
7	unsafe	8	7	reset	50	0.081	0
7	unsafe	8	7	reset	51	0.05	0
7	unsafe	8	7	reset	52	0.121	0
7	unsafe	8	7	reset	53	0.06	0
7	unsafe	8	7	reset	54	0.06	0
7	unsafe	8	7	reset	55	0.061	0
7	unsafe	8	7	reset	56	0.05	0
7	unsafe	8	7	reset	57	0.071	0
7	unsafe	8	7	reset	58	0.07	0
7	unsafe	8	7	reset	59	0.06	0
7	unsafe	8	7	reset	60	0.09	0
7	unsafe	8	7	reset	61	0.05	0
7	unsafe	8	7	reset	62	0.07	0
7	unsafe	8	7	reset	63	0.06	0
7	unsafe	8	7	reset	64	0.08	0
7	unsafe	8	7	reset	65	0.08	0
7	unsafe	8	7	reset	66	0.06	0
7	unsafe	8	7	reset	67	0.09	0
7	unsafe	8	7	reset	68	0.06	0
7	unsafe	8	7	reset	69	0.06	0
7	unsafe	8	7	reset	70	0.071	0
7	unsafe	8	7	reset	71	0.05	0
7	unsafe	8	7	reset	72	0.07	0
7	unsafe	8	7	reset	73	0.06	0
7	unsafe	8	7	reset	74	0.09	0
7	unsafe	8	7	reset	75	0.06	0
7	unsafe	8	7	reset	76	0.06	0
7	unsafe	8	7	reset	77	0.06	0
7	unsafe	8	7	reset	78	0.06	0
7	unsafe	8	7	reset	79	0.06	0
7	unsafe	8	7	reset	80	0.06	0
7	unsafe	8	7	reset	81	0.061	0
7	unsafe	8	7	reset	82	0.07	0
7	unsafe	8	7	reset	83	0.06	0
7	unsafe	8	7	reset	84	0.13	0
7	unsafe	8	7	reset	85	0.06	0
7	unsafe	8	7	reset	86	0.06	0
7	unsafe	8	7	reset	87	0.06	0
7	unsafe	8	7	reset	88	0.06	0
7	unsafe	8	7	reset	89	0.061	0
7	unsafe	8	7	reset	90	0.06	0
7	unsafe	8	7	reset	91	0.07	0
7	unsafe	8	7	reset	92	0.06	0
7	unsafe	8	7	reset	93	0.06	0
7	unsafe	8	7	reset	94	0.06	0
7	unsafe	8	7	reset	95	0.07	0
7	unsafe	8	7	reset	96	0.07	0
7	unsafe	8	7	reset	97	0.06	0
7	unsafe	8	7	reset	98	0.08	0
7	unsafe	8	7	reset	99	0.06	0
7	unsafe	8	7	reset	100	0.05	0
7	unsafe	8	7	reset	101	0.06	0
7	unsafe	8	7	reset	102	0.08	0
7	unsafe	8	7	reset	103	0.06	0
7	unsafe	8	7	reset	104	0.07	0
7	unsafe	8	7	reset	105	0.06	0
7	unsafe	8	7	reset	106	0.08	0
7	unsafe	8	7	reset	107	0.07	0
7	unsafe	8	7	reset	108	0.05	0
7	unsafe	8	7	reset	109	0.07	0
7	unsafe	8	7	reset	110	0.07	0
7	unsafe	8	7	reset	111	0.071	0
7	unsafe	8	7	reset	112	0.07	0
7	unsafe	8	7	reset	113	0.06	0
7	unsafe	8	7	reset	114	0.06	0
7	unsafe	8	7	reset	115	0.051	0
7	unsafe	8	7	reset	116	0.07	0
7	unsafe	8	7	reset	117	0.07	0
7	unsafe	8	7	reset	118	0.091	0
7	unsafe	8	7	reset	119	0.06	0
7	unsafe	8	7	reset	120	0.06	0
7	unsafe	8	7	reset	121	0.07	0
7	unsafe	8	7	reset	122	0.08	0
7	unsafe	8	7	reset	123	0.06	0
7	unsafe	8	7	reset	124	0.06	0
7	unsafe	8	7	reset	125	0.06	0
7	unsafe	8	7	reset	126	0.06	0
7	unsafe	8	7	reset	127	0.06	0
7	unsafe	8	7	reset	128	0.06	0
7	unsafe	8	7	reset	129	0.06	0
7	unsafe	8	7	reset	130	0.06	0
7	unsafe	8	7	reset	131	0.07	0
7	unsafe	8	7	reset	132	0.05	0
7	unsafe	8	7	reset	133	0.06	0
7	unsafe	8	7	reset	134	0.08	0
7	unsafe	8	7	reset	135	0.06	0
7	unsafe	8	7	reset	136	0.08	0
7	unsafe	8	7	reset	137	0.06	0
7	unsafe	8	7	reset	138	0.07	0
7	unsafe	8	7	reset	139	0.07	0
7	unsafe	8	7	reset	140	0.06	0
7	unsafe	8	7	reset	141	0.06	0
7	unsafe	8	7	reset	142	0.06	0
7	unsafe	8	7	reset	143	0.06	0
7	unsafe	8	7	reset	144	0.07	0
7	unsafe	8	7	reset	145	0.061	0
7	unsafe	8	7	reset	146	0.07	0
7	unsafe	8	7	reset	147	0.06	0
7	unsafe	8	7	reset	148	0.13	0
7	unsafe	8	7	reset	149	0.07	0
7	unsafe	8	7	reset	150	0.06	0
7	unsafe	8	7	reset	151	0.08	0
7	unsafe	8	7	reset	152	0.06	0
7	unsafe	8	7	reset	153	0.081	0
7	unsafe	8	7	reset	154	0.061	0
7	unsafe	8	7	reset	155	0.07	0
7	unsafe	8	7	reset	156	0.08	0
7	unsafe	8	7	reset	157	0.05	0
7	unsafe	8	7	reset	158	0.07	0
7	unsafe	8	7	reset	159	0.06	0
7	unsafe	8	7	reset	160	0.06	0
7	unsafe	8	7	reset	161	0.071	0
7	unsafe	8	7	reset	162	0.06	0
7	unsafe	8	7	reset	163	0.07	0
7	unsafe	8	7	reset	164	0.07	0
7	unsafe	8	7	reset	165	0.08	0
7	unsafe	8	7	reset	166	0.08	0
7	unsafe	8	7	reset	167	0.08	0
7	unsafe	8	7	reset	168	0.08	0
7	unsafe	8	7	reset	169	0.06	0
7	unsafe	8	7	reset	170	0.07	0
7	unsafe	8	7	reset	171	0.08	0
7	unsafe	8	7	reset	172	0.06	0
7	unsafe	8	7	reset	173	0.08	0
7	unsafe	8	7	reset	174	0.07	0
7	unsafe	8	7	reset	175	0.08	0
7	unsafe	8	7	reset	176	0.071	0
7	unsafe	8	7	reset	177	0.121	0
7	unsafe	8	7	reset	178	0.07	0
7	unsafe	8	7	reset	179	0.051	0
7	unsafe	8	7	reset	180	0.111	0
7	unsafe	8	7	reset	181	0.06	0
7	unsafe	8	7	reset	182	0.06	0
7	unsafe	8	7	reset	183	0.08	0
7	unsafe	8	7	reset	184	0.06	0
7	unsafe	8	7	reset	185	0.07	0
7	unsafe	8	7	reset	186	0.06	0
7	unsafe	8	7	reset	187	0.05	0
7	unsafe	8	7	reset	188	0.07	0
7	unsafe	8	7	reset	189	0.05	0
7	unsafe	8	7	reset	190	0.08	0
7	unsafe	8	7	reset	191	0.06	0
7	unsafe	8	7	reset	192	0.081	0
7	unsafe	8	7	reset	193	0.07	0
7	unsafe	8	7	reset	194	0.06	0
7	unsafe	8	7	reset	195	0.08	0
7	unsafe	8	7	reset	196	0.07	0
7	unsafe	8	7	reset	197	0.071	0
7	unsafe	8	7	reset	198	0.07	0
7	unsafe	8	7	reset	199	0.06	0
7	unsafe	8	7	reset	200	0.07	0
7	unsafe	8	7	stall	1	0.0	0
7	unsafe	8	7	stall	2	0.0	0
7	unsafe	8	7	stall	3	0.0	0
7	unsafe	8	7	stall	4	0.0	0
7	unsafe	8	7	stall	5	0.0	0
7	unsafe	8	7	stall	6	0.0	0
7	unsafe	8	7	stall	7	0.0	0
7	checked	16	15	reset	1	105.419	1
7	checked	16	15	reset	2	102.784	1
7	checked	16	15	reset	3	84.449	1
7	checked	16	15	reset	4	104.528	1
7	checked	16	15	reset	5	52.158	1
7	checked	16	15	reset	6	36.188	1
7	checked	16	15	reset	7	36.248	1
7	checked	16	15	reset	8	36.429	1
7	checked	16	15	reset	9	37.42	1
7	checked	16	15	reset	10	38.643	1
7	checked	16	15	reset	11	37.01	1
7	checked	16	15	reset	12	37.23	1
7	checked	16	15	reset	13	36.258	1
7	checked	16	15	reset	14	36.419	1
7	checked	16	15	reset	15	37.391	1
7	checked	16	15	reset	16	36.058	1
7	checked	16	15	reset	17	37.33	1
7	checked	16	15	reset	18	36.82	1
7	checked	16	15	reset	19	36.87	1
7	checked	16	15	reset	20	36.188	1
7	checked	16	15	reset	21	36.018	1
7	checked	16	15	reset	22	37.05	1
7	checked	16	15	reset	23	89.649	1
7	checked	16	15	reset	24	82.175	1
7	checked	16	15	reset	25	73.058	1
7	checked	16	15	reset	26	70.773	1
7	checked	16	15	reset	27	75.002	1
7	checked	16	15	reset	28	78.328	1
7	checked	16	15	reset	29	77.467	1
7	checked	16	15	reset	30	74.791	1
7	checked	16	15	reset	31	72.196	1
7	checked	16	15	reset	32	66.916	1
7	checked	16	15	reset	33	75.372	1
7	checked	16	15	reset	34	69.912	1
7	checked	16	15	reset	35	64.993	1
7	checked	16	15	reset	36	66.716	1
7	checked	16	15	reset	37	65.925	1
7	checked	16	15	reset	38	77.125	1
7	checked	16	15	reset	39	63.39	1
7	checked	16	15	reset	40	76.465	1
7	checked	16	15	reset	41	65.964	1
7	checked	16	15	reset	42	66.586	1
7	checked	16	15	reset	43	70.613	1
7	checked	16	15	reset	44	71.946	1
7	checked	16	15	reset	45	66.075	1
7	checked	16	15	reset	46	69.671	1
7	checked	16	15	reset	47	70.693	1
7	checked	16	15	reset	48	70.763	1
7	checked	16	15	reset	49	67.828	1
7	checked	16	15	reset	50	95.681	1
7	checked	16	15	reset	51	129.444	1
7	checked	16	15	reset	52	78.478	1
7	checked	16	15	reset	53	79.971	1
7	checked	16	15	reset	54	80.703	1
7	checked	16	15	reset	55	100.8	1
7	checked	16	15	reset	56	83.838	1
7	checked	16	15	reset	57	78.438	1
7	checked	16	15	reset	58	79.61	1
7	checked	16	15	reset	59	79.46	1
7	checked	16	15	reset	60	77.527	1
7	checked	16	15	reset	61	77.156	1
7	checked	16	15	reset	62	81.965	1
7	checked	16	15	reset	63	73.589	1
7	checked	16	15	reset	64	80.412	1
7	checked	16	15	reset	65	87.154	1
7	checked	16	15	reset	66	94.769	1
7	checked	16	15	reset	67	85.441	1
7	checked	16	15	reset	68	174.479	1
7	checked	16	15	reset	69	82.797	1
7	checked	16	15	reset	70	71.906	1
7	checked	16	15	reset	71	74.46	1
7	checked	16	15	reset	72	72.998	1
7	checked	16	15	reset	73	64.442	1
7	checked	16	15	reset	74	62.568	1
7	checked	16	15	reset	75	62.318	1
7	checked	16	15	reset	76	60.344	1
7	checked	16	15	reset	77	61.977	1
7	checked	16	15	reset	78	62.428	1
7	checked	16	15	reset	79	65.904	1
7	checked	16	15	reset	80	82.916	1
7	checked	16	15	reset	81	69.32	1
7	checked	16	15	reset	82	72.778	1
7	checked	16	15	reset	83	66.315	1
7	checked	16	15	reset	84	67.086	1
7	checked	16	15	reset	85	66.205	1
7	checked	16	15	reset	86	66.305	1
7	checked	16	15	reset	87	64.401	1
7	checked	16	15	reset	88	74.07	1
7	checked	16	15	reset	89	68.459	1
7	checked	16	15	reset	90	64.762	1
7	checked	16	15	reset	91	75.863	1
7	checked	16	15	reset	92	67.537	1
7	checked	16	15	reset	93	76.243	1
7	checked	16	15	reset	94	72.657	1
7	checked	16	15	reset	95	75.302	1
7	checked	16	15	reset	96	75.673	1
7	checked	16	15	reset	97	68.9	1
7	checked	16	15	reset	98	67.908	1
7	checked	16	15	reset	99	68.109	1
7	checked	16	15	reset	100	71.675	1
7	checked	16	15	reset	101	74.741	1
7	checked	16	15	reset	102	67.498	1
7	checked	16	15	reset	103	87.445	1
7	checked	16	15	reset	104	67.788	1
7	checked	16	15	reset	105	74.861	1
7	checked	16	15	reset	106	63.61	1
7	checked	16	15	reset	107	77.165	1
7	checked	16	15	reset	108	68.87	1
7	checked	16	15	reset	109	70.553	1
7	checked	16	15	reset	110	64.462	1
7	checked	16	15	reset	111	59.352	1
7	checked	16	15	reset	112	62.388	1
7	checked	16	15	reset	113	73.038	1
7	checked	16	15	reset	114	64.361	1
7	checked	16	15	reset	115	63.58	1
7	checked	16	15	reset	116	63.119	1
7	checked	16	15	reset	117	62.227	1
7	checked	16	15	reset	118	60.955	1
7	checked	16	15	reset	119	64.632	1
7	checked	16	15	reset	120	62.728	1
7	checked	16	15	reset	121	64.502	1
7	checked	16	15	reset	122	62.808	1
7	checked	16	15	reset	123	64.953	1
7	checked	16	15	reset	124	63.6	1
7	checked	16	15	reset	125	60.715	1
7	checked	16	15	reset	126	63.029	1
7	checked	16	15	reset	127	58.611	1
7	checked	16	15	reset	128	70.203	1
7	checked	16	15	reset	129	67.477	1
7	checked	16	15	reset	130	62.077	1
7	checked	16	15	reset	131	60.895	1
7	checked	16	15	reset	132	63.039	1
7	checked	16	15	reset	133	71.665	1
7	checked	16	15	reset	134	88.287	1
7	checked	16	15	reset	135	77.516	1
7	checked	16	15	reset	136	74.16	1
7	checked	16	15	reset	137	73.859	1
7	checked	16	15	reset	138	64.171	1
7	checked	16	15	reset	139	72.186	1
7	checked	16	15	reset	140	64.422	1
7	checked	16	15	reset	141	63.62	1
7	checked	16	15	reset	142	64.322	1
7	checked	16	15	reset	143	73.037	1
7	checked	16	15	reset	144	70.012	1
7	checked	16	15	reset	145	64.772	1
7	checked	16	15	reset	146	74.28	1
7	checked	16	15	reset	147	74.05	1
7	checked	16	15	reset	148	73.389	1
7	checked	16	15	reset	149	74.731	1
7	checked	16	15	reset	150	72.677	1
7	checked	16	15	reset	151	73.218	1
7	checked	16	15	reset	152	73.84	1
7	checked	16	15	reset	153	76.184	1
7	checked	16	15	reset	154	68.228	1
7	checked	16	15	reset	155	73.388	1
7	checked	16	15	reset	156	79.49	1
7	checked	16	15	reset	157	72.396	1
7	checked	16	15	reset	158	80.101	1
7	checked	16	15	reset	159	76.645	1
7	checked	16	15	reset	160	83.207	1
7	checked	16	15	reset	161	75.533	1
7	checked	16	15	reset	162	76.775	1
7	checked	16	15	reset	163	72.227	1
7	checked	16	15	reset	164	63.82	1
7	checked	16	15	reset	165	88.126	1
7	checked	16	15	reset	166	61.316	1
7	checked	16	15	reset	167	77.225	1
7	checked	16	15	reset	168	66.956	1
7	checked	16	15	reset	169	68.519	1
7	checked	16	15	reset	170	66.475	1
7	checked	16	15	reset	171	63.18	1
7	checked	16	15	reset	172	64.622	1
7	checked	16	15	reset	173	72.847	1
7	checked	16	15	reset	174	77.446	1
7	checked	16	15	reset	175	69.061	1
7	checked	16	15	reset	176	70.163	1
7	checked	16	15	reset	177	68.849	1
7	checked	16	15	reset	178	68.549	1
7	checked	16	15	reset	179	71.926	1
7	checked	16	15	reset	180	70.143	1
7	checked	16	15	reset	181	65.193	1
7	checked	16	15	reset	182	69.902	1
7	checked	16	15	reset	183	66.966	1
7	checked	16	15	reset	184	67.568	1
7	checked	16	15	reset	185	68.87	1
7	checked	16	15	reset	186	64.181	1
7	checked	16	15	reset	187	66.556	1
7	checked	16	15	reset	188	64.802	1
7	checked	16	15	reset	189	62.017	1
7	checked	16	15	reset	190	69.18	1
7	checked	16	15	reset	191	62.988	1
7	checked	16	15	reset	192	63.42	1
7	checked	16	15	reset	193	68.8	1
7	checked	16	15	reset	194	64.021	1
7	checked	16	15	reset	195	70.413	1
7	checked	16	15	reset	196	69.32	1
7	checked	16	15	reset	197	67.488	1
7	checked	16	15	reset	198	65.374	1
7	checked	16	15	reset	199	64.642	1
7	checked	16	15	reset	200	66.927	1
7	checked	16	15	stall	1	159.08	1
7	checked	16	15	stall	2	162.897	1
7	checked	16	15	stall	3	157.577	1
7	checked	16	15	stall	4	159.662	1
7	checked	16	15	stall	5	160.894	1
7	checked	16	15	stall	6	160.202	1
7	checked	16	15	stall	7	162.687	1
7	checked	16	15	stall	8	163.689	1
7	checked	16	15	stall	9	163.068	1
7	checked	16	15	stall	10	161.655	1
7	checked	16	15	stall	11	163.007	1
7	checked	16	15	stall	12	164.811	1
7	checked	16	15	stall	13	159.641	1
7	checked	16	15	stall	14	159.241	1
7	checked	16	15	stall	15	163.378	1
7	unsafe	16	15	reset	1	0.151	1
7	unsafe	16	15	reset	2	0.09	1
7	unsafe	16	15	reset	3	0.091	1
7	unsafe	16	15	reset	4	0.581	1
7	unsafe	16	15	reset	5	3.246	1
7	unsafe	16	15	reset	6	0.191	1
7	unsafe	16	15	reset	7	0.13	1
7	unsafe	16	15	reset	8	0.08	1
7	unsafe	16	15	reset	9	0.08	1
7	unsafe	16	15	reset	10	0.291	1
7	unsafe	16	15	reset	11	0.16	1
7	unsafe	16	15	reset	12	0.531	1
7	unsafe	16	15	reset	13	0.07	1
7	unsafe	16	15	reset	14	0.16	1
7	unsafe	16	15	reset	15	0.161	1
7	unsafe	16	15	reset	16	0.08	1
7	unsafe	16	15	reset	17	0.081	1
7	unsafe	16	15	reset	18	0.27	1
7	unsafe	16	15	reset	19	0.291	1
7	unsafe	16	15	reset	20	0.08	1
7	unsafe	16	15	reset	21	0.16	1
7	unsafe	16	15	reset	22	0.17	1
7	unsafe	16	15	reset	23	0.341	1
7	unsafe	16	15	reset	24	0.07	1
7	unsafe	16	15	reset	25	0.081	1
7	unsafe	16	15	reset	26	0.08	1
7	unsafe	16	15	reset	27	0.081	1
7	unsafe	16	15	reset	28	0.07	1
7	unsafe	16	15	reset	29	0.08	1
7	unsafe	16	15	reset	30	0.07	1
7	unsafe	16	15	reset	31	0.07	1
7	unsafe	16	15	reset	32	0.07	1
7	unsafe	16	15	reset	33	0.07	1
7	unsafe	16	15	reset	34	0.08	1
7	unsafe	16	15	reset	35	0.08	1
7	unsafe	16	15	reset	36	0.07	1
7	unsafe	16	15	reset	37	0.08	1
7	unsafe	16	15	reset	38	0.07	1
7	unsafe	16	15	reset	39	0.07	1
7	unsafe	16	15	reset	40	0.09	1
7	unsafe	16	15	reset	41	0.08	1
7	unsafe	16	15	reset	42	0.08	1
7	unsafe	16	15	reset	43	0.08	1
7	unsafe	16	15	reset	44	0.08	1
7	unsafe	16	15	reset	45	0.07	1
7	unsafe	16	15	reset	46	0.081	1
7	unsafe	16	15	reset	47	0.07	1
7	unsafe	16	15	reset	48	0.08	1
7	unsafe	16	15	reset	49	0.08	1
7	unsafe	16	15	reset	50	0.08	1
7	unsafe	16	15	reset	51	0.08	1
7	unsafe	16	15	reset	52	0.08	1
7	unsafe	16	15	reset	53	0.08	1
7	unsafe	16	15	reset	54	0.091	1
7	unsafe	16	15	reset	55	0.08	1
7	unsafe	16	15	reset	56	0.07	1
7	unsafe	16	15	reset	57	0.08	1
7	unsafe	16	15	reset	58	0.11	1
7	unsafe	16	15	reset	59	0.08	1
7	unsafe	16	15	reset	60	0.08	1
7	unsafe	16	15	reset	61	0.07	1
7	unsafe	16	15	reset	62	0.08	1
7	unsafe	16	15	reset	63	0.081	1
7	unsafe	16	15	reset	64	0.08	1
7	unsafe	16	15	reset	65	0.07	1
7	unsafe	16	15	reset	66	0.081	1
7	unsafe	16	15	reset	67	0.09	1
7	unsafe	16	15	reset	68	0.08	1
7	unsafe	16	15	reset	69	0.08	1
7	unsafe	16	15	reset	70	0.08	1
7	unsafe	16	15	reset	71	0.07	1
7	unsafe	16	15	reset	72	0.08	1
7	unsafe	16	15	reset	73	0.08	1
7	unsafe	16	15	reset	74	0.091	1
7	unsafe	16	15	reset	75	0.08	1
7	unsafe	16	15	reset	76	0.08	1
7	unsafe	16	15	reset	77	0.08	1
7	unsafe	16	15	reset	78	0.08	1
7	unsafe	16	15	reset	79	0.08	1
7	unsafe	16	15	reset	80	0.08	1
7	unsafe	16	15	reset	81	0.07	1
7	unsafe	16	15	reset	82	0.09	1
7	unsafe	16	15	reset	83	0.07	1
7	unsafe	16	15	reset	84	0.08	1
7	unsafe	16	15	reset	85	0.09	1
7	unsafe	16	15	reset	86	0.08	1
7	unsafe	16	15	reset	87	0.09	1
7	unsafe	16	15	reset	88	0.1	1
7	unsafe	16	15	reset	89	0.08	1
7	unsafe	16	15	reset	90	0.1	1
7	unsafe	16	15	reset	91	0.08	1
7	unsafe	16	15	reset	92	0.13	1
7	unsafe	16	15	reset	93	0.081	1
7	unsafe	16	15	reset	94	0.13	1
7	unsafe	16	15	reset	95	0.08	1
7	unsafe	16	15	reset	96	0.09	1
7	unsafe	16	15	reset	97	0.07	1
7	unsafe	16	15	reset	98	0.081	1
7	unsafe	16	15	reset	99	0.09	1
7	unsafe	16	15	reset	100	0.08	1
7	unsafe	16	15	reset	101	0.07	1
7	unsafe	16	15	reset	102	0.091	1
7	unsafe	16	15	reset	103	0.08	1
7	unsafe	16	15	reset	104	0.08	1
7	unsafe	16	15	reset	105	0.081	1
7	unsafe	16	15	reset	106	0.081	1
7	unsafe	16	15	reset	107	0.08	1
7	unsafe	16	15	reset	108	0.07	1
7	unsafe	16	15	reset	109	0.08	1
7	unsafe	16	15	reset	110	0.08	1
7	unsafe	16	15	reset	111	0.07	1
7	unsafe	16	15	reset	112	0.08	1
7	unsafe	16	15	reset	113	0.08	1
7	unsafe	16	15	reset	114	0.08	1
7	unsafe	16	15	reset	115	0.101	1
7	unsafe	16	15	reset	116	0.08	1
7	unsafe	16	15	reset	117	0.08	1
7	unsafe	16	15	reset	118	0.07	1
7	unsafe	16	15	reset	119	0.08	1
7	unsafe	16	15	reset	120	0.08	1
7	unsafe	16	15	reset	121	0.09	1
7	unsafe	16	15	reset	122	0.07	1
7	unsafe	16	15	reset	123	0.09	1
7	unsafe	16	15	reset	124	0.09	1
7	unsafe	16	15	reset	125	0.07	1
7	unsafe	16	15	reset	126	0.07	1
7	unsafe	16	15	reset	127	0.08	1
7	unsafe	16	15	reset	128	0.081	1
7	unsafe	16	15	reset	129	0.08	1
7	unsafe	16	15	reset	130	0.081	1
7	unsafe	16	15	reset	131	0.08	1
7	unsafe	16	15	reset	132	0.07	1
7	unsafe	16	15	reset	133	0.08	1
7	unsafe	16	15	reset	134	0.09	1
7	unsafe	16	15	reset	135	0.08	1
7	unsafe	16	15	reset	136	0.08	1
7	unsafe	16	15	reset	137	0.08	1
7	unsafe	16	15	reset	138	0.091	1
7	unsafe	16	15	reset	139	0.071	1
7	unsafe	16	15	reset	140	0.08	1
7	unsafe	16	15	reset	141	0.09	1
7	unsafe	16	15	reset	142	0.08	1
7	unsafe	16	15	reset	143	0.08	1
7	unsafe	16	15	reset	144	0.08	1
7	unsafe	16	15	reset	145	0.08	1
7	unsafe	16	15	reset	146	0.08	1
7	unsafe	16	15	reset	147	0.08	1
7	unsafe	16	15	reset	148	0.09	1
7	unsafe	16	15	reset	149	0.08	1
7	unsafe	16	15	reset	150	0.081	1
7	unsafe	16	15	reset	151	0.08	1
7	unsafe	16	15	reset	152	0.07	1
7	unsafe	16	15	reset	153	0.08	1
7	unsafe	16	15	reset	154	0.09	1
7	unsafe	16	15	reset	155	0.07	1
7	unsafe	16	15	reset	156	0.1	1
7	unsafe	16	15	reset	157	0.09	1
7	unsafe	16	15	reset	158	0.081	1
7	unsafe	16	15	reset	159	0.08	1
7	unsafe	16	15	reset	160	0.08	1
7	unsafe	16	15	reset	161	0.09	1
7	unsafe	16	15	reset	162	0.07	1
7	unsafe	16	15	reset	163	0.09	1
7	unsafe	16	15	reset	164	0.08	1
7	unsafe	16	15	reset	165	0.08	1
7	unsafe	16	15	reset	166	0.07	1
7	unsafe	16	15	reset	167	0.08	1
7	unsafe	16	15	reset	168	0.08	1
7	unsafe	16	15	reset	169	0.091	1
7	unsafe	16	15	reset	170	0.08	1
7	unsafe	16	15	reset	171	0.08	1
7	unsafe	16	15	reset	172	0.08	1
7	unsafe	16	15	reset	173	0.08	1
7	unsafe	16	15	reset	174	0.08	1
7	unsafe	16	15	reset	175	0.08	1
7	unsafe	16	15	reset	176	0.07	1
7	unsafe	16	15	reset	177	0.08	1
7	unsafe	16	15	reset	178	0.091	1
7	unsafe	16	15	reset	179	0.08	1
7	unsafe	16	15	reset	180	0.1	1
7	unsafe	16	15	reset	181	0.08	1
7	unsafe	16	15	reset	182	0.08	1
7	unsafe	16	15	reset	183	0.08	1
7	unsafe	16	15	reset	184	0.081	1
7	unsafe	16	15	reset	185	0.08	1
7	unsafe	16	15	reset	186	0.08	1
7	unsafe	16	15	reset	187	0.081	1
7	unsafe	16	15	reset	188	0.08	1
7	unsafe	16	15	reset	189	0.09	1
7	unsafe	16	15	reset	190	0.08	1
7	unsafe	16	15	reset	191	0.07	1
7	unsafe	16	15	reset	192	0.09	1
7	unsafe	16	15	reset	193	0.08	1
7	unsafe	16	15	reset	194	0.08	1
7	unsafe	16	15	reset	195	0.08	1
7	unsafe	16	15	reset	196	0.07	1
7	unsafe	16	15	reset	197	0.08	1
7	unsafe	16	15	reset	198	0.08	1
7	unsafe	16	15	reset	199	0.08	1
7	unsafe	16	15	reset	200	0.08	1
7	unsafe	16	15	stall	1	0.0	1
7	unsafe	16	15	stall	2	0.0	1
7	unsafe	16	15	stall	3	0.0	1
7	unsafe	16	15	stall	4	0.0	1
7	unsafe	16	15	stall	5	0.0	1
7	unsafe	16	15	stall	6	0.0	1
7	unsafe	16	15	stall	7	0.0	1
7	unsafe	16	15	stall	8	0.0	1
7	unsafe	16	15	stall	9	0.0	1
7	unsafe	16	15	stall	10	0.0	1
7	unsafe	16	15	stall	11	0.0	1
7	unsafe	16	15	stall	12	0.0	1
7	unsafe	16	15	stall	13	0.0	1
7	unsafe	16	15	stall	14	0.0	1
7	unsafe	16	15	stall	15	0.0	1
7	checked	32	31	reset	1	127.411	0
7	checked	32	31	reset	2	192.072	0
7	checked	32	31	reset	3	60.353	0
7	checked	32	31	reset	4	42.641	0
7	checked	32	31	reset	5	43.492	0
7	checked	32	31	reset	6	43.752	0
7	checked	32	31	reset	7	42.791	0
7	checked	32	31	reset	8	44.464	0
7	checked	32	31	reset	9	47.68	0
7	checked	32	31	reset	10	43.923	0
7	checked	32	31	reset	11	44.444	0
7	checked	32	31	reset	12	46.738	0
7	checked	32	31	reset	13	43.572	0
7	checked	32	31	reset	14	44.374	0
7	checked	32	31	reset	15	45.295	0
7	checked	32	31	reset	16	49.844	0
7	checked	32	31	reset	17	44.003	0
7	checked	32	31	reset	18	44.324	0
7	checked	32	31	reset	19	45.045	0
7	checked	32	31	reset	20	49.083	0
7	checked	32	31	reset	21	42.831	0
7	checked	32	31	reset	22	48.642	0
7	checked	32	31	reset	23	42.991	0
7	checked	32	31	reset	24	42.49	0
7	checked	32	31	reset	25	146.426	0
7	checked	32	31	reset	26	128.052	0
7	checked	32	31	reset	27	124.465	0
7	checked	32	31	reset	28	101.832	0
7	checked	32	31	reset	29	150.575	0
7	checked	32	31	reset	30	125.928	0
7	checked	32	31	reset	31	136.428	0
7	checked	32	31	reset	32	112.813	0
7	checked	32	31	reset	33	95.61	0
7	checked	32	31	reset	34	89.319	0
7	checked	32	31	reset	35	93.907	0
7	checked	32	31	reset	36	105.349	0
7	checked	32	31	reset	37	91.322	0
7	checked	32	31	reset	38	103.305	0
7	checked	32	31	reset	39	92.685	0
7	checked	32	31	reset	40	95.721	0
7	checked	32	31	reset	41	100.75	0
7	checked	32	31	reset	42	117.772	0
7	checked	32	31	reset	43	92.374	0
7	checked	32	31	reset	44	91.031	0
7	checked	32	31	reset	45	157.607	0
7	checked	32	31	reset	46	113.534	0
7	checked	32	31	reset	47	112.242	0
7	checked	32	31	reset	48	101.992	0
7	checked	32	31	reset	49	101.03	0
7	checked	32	31	reset	50	103.525	0
7	checked	32	31	reset	51	141.286	0
7	checked	32	31	reset	52	112.963	0
7	checked	32	31	reset	53	104.658	0
7	checked	32	31	reset	54	109.095	0
7	checked	32	31	reset	55	106.541	0
7	checked	32	31	reset	56	110.418	0
7	checked	32	31	reset	57	121.279	0
7	checked	32	31	reset	58	753.142	0
7	checked	32	31	reset	59	106.781	0
7	checked	32	31	reset	60	111.571	0
7	checked	32	31	reset	61	112.583	0
7	checked	32	31	reset	62	105.83	0
7	checked	32	31	reset	63	91.723	0
7	checked	32	31	reset	64	94.328	0
7	checked	32	31	reset	65	93.747	0
7	checked	32	31	reset	66	98.436	0
7	checked	32	31	reset	67	106.39	0
7	checked	32	31	reset	68	101.953	0
7	checked	32	31	reset	69	108.134	0
7	checked	32	31	reset	70	103.856	0
7	checked	32	31	reset	71	98.115	0
7	checked	32	31	reset	72	106.992	0
7	checked	32	31	reset	73	107.102	0
7	checked	32	31	reset	74	97.273	0
7	checked	32	31	reset	75	112.923	0
7	checked	32	31	reset	76	99.588	0
7	checked	32	31	reset	77	112.151	0
7	checked	32	31	reset	78	101.712	0
7	checked	32	31	reset	79	122.02	0
7	checked	32	31	reset	80	105.8	0
7	checked	32	31	reset	81	104.547	0
7	checked	32	31	reset	82	113.975	0
7	checked	32	31	reset	83	108.785	0
7	checked	32	31	reset	84	107.703	0
7	checked	32	31	reset	85	100.28	0
7	checked	32	31	reset	86	98.937	0
7	checked	32	31	reset	87	102.243	0
7	checked	32	31	reset	88	105.82	0
7	checked	32	31	reset	89	103.365	0
7	checked	32	31	reset	90	112.722	0
7	checked	32	31	reset	91	3450.421	0
7	checked	32	31	reset	92	119.726	0
7	checked	32	31	reset	93	107.553	0
7	checked	32	31	reset	94	3545.4	0
7	checked	32	31	reset	95	3264.7	0
7	checked	32	31	reset	96	115.578	0
7	checked	32	31	reset	97	113.885	0
7	checked	32	31	reset	98	104.176	0
7	checked	32	31	reset	99	101.552	0
7	checked	32	31	reset	100	104.026	0
7	checked	32	31	reset	101	108.975	0
7	checked	32	31	reset	102	103.615	0
7	checked	32	31	reset	103	98.486	0
7	checked	32	31	reset	104	121.359	0
7	checked	32	31	reset	105	108.324	0
7	checked	32	31	reset	106	105.128	0
7	checked	32	31	reset	107	104.827	0
7	checked	32	31	reset	108	116.009	0
7	checked	32	31	reset	109	109.767	0
7	checked	32	31	reset	110	106.16	0
7	checked	32	31	reset	111	121.59	0
7	checked	32	31	reset	112	120.457	0
7	checked	32	31	reset	113	105.228	0
7	checked	32	31	reset	114	104.417	0
7	checked	32	31	reset	115	114.036	0
7	checked	32	31	reset	116	113.184	0
7	checked	32	31	reset	117	104.106	0
7	checked	32	31	reset	118	106.821	0
7	checked	32	31	reset	119	271.642	0
7	checked	32	31	reset	120	130.486	0
7	checked	32	31	reset	121	105.519	0
7	checked	32	31	reset	122	108.705	0
7	checked	32	31	reset	123	118.623	0
7	checked	32	31	reset	124	111.681	0
7	checked	32	31	reset	125	97.724	0
7	checked	32	31	reset	126	113.504	0
7	checked	32	31	reset	127	111.521	0
7	checked	32	31	reset	128	114.777	0
7	checked	32	31	reset	129	116.77	0
7	checked	32	31	reset	130	190.149	0
7	checked	32	31	reset	131	136.908	0
7	checked	32	31	reset	132	3146.057	0
7	checked	32	31	reset	133	107.543	0
7	checked	32	31	reset	134	100.86	0
7	checked	32	31	reset	135	90.591	0
7	checked	32	31	reset	136	93.877	0
7	checked	32	31	reset	137	88.236	0
7	checked	32	31	reset	138	195.84	0
7	checked	32	31	reset	139	125.527	0
7	checked	32	31	reset	140	113.023	0
7	checked	32	31	reset	141	112.823	0
7	checked	32	31	reset	142	107.493	0
7	checked	32	31	reset	143	112.452	0
7	checked	32	31	reset	144	116.66	0
7	checked	32	31	reset	145	113.374	0
7	checked	32	31	reset	146	103.125	0
7	checked	32	31	reset	147	107.313	0
7	checked	32	31	reset	148	106.551	0
7	checked	32	31	reset	149	201.42	0
7	checked	32	31	reset	150	100.259	0
7	checked	32	31	reset	151	107.102	0
7	checked	32	31	reset	152	97.083	0
7	checked	32	31	reset	153	91.623	0
7	checked	32	31	reset	154	98.816	0
7	checked	32	31	reset	155	100.9	0
7	checked	32	31	reset	156	120.547	0
7	checked	32	31	reset	157	97.935	0
7	checked	32	31	reset	158	112.011	0
7	checked	32	31	reset	159	100.91	0
7	checked	32	31	reset	160	212.221	0
7	checked	32	31	reset	161	131.368	0
7	checked	32	31	reset	162	106.882	0
7	checked	32	31	reset	163	200.979	0
7	checked	32	31	reset	164	131.268	0
7	checked	32	31	reset	165	114.476	0
7	checked	32	31	reset	166	111.47	0
7	checked	32	31	reset	167	98.726	0
7	checked	32	31	reset	168	112.613	0
7	checked	32	31	reset	169	107.272	0
7	checked	32	31	reset	170	137.98	0
7	checked	32	31	reset	171	106.761	0
7	checked	32	31	reset	172	94.779	0
7	checked	32	31	reset	173	119.937	0
7	checked	32	31	reset	174	102.503	0
7	checked	32	31	reset	175	107.653	0
7	checked	32	31	reset	176	99.518	0
7	checked	32	31	reset	177	113.595	0
7	checked	32	31	reset	178	106.892	0
7	checked	32	31	reset	179	99.167	0
7	checked	32	31	reset	180	97.243	0
7	checked	32	31	reset	181	102.213	0
7	checked	32	31	reset	182	105.539	0
7	checked	32	31	reset	183	96.502	0
7	checked	32	31	reset	184	104.788	0
7	checked	32	31	reset	185	101.922	0
7	checked	32	31	reset	186	103.416	0
7	checked	32	31	reset	187	105.399	0
7	checked	32	31	reset	188	99.277	0
7	checked	32	31	reset	189	103.465	0
7	checked	32	31	reset	190	105.76	0
7	checked	32	31	reset	191	103.014	0
7	checked	32	31	reset	192	100.981	0
7	checked	32	31	reset	193	109.947	0
7	checked	32	31	reset	194	100.209	0
7	checked	32	31	reset	195	114.736	0
7	checked	32	31	reset	196	117.001	0
7	checked	32	31	reset	197	108.254	0
7	checked	32	31	reset	198	109.206	0
7	checked	32	31	reset	199	103.435	0
7	checked	32	31	reset	200	110.709	0
7	checked	32	31	stall	1	3131.399	0
7	checked	32	31	stall	2	1146.884	0
7	checked	32	31	stall	3	1079.558	0
7	checked	32	31	stall	4	3524.411	0
7	checked	32	31	stall	5	967.967	0
7	checked	32	31	stall	6	2740.522	0
7	checked	32	31	stall	7	2630.473	0
7	checked	32	31	stall	8	1588.748	0
7	checked	32	31	stall	9	2620.124	0
7	checked	32	31	stall	10	3161.095	0
7	checked	32	31	stall	11	3131.81	0
7	checked	32	31	stall	12	970.171	0
7	checked	32	31	stall	13	1070.47	0
7	checked	32	31	stall	14	979.869	0
7	checked	32	31	stall	15	1068.536	0
7	checked	32	31	stall	16	3437.847	0
7	checked	32	31	stall	17	1103.673	0
7	checked	32	31	stall	18	3438.329	0
7	checked	32	31	stall	19	971.113	0
7	checked	32	31	stall	20	1787.764	0
7	checked	32	31	stall	21	3180.642	0
7	checked	32	31	stall	22	1576.244	0
7	checked	32	31	stall	23	1608.776	0
7	checked	32	31	stall	24	1218.9	0
7	checked	32	31	stall	25	1784.026	0
7	checked	32	31	stall	26	1004.064	0
7	checked	32	31	stall	27	1708.033	0
7	checked	32	31	stall	28	1087.983	0
7	checked	32	31	stall	29	1795.559	0
7	checked	32	31	stall	30	943.019	0
7	checked	32	31	stall	31	1180.398	0
7	unsafe	32	31	reset	1	0.24	0
7	unsafe	32	31	reset	2	0.28	0
7	unsafe	32	31	reset	3	0.12	0
7	unsafe	32	31	reset	4	0.28	0
7	unsafe	32	31	reset	5	0.241	0
7	unsafe	32	31	reset	6	0.06	0
7	unsafe	32	31	reset	7	0.16	0
7	unsafe	32	31	reset	8	0.07	0
7	unsafe	32	31	reset	9	0.07	0
7	unsafe	32	31	reset	10	0.07	0
7	unsafe	32	31	reset	11	0.07	0
7	unsafe	32	31	reset	12	0.151	0
7	unsafe	32	31	reset	13	0.161	0
7	unsafe	32	31	reset	14	0.07	0
7	unsafe	32	31	reset	15	0.16	0
7	unsafe	32	31	reset	16	0.07	0
7	unsafe	32	31	reset	17	0.08	0
7	unsafe	32	31	reset	18	0.1	0
7	unsafe	32	31	reset	19	0.07	0
7	unsafe	32	31	reset	20	0.07	0
7	unsafe	32	31	reset	21	0.07	0
7	unsafe	32	31	reset	22	0.06	0
7	unsafe	32	31	reset	23	0.07	0
7	unsafe	32	31	reset	24	0.141	0
7	unsafe	32	31	reset	25	0.07	0
7	unsafe	32	31	reset	26	0.07	0
7	unsafe	32	31	reset	27	0.06	0
7	unsafe	32	31	reset	28	0.07	0
7	unsafe	32	31	reset	29	0.161	0
7	unsafe	32	31	reset	30	0.12	0
7	unsafe	32	31	reset	31	0.12	0
7	unsafe	32	31	reset	32	0.131	0
7	unsafe	32	31	reset	33	0.19	0
7	unsafe	32	31	reset	34	0.12	0
7	unsafe	32	31	reset	35	0.12	0
7	unsafe	32	31	reset	36	0.12	0
7	unsafe	32	31	reset	37	0.12	0
7	unsafe	32	31	reset	38	0.13	0
7	unsafe	32	31	reset	39	0.13	0
7	unsafe	32	31	reset	40	0.13	0
7	unsafe	32	31	reset	41	0.12	0
7	unsafe	32	31	reset	42	0.12	0
7	unsafe	32	31	reset	43	0.13	0
7	unsafe	32	31	reset	44	0.131	0
7	unsafe	32	31	reset	45	0.131	0
7	unsafe	32	31	reset	46	0.131	0
7	unsafe	32	31	reset	47	0.12	0
7	unsafe	32	31	reset	48	0.13	0
7	unsafe	32	31	reset	49	0.12	0
7	unsafe	32	31	reset	50	0.12	0
7	unsafe	32	31	reset	51	0.12	0
7	unsafe	32	31	reset	52	0.13	0
7	unsafe	32	31	reset	53	0.161	0
7	unsafe	32	31	reset	54	0.12	0
7	unsafe	32	31	reset	55	0.12	0
7	unsafe	32	31	reset	56	0.13	0
7	unsafe	32	31	reset	57	0.13	0
7	unsafe	32	31	reset	58	0.12	0
7	unsafe	32	31	reset	59	0.12	0
7	unsafe	32	31	reset	60	0.13	0
7	unsafe	32	31	reset	61	0.12	0
7	unsafe	32	31	reset	62	0.13	0
7	unsafe	32	31	reset	63	0.12	0
7	unsafe	32	31	reset	64	0.12	0
7	unsafe	32	31	reset	65	0.12	0
7	unsafe	32	31	reset	66	0.121	0
7	unsafe	32	31	reset	67	0.12	0
7	unsafe	32	31	reset	68	0.13	0
7	unsafe	32	31	reset	69	0.12	0
7	unsafe	32	31	reset	70	0.12	0
7	unsafe	32	31	reset	71	0.13	0
7	unsafe	32	31	reset	72	0.12	0
7	unsafe	32	31	reset	73	0.151	0
7	unsafe	32	31	reset	74	0.12	0
7	unsafe	32	31	reset	75	0.12	0
7	unsafe	32	31	reset	76	0.12	0
7	unsafe	32	31	reset	77	0.161	0
7	unsafe	32	31	reset	78	0.13	0
7	unsafe	32	31	reset	79	0.131	0
7	unsafe	32	31	reset	80	0.13	0
7	unsafe	32	31	reset	81	0.121	0
7	unsafe	32	31	reset	82	0.131	0
7	unsafe	32	31	reset	83	0.12	0
7	unsafe	32	31	reset	84	0.12	0
7	unsafe	32	31	reset	85	0.131	0
7	unsafe	32	31	reset	86	0.121	0
7	unsafe	32	31	reset	87	0.13	0
7	unsafe	32	31	reset	88	0.13	0
7	unsafe	32	31	reset	89	0.13	0
7	unsafe	32	31	reset	90	0.121	0
7	unsafe	32	31	reset	91	0.12	0
7	unsafe	32	31	reset	92	0.131	0
7	unsafe	32	31	reset	93	0.12	0
7	unsafe	32	31	reset	94	0.12	0
7	unsafe	32	31	reset	95	0.12	0
7	unsafe	32	31	reset	96	0.13	0
7	unsafe	32	31	reset	97	0.12	0
7	unsafe	32	31	reset	98	0.12	0
7	unsafe	32	31	reset	99	0.131	0
7	unsafe	32	31	reset	100	0.12	0
7	unsafe	32	31	reset	101	0.12	0
7	unsafe	32	31	reset	102	0.13	0
7	unsafe	32	31	reset	103	0.13	0
7	unsafe	32	31	reset	104	0.13	0
7	unsafe	32	31	reset	105	0.13	0
7	unsafe	32	31	reset	106	0.13	0
7	unsafe	32	31	reset	107	0.12	0
7	unsafe	32	31	reset	108	0.13	0
7	unsafe	32	31	reset	109	0.13	0
7	unsafe	32	31	reset	110	0.12	0
7	unsafe	32	31	reset	111	0.12	0
7	unsafe	32	31	reset	112	0.13	0
7	unsafe	32	31	reset	113	0.13	0
7	unsafe	32	31	reset	114	0.13	0
7	unsafe	32	31	reset	115	0.131	0
7	unsafe	32	31	reset	116	0.12	0
7	unsafe	32	31	reset	117	0.121	0
7	unsafe	32	31	reset	118	0.12	0
7	unsafe	32	31	reset	119	0.131	0
7	unsafe	32	31	reset	120	0.12	0
7	unsafe	32	31	reset	121	0.12	0
7	unsafe	32	31	reset	122	0.12	0
7	unsafe	32	31	reset	123	0.131	0
7	unsafe	32	31	reset	124	0.13	0
7	unsafe	32	31	reset	125	0.13	0
7	unsafe	32	31	reset	126	0.13	0
7	unsafe	32	31	reset	127	0.17	0
7	unsafe	32	31	reset	128	0.13	0
7	unsafe	32	31	reset	129	0.12	0
7	unsafe	32	31	reset	130	0.12	0
7	unsafe	32	31	reset	131	0.13	0
7	unsafe	32	31	reset	132	0.12	0
7	unsafe	32	31	reset	133	0.12	0
7	unsafe	32	31	reset	134	0.13	0
7	unsafe	32	31	reset	135	0.13	0
7	unsafe	32	31	reset	136	0.13	0
7	unsafe	32	31	reset	137	0.131	0
7	unsafe	32	31	reset	138	0.12	0
7	unsafe	32	31	reset	139	0.13	0
7	unsafe	32	31	reset	140	0.13	0
7	unsafe	32	31	reset	141	0.121	0
7	unsafe	32	31	reset	142	0.121	0
7	unsafe	32	31	reset	143	0.13	0
7	unsafe	32	31	reset	144	0.121	0
7	unsafe	32	31	reset	145	0.12	0
7	unsafe	32	31	reset	146	0.131	0
7	unsafe	32	31	reset	147	0.161	0
7	unsafe	32	31	reset	148	0.131	0
7	unsafe	32	31	reset	149	0.12	0
7	unsafe	32	31	reset	150	0.12	0
7	unsafe	32	31	reset	151	0.12	0
7	unsafe	32	31	reset	152	0.13	0
7	unsafe	32	31	reset	153	0.131	0
7	unsafe	32	31	reset	154	0.12	0
7	unsafe	32	31	reset	155	0.13	0
7	unsafe	32	31	reset	156	0.121	0
7	unsafe	32	31	reset	157	0.13	0
7	unsafe	32	31	reset	158	0.141	0
7	unsafe	32	31	reset	159	0.121	0
7	unsafe	32	31	reset	160	0.12	0
7	unsafe	32	31	reset	161	0.131	0
7	unsafe	32	31	reset	162	0.12	0
7	unsafe	32	31	reset	163	0.12	0
7	unsafe	32	31	reset	164	0.13	0
7	unsafe	32	31	reset	165	0.13	0
7	unsafe	32	31	reset	166	0.13	0
7	unsafe	32	31	reset	167	0.12	0
7	unsafe	32	31	reset	168	0.13	0
7	unsafe	32	31	reset	169	0.12	0
7	unsafe	32	31	reset	170	0.121	0
7	unsafe	32	31	reset	171	0.12	0
7	unsafe	32	31	reset	172	0.131	0
7	unsafe	32	31	reset	173	0.12	0
7	unsafe	32	31	reset	174	0.12	0
7	unsafe	32	31	reset	175	0.13	0
7	unsafe	32	31	reset	176	0.13	0
7	unsafe	32	31	reset	177	0.12	0
7	unsafe	32	31	reset	178	0.12	0
7	unsafe	32	31	reset	179	0.131	0
7	unsafe	32	31	reset	180	0.12	0
7	unsafe	32	31	reset	181	0.131	0
7	unsafe	32	31	reset	182	0.13	0
7	unsafe	32	31	reset	183	0.13	0
7	unsafe	32	31	reset	184	0.12	0
7	unsafe	32	31	reset	185	0.12	0
7	unsafe	32	31	reset	186	0.12	0
7	unsafe	32	31	reset	187	0.131	0
7	unsafe	32	31	reset	188	0.131	0
7	unsafe	32	31	reset	189	0.13	0
7	unsafe	32	31	reset	190	0.13	0
7	unsafe	32	31	reset	191	0.13	0
7	unsafe	32	31	reset	192	0.12	0
7	unsafe	32	31	reset	193	0.13	0
7	unsafe	32	31	reset	194	0.121	0
7	unsafe	32	31	reset	195	0.13	0
7	unsafe	32	31	reset	196	0.121	0
7	unsafe	32	31	reset	197	0.12	0
7	unsafe	32	31	reset	198	0.131	0
7	unsafe	32	31	reset	199	0.16	0
7	unsafe	32	31	reset	200	0.13	0
7	unsafe	32	31	stall	1	191.06	0
7	unsafe	32	31	stall	2	0.0	0
7	unsafe	32	31	stall	3	0.0	0
7	unsafe	32	31	stall	4	5010.264	0
7	unsafe	32	31	stall	5	0.0	0
7	unsafe	32	31	stall	6	4996.829	0
7	unsafe	32	31	stall	7	0.0	0
7	unsafe	32	31	stall	8	0.0	0
7	unsafe	32	31	stall	9	3013.296	0
7	unsafe	32	31	stall	10	0.0	0
7	unsafe	32	31	stall	11	0.0	0
7	unsafe	32	31	stall	12	0.0	0
7	unsafe	32	31	stall	13	180.23	0
7	unsafe	32	31	stall	14	0.0	0
7	unsafe	32	31	stall	15	0.0	0
7	unsafe	32	31	stall	16	0.0	0
7	unsafe	32	31	stall	17	0.0	0
7	unsafe	32	31	stall	18	0.0	0
7	unsafe	32	31	stall	19	0.0	0
7	unsafe	32	31	stall	20	0.0	0
7	unsafe	32	31	stall	21	3013.266	0
7	unsafe	32	31	stall	22	0.0	0
7	unsafe	32	31	stall	23	0.0	0
7	unsafe	32	31	stall	24	0.0	0
7	unsafe	32	31	stall	25	48.131	0
7	unsafe	32	31	stall	26	0.0	0
7	unsafe	32	31	stall	27	0.0	0
7	unsafe	32	31	stall	28	0.0	0
7	unsafe	32	31	stall	29	0.0	0
7	unsafe	32	31	stall	30	0.0	0
7	unsafe	32	31	stall	31	0.0	0
8	checked	1	0	reset	1	37.932	0
8	checked	1	0	reset	2	27.262	0
8	checked	1	0	reset	3	26.36	0
8	checked	1	0	reset	4	26.63	0
8	checked	1	0	reset	5	26.45	0
8	checked	1	0	reset	6	27.051	0
8	checked	1	0	reset	7	26.239	0
8	checked	1	0	reset	8	26.329	0
8	checked	1	0	reset	9	26.049	0
8	checked	1	0	reset	10	30.338	0
8	checked	1	0	reset	11	27.742	0
8	checked	1	0	reset	12	27.161	0
8	checked	1	0	reset	13	27.502	0
8	checked	1	0	reset	14	27.151	0
8	checked	1	0	reset	15	26.941	0
8	checked	1	0	reset	16	26.961	0
8	checked	1	0	reset	17	28.604	0
8	checked	1	0	reset	18	27.021	0
8	checked	1	0	reset	19	26.551	0
8	checked	1	0	reset	20	28.093	0
8	checked	1	0	reset	21	26.991	0
8	checked	1	0	reset	22	26.51	0
8	checked	1	0	reset	23	26.44	0
8	checked	1	0	reset	24	27.402	0
8	checked	1	0	reset	25	26.881	0
8	checked	1	0	reset	26	26.57	0
8	checked	1	0	reset	27	26.901	0
8	checked	1	0	reset	28	26.71	0
8	checked	1	0	reset	29	27.742	0
8	checked	1	0	reset	30	27.081	0
8	checked	1	0	reset	31	27.542	0
8	checked	1	0	reset	32	27.041	0
8	checked	1	0	reset	33	26.229	0
8	checked	1	0	reset	34	26.4	0
8	checked	1	0	reset	35	26.18	0
8	checked	1	0	reset	36	26.66	0
8	checked	1	0	reset	37	26.249	0
8	checked	1	0	reset	38	26.18	0
8	checked	1	0	reset	39	26.881	0
8	checked	1	0	reset	40	26.29	0
8	checked	1	0	reset	41	26.58	0
8	checked	1	0	reset	42	26.5	0
8	checked	1	0	reset	43	26.58	0
8	checked	1	0	reset	44	26.159	0
8	checked	1	0	reset	45	26.179	0
8	checked	1	0	reset	46	26.26	0
8	checked	1	0	reset	47	26.33	0
8	checked	1	0	reset	48	26.67	0
8	checked	1	0	reset	49	26.15	0
8	checked	1	0	reset	50	26.13	0
8	checked	1	0	reset	51	26.139	0
8	checked	1	0	reset	52	26.149	0
8	checked	1	0	reset	53	26.78	0
8	checked	1	0	reset	54	26.369	0
8	checked	1	0	reset	55	26.42	0
8	checked	1	0	reset	56	26.189	0
8	checked	1	0	reset	57	26.651	0
8	checked	1	0	reset	58	26.62	0
8	checked	1	0	reset	59	26.14	0
8	checked	1	0	reset	60	26.36	0
8	checked	1	0	reset	61	26.23	0
8	checked	1	0	reset	62	26.7	0
8	checked	1	0	reset	63	26.059	0
8	checked	1	0	reset	64	26.219	0
8	checked	1	0	reset	65	26.309	0
8	checked	1	0	reset	66	26.299	0
8	checked	1	0	reset	67	26.641	0
8	checked	1	0	reset	68	26.35	0
8	checked	1	0	reset	69	26.239	0
8	checked	1	0	reset	70	26.36	0
8	checked	1	0	reset	71	26.259	0
8	checked	1	0	reset	72	26.64	0
8	checked	1	0	reset	73	26.139	0
8	checked	1	0	reset	74	26.219	0
8	checked	1	0	reset	75	26.279	0
8	checked	1	0	reset	76	33.393	0
8	checked	1	0	reset	77	26.149	0
8	checked	1	0	reset	78	26.28	0
8	checked	1	0	reset	79	26.189	0
8	checked	1	0	reset	80	26.429	0
8	checked	1	0	reset	81	26.92	0
8	checked	1	0	reset	82	27.582	0
8	checked	1	0	reset	83	26.15	0
8	checked	1	0	reset	84	26.309	0
8	checked	1	0	reset	85	26.22	0
8	checked	1	0	reset	86	26.691	0
8	checked	1	0	reset	87	26.069	0
8	checked	1	0	reset	88	26.45	0
8	checked	1	0	reset	89	25.979	0
8	checked	1	0	reset	90	26.139	0
8	checked	1	0	reset	91	26.52	0
8	checked	1	0	reset	92	26.3	0
8	checked	1	0	reset	93	26.65	0
8	checked	1	0	reset	94	26.109	0
8	checked	1	0	reset	95	26.741	0
8	checked	1	0	reset	96	26.5	0
8	checked	1	0	reset	97	26.18	0
8	checked	1	0	reset	98	26.19	0
8	checked	1	0	reset	99	26.089	0
8	checked	1	0	reset	100	26.62	0
8	checked	1	0	reset	101	26.119	0
8	checked	1	0	reset	102	33.283	0
8	checked	1	0	reset	103	26.329	0
8	checked	1	0	reset	104	26.259	0
8	checked	1	0	reset	105	27.281	0
8	checked	1	0	reset	106	26.309	0
8	checked	1	0	reset	107	26.73	0
8	checked	1	0	reset	108	26.26	0
8	checked	1	0	reset	109	26.179	0
8	checked	1	0	reset	110	26.25	0
8	checked	1	0	reset	111	26.15	0
8	checked	1	0	reset	112	26.51	0
8	checked	1	0	reset	113	26.34	0
8	checked	1	0	reset	114	26.86	0
8	checked	1	0	reset	115	26.249	0
8	checked	1	0	reset	116	26.24	0
8	checked	1	0	reset	117	26.42	0
8	checked	1	0	reset	118	26.39	0
8	checked	1	0	reset	119	26.51	0
8	checked	1	0	reset	120	26.219	0
8	checked	1	0	reset	121	26.61	0
8	checked	1	0	reset	122	26.26	0
8	checked	1	0	reset	123	26.129	0
8	checked	1	0	reset	124	26.691	0
8	checked	1	0	reset	125	26.149	0
8	checked	1	0	reset	126	26.24	0
8	checked	1	0	reset	127	26.34	0
8	checked	1	0	reset	128	26.66	0
8	checked	1	0	reset	129	30.077	0
8	checked	1	0	reset	130	27.051	0
8	checked	1	0	reset	131	27.522	0
8	checked	1	0	reset	132	26.781	0
8	checked	1	0	reset	133	27.752	0
8	checked	1	0	reset	134	26.56	0
8	checked	1	0	reset	135	28.434	0
8	checked	1	0	reset	136	26.87	0
8	checked	1	0	reset	137	27.071	0
8	checked	1	0	reset	138	27.863	0
8	checked	1	0	reset	139	26.54	0
8	checked	1	0	reset	140	26.66	0
8	checked	1	0	reset	141	26.219	0
8	checked	1	0	reset	142	26.159	0
8	checked	1	0	reset	143	26.5	0
8	checked	1	0	reset	144	26.239	0
8	checked	1	0	reset	145	26.169	0
8	checked	1	0	reset	146	26.3	0
8	checked	1	0	reset	147	26.57	0
8	checked	1	0	reset	148	26.2	0
8	checked	1	0	reset	149	26.3	0
8	checked	1	0	reset	150	26.771	0
8	checked	1	0	reset	151	26.26	0
8	checked	1	0	reset	152	26.69	0
8	checked	1	0	reset	153	26.26	0
8	checked	1	0	reset	154	26.69	0
8	checked	1	0	reset	155	26.149	0
8	checked	1	0	reset	156	26.23	0
8	checked	1	0	reset	157	26.53	0
8	checked	1	0	reset	158	26.179	0
8	checked	1	0	reset	159	26.42	0
8	checked	1	0	reset	160	26.67	0
8	checked	1	0	reset	161	27.732	0
8	checked	1	0	reset	162	27.341	0
8	checked	1	0	reset	163	27.011	0
8	checked	1	0	reset	164	27.682	0
8	checked	1	0	reset	165	27.302	0
8	checked	1	0	reset	166	27.993	0
8	checked	1	0	reset	167	26.75	0
8	checked	1	0	reset	168	27.642	0
8	checked	1	0	reset	169	27.081	0
8	checked	1	0	reset	170	26.75	0
8	checked	1	0	reset	171	26.911	0
8	checked	1	0	reset	172	26.389	0
8	checked	1	0	reset	173	26.279	0
8	checked	1	0	reset	174	26.32	0
8	checked	1	0	reset	175	26.66	0
8	checked	1	0	reset	176	26.58	0
8	checked	1	0	reset	177	27.552	0
8	checked	1	0	reset	178	26.87	0
8	checked	1	0	reset	179	26.089	0
8	checked	1	0	reset	180	26.7	0
8	checked	1	0	reset	181	26.319	0
8	checked	1	0	reset	182	34.155	0
8	checked	1	0	reset	183	26.229	0
8	checked	1	0	reset	184	26.26	0
8	checked	1	0	reset	185	26.53	0
8	checked	1	0	reset	186	26.37	0
8	checked	1	0	reset	187	26.48	0
8	checked	1	0	reset	188	26.29	0
8	checked	1	0	reset	189	42.811	0
8	checked	1	0	reset	190	26.35	0
8	checked	1	0	reset	191	26.059	0
8	checked	1	0	reset	192	26.691	0
8	checked	1	0	reset	193	26.189	0
8	checked	1	0	reset	194	26.5	0
8	checked	1	0	reset	195	26.059	0
8	checked	1	0	reset	196	26.611	0
8	checked	1	0	reset	197	26.389	0
8	checked	1	0	reset	198	26.179	0
8	checked	1	0	reset	199	26.55	0
8	checked	1	0	reset	200	26.129	0
8	unsafe	1	0	reset	1	0.09	0
8	unsafe	1	0	reset	2	0.05	0
8	unsafe	1	0	reset	3	0.05	0
8	unsafe	1	0	reset	4	0.04	0
8	unsafe	1	0	reset	5	0.06	0
8	unsafe	1	0	reset	6	0.05	0
8	unsafe	1	0	reset	7	0.06	0
8	unsafe	1	0	reset	8	0.071	0
8	unsafe	1	0	reset	9	0.05	0
8	unsafe	1	0	reset	10	0.06	0
8	unsafe	1	0	reset	11	0.06	0
8	unsafe	1	0	reset	12	0.051	0
8	unsafe	1	0	reset	13	0.06	0
8	unsafe	1	0	reset	14	0.05	0
8	unsafe	1	0	reset	15	0.07	0
8	unsafe	1	0	reset	16	0.07	0
8	unsafe	1	0	reset	17	0.07	0
8	unsafe	1	0	reset	18	0.07	0
8	unsafe	1	0	reset	19	0.06	0
8	unsafe	1	0	reset	20	0.051	0
8	unsafe	1	0	reset	21	0.07	0
8	unsafe	1	0	reset	22	0.05	0
8	unsafe	1	0	reset	23	0.071	0
8	unsafe	1	0	reset	24	0.05	0
8	unsafe	1	0	reset	25	0.071	0
8	unsafe	1	0	reset	26	0.07	0
8	unsafe	1	0	reset	27	0.06	0
8	unsafe	1	0	reset	28	0.1	0
8	unsafe	1	0	reset	29	0.07	0
8	unsafe	1	0	reset	30	0.06	0
8	unsafe	1	0	reset	31	0.09	0
8	unsafe	1	0	reset	32	0.06	0
8	unsafe	1	0	reset	33	0.05	0
8	unsafe	1	0	reset	34	0.06	0
8	unsafe	1	0	reset	35	0.061	0
8	unsafe	1	0	reset	36	0.07	0
8	unsafe	1	0	reset	37	0.06	0
8	unsafe	1	0	reset	38	0.06	0
8	unsafe	1	0	reset	39	0.07	0
8	unsafe	1	0	reset	40	0.06	0
8	unsafe	1	0	reset	41	0.06	0
8	unsafe	1	0	reset	42	0.05	0
8	unsafe	1	0	reset	43	0.06	0
8	unsafe	1	0	reset	44	0.07	0
8	unsafe	1	0	reset	45	0.05	0
8	unsafe	1	0	reset	46	0.06	0
8	unsafe	1	0	reset	47	0.06	0
8	unsafe	1	0	reset	48	0.06	0
8	unsafe	1	0	reset	49	0.06	0
8	unsafe	1	0	reset	50	0.06	0
8	unsafe	1	0	reset	51	0.08	0
8	unsafe	1	0	reset	52	0.06	0
8	unsafe	1	0	reset	53	0.06	0
8	unsafe	1	0	reset	54	0.07	0
8	unsafe	1	0	reset	55	0.06	0
8	unsafe	1	0	reset	56	0.06	0
8	unsafe	1	0	reset	57	0.07	0
8	unsafe	1	0	reset	58	0.07	0
8	unsafe	1	0	reset	59	0.06	0
8	unsafe	1	0	reset	60	0.04	0
8	unsafe	1	0	reset	61	0.06	0
8	unsafe	1	0	reset	62	0.05	0
8	unsafe	1	0	reset	63	0.081	0
8	unsafe	1	0	reset	64	0.07	0
8	unsafe	1	0	reset	65	0.04	0
8	unsafe	1	0	reset	66	0.06	0
8	unsafe	1	0	reset	67	0.05	0
8	unsafe	1	0	reset	68	0.05	0
8	unsafe	1	0	reset	69	0.071	0
8	unsafe	1	0	reset	70	0.06	0
8	unsafe	1	0	reset	71	0.07	0
8	unsafe	1	0	reset	72	0.04	0
8	unsafe	1	0	reset	73	0.07	0
8	unsafe	1	0	reset	74	0.06	0
8	unsafe	1	0	reset	75	0.05	0
8	unsafe	1	0	reset	76	0.181	0
8	unsafe	1	0	reset	77	0.07	0
8	unsafe	1	0	reset	78	0.05	0
8	unsafe	1	0	reset	79	0.07	0
8	unsafe	1	0	reset	80	0.05	0
8	unsafe	1	0	reset	81	0.06	0
8	unsafe	1	0	reset	82	0.07	0
8	unsafe	1	0	reset	83	0.05	0
8	unsafe	1	0	reset	84	0.06	0
8	unsafe	1	0	reset	85	0.061	0
8	unsafe	1	0	reset	86	0.06	0
8	unsafe	1	0	reset	87	0.08	0
8	unsafe	1	0	reset	88	0.04	0
8	unsafe	1	0	reset	89	0.06	0
8	unsafe	1	0	reset	90	0.06	0
8	unsafe	1	0	reset	91	0.05	0
8	unsafe	1	0	reset	92	0.07	0
8	unsafe	1	0	reset	93	0.06	0
8	unsafe	1	0	reset	94	0.07	0
8	unsafe	1	0	reset	95	0.06	0
8	unsafe	1	0	reset	96	0.05	0
8	unsafe	1	0	reset	97	0.07	0
8	unsafe	1	0	reset	98	0.07	0
8	unsafe	1	0	reset	99	0.06	0
8	unsafe	1	0	reset	100	0.06	0
8	unsafe	1	0	reset	101	0.06	0
8	unsafe	1	0	reset	102	0.08	0
8	unsafe	1	0	reset	103	0.071	0
8	unsafe	1	0	reset	104	0.06	0
8	unsafe	1	0	reset	105	0.05	0
8	unsafe	1	0	reset	106	0.05	0
8	unsafe	1	0	reset	107	0.07	0
8	unsafe	1	0	reset	108	0.04	0
8	unsafe	1	0	reset	109	0.06	0
8	unsafe	1	0	reset	110	0.09	0
8	unsafe	1	0	reset	111	0.07	0
8	unsafe	1	0	reset	112	0.06	0
8	unsafe	1	0	reset	113	0.05	0
8	unsafe	1	0	reset	114	0.061	0
8	unsafe	1	0	reset	115	0.08	0
8	unsafe	1	0	reset	116	0.061	0
8	unsafe	1	0	reset	117	0.07	0
8	unsafe	1	0	reset	118	0.05	0
8	unsafe	1	0	reset	119	0.06	0
8	unsafe	1	0	reset	120	0.07	0
8	unsafe	1	0	reset	121	0.071	0
8	unsafe	1	0	reset	122	0.071	0
8	unsafe	1	0	reset	123	0.07	0
8	unsafe	1	0	reset	124	0.07	0
8	unsafe	1	0	reset	125	0.08	0
8	unsafe	1	0	reset	126	0.05	0
8	unsafe	1	0	reset	127	0.07	0
8	unsafe	1	0	reset	128	0.05	0
8	unsafe	1	0	reset	129	0.09	0
8	unsafe	1	0	reset	130	0.07	0
8	unsafe	1	0	reset	131	0.06	0
8	unsafe	1	0	reset	132	0.08	0
8	unsafe	1	0	reset	133	0.07	0
8	unsafe	1	0	reset	134	0.06	0
8	unsafe	1	0	reset	135	0.071	0
8	unsafe	1	0	reset	136	0.05	0
8	unsafe	1	0	reset	137	0.07	0
8	unsafe	1	0	reset	138	0.061	0
8	unsafe	1	0	reset	139	0.06	0
8	unsafe	1	0	reset	140	0.08	0
8	unsafe	1	0	reset	141	0.05	0
8	unsafe	1	0	reset	142	0.08	0
8	unsafe	1	0	reset	143	0.06	0
8	unsafe	1	0	reset	144	0.06	0
8	unsafe	1	0	reset	145	0.081	0
8	unsafe	1	0	reset	146	0.051	0
8	unsafe	1	0	reset	147	0.05	0
8	unsafe	1	0	reset	148	0.07	0
8	unsafe	1	0	reset	149	0.05	0
8	unsafe	1	0	reset	150	0.071	0
8	unsafe	1	0	reset	151	0.07	0
8	unsafe	1	0	reset	152	0.06	0
8	unsafe	1	0	reset	153	0.07	0
8	unsafe	1	0	reset	154	0.051	0
8	unsafe	1	0	reset	155	0.07	0
8	unsafe	1	0	reset	156	0.06	0
8	unsafe	1	0	reset	157	0.06	0
8	unsafe	1	0	reset	158	0.07	0
8	unsafe	1	0	reset	159	0.06	0
8	unsafe	1	0	reset	160	0.07	0
8	unsafe	1	0	reset	161	0.05	0
8	unsafe	1	0	reset	162	0.06	0
8	unsafe	1	0	reset	163	0.081	0
8	unsafe	1	0	reset	164	0.05	0
8	unsafe	1	0	reset	165	0.07	0
8	unsafe	1	0	reset	166	0.05	0
8	unsafe	1	0	reset	167	0.06	0
8	unsafe	1	0	reset	168	0.07	0
8	unsafe	1	0	reset	169	0.06	0
8	unsafe	1	0	reset	170	0.07	0
8	unsafe	1	0	reset	171	0.06	0
8	unsafe	1	0	reset	172	0.06	0
8	unsafe	1	0	reset	173	0.07	0
8	unsafe	1	0	reset	174	0.04	0
8	unsafe	1	0	reset	175	0.07	0
8	unsafe	1	0	reset	176	0.07	0
8	unsafe	1	0	reset	177	0.06	0
8	unsafe	1	0	reset	178	0.07	0
8	unsafe	1	0	reset	179	0.07	0
8	unsafe	1	0	reset	180	0.06	0
8	unsafe	1	0	reset	181	0.07	0
8	unsafe	1	0	reset	182	0.05	0
8	unsafe	1	0	reset	183	0.07	0
8	unsafe	1	0	reset	184	0.05	0
8	unsafe	1	0	reset	185	0.071	0
8	unsafe	1	0	reset	186	0.07	0
8	unsafe	1	0	reset	187	0.06	0
8	unsafe	1	0	reset	188	0.08	0
8	unsafe	1	0	reset	189	0.06	0
8	unsafe	1	0	reset	190	0.06	0
8	unsafe	1	0	reset	191	0.08	0
8	unsafe	1	0	reset	192	0.05	0
8	unsafe	1	0	reset	193	0.081	0
8	unsafe	1	0	reset	194	0.05	0
8	unsafe	1	0	reset	195	0.051	0
8	unsafe	1	0	reset	196	0.07	0
8	unsafe	1	0	reset	197	0.05	0
8	unsafe	1	0	reset	198	0.07	0
8	unsafe	1	0	reset	199	0.06	0
8	unsafe	1	0	reset	200	0.06	0
8	checked	4	3	reset	1	69.862	0
8	checked	4	3	reset	2	49.092	0
8	checked	4	3	reset	3	51.588	0
8	checked	4	3	reset	4	45.486	0
8	checked	4	3	reset	5	108.345	0
8	checked	4	3	reset	6	31.63	0
8	checked	4	3	reset	7	34.786	0
8	checked	4	3	reset	8	32.531	0
8	checked	4	3	reset	9	33.934	0
8	checked	4	3	reset	10	32.432	0
8	checked	4	3	reset	11	33.403	0
8	checked	4	3	reset	12	33.022	0
8	checked	4	3	reset	13	32.021	0
8	checked	4	3	reset	14	30.989	0
8	checked	4	3	reset	15	30.458	0
8	checked	4	3	reset	16	31.259	0
8	checked	4	3	reset	17	30.027	0
8	checked	4	3	reset	18	30.497	0
8	checked	4	3	reset	19	29.776	0
8	checked	4	3	reset	20	30.998	0
8	checked	4	3	reset	21	29.706	0
8	checked	4	3	reset	22	30.468	0
8	checked	4	3	reset	23	30.839	0
8	checked	4	3	reset	24	47.309	0
8	checked	4	3	reset	25	49.724	0
8	checked	4	3	reset	26	46.257	0
8	checked	4	3	reset	27	35.527	0
8	checked	4	3	reset	28	34.486	0
8	checked	4	3	reset	29	34.736	0
8	checked	4	3	reset	30	33.994	0
8	checked	4	3	reset	31	36.82	0
8	checked	4	3	reset	32	35.006	0
8	checked	4	3	reset	33	36.439	0
8	checked	4	3	reset	34	36.088	0
8	checked	4	3	reset	35	33.773	0
8	checked	4	3	reset	36	34.706	0
8	checked	4	3	reset	37	34.324	0
8	checked	4	3	reset	38	58.25	0
8	checked	4	3	reset	39	42.701	0
8	checked	4	3	reset	40	39.905	0
8	checked	4	3	reset	41	33.994	0
8	checked	4	3	reset	42	34.625	0
8	checked	4	3	reset	43	34.535	0
8	checked	4	3	reset	44	35.086	0
8	checked	4	3	reset	45	35.607	0
8	checked	4	3	reset	46	33.493	0
8	checked	4	3	reset	47	34.715	0
8	checked	4	3	reset	48	34.405	0
8	checked	4	3	reset	49	34.906	0
8	checked	4	3	reset	50	34.726	0
8	checked	4	3	reset	51	34.005	0
8	checked	4	3	reset	52	34.044	0
8	checked	4	3	reset	53	33.533	0
8	checked	4	3	reset	54	35.527	0
8	checked	4	3	reset	55	35.868	0
8	checked	4	3	reset	56	36.949	0
8	checked	4	3	reset	57	33.684	0
8	checked	4	3	reset	58	35.968	0
8	checked	4	3	reset	59	33.674	0
8	checked	4	3	reset	60	34.385	0
8	checked	4	3	reset	61	39.354	0
8	checked	4	3	reset	62	34.736	0
8	checked	4	3	reset	63	33.995	0
8	checked	4	3	reset	64	34.085	0
8	checked	4	3	reset	65	33.914	0
8	checked	4	3	reset	66	35.677	0
8	checked	4	3	reset	67	33.393	0
8	checked	4	3	reset	68	33.564	0
8	checked	4	3	reset	69	33.052	0
8	checked	4	3	reset	70	34.495	0
8	checked	4	3	reset	71	34.114	0
8	checked	4	3	reset	72	34.024	0
8	checked	4	3	reset	73	33.393	0
8	checked	4	3	reset	74	34.044	0
8	checked	4	3	reset	75	34.485	0
8	checked	4	3	reset	76	35.126	0
8	checked	4	3	reset	77	33.583	0
8	checked	4	3	reset	78	33.834	0
8	checked	4	3	reset	79	35.838	0
8	checked	4	3	reset	80	34.956	0
8	checked	4	3	reset	81	33.483	0
8	checked	4	3	reset	82	33.503	0
8	checked	4	3	reset	83	33.904	0
8	checked	4	3	reset	84	34.966	0
8	checked	4	3	reset	85	35.457	0
8	checked	4	3	reset	86	34.515	0
8	checked	4	3	reset	87	33.574	0
8	checked	4	3	reset	88	35.116	0
8	checked	4	3	reset	89	34.795	0
8	checked	4	3	reset	90	34.295	0
8	checked	4	3	reset	91	34.145	0
8	checked	4	3	reset	92	33.202	0
8	checked	4	3	reset	93	34.515	0
8	checked	4	3	reset	94	33.193	0
8	checked	4	3	reset	95	34.876	0
8	checked	4	3	reset	96	34.456	0
8	checked	4	3	reset	97	34.685	0
8	checked	4	3	reset	98	33.673	0
8	checked	4	3	reset	99	33.914	0
8	checked	4	3	reset	100	34.094	0
8	checked	4	3	reset	101	33.644	0
8	checked	4	3	reset	102	34.224	0
8	checked	4	3	reset	103	34.304	0
8	checked	4	3	reset	104	34.215	0
8	checked	4	3	reset	105	33.152	0
8	checked	4	3	reset	106	34.545	0
8	checked	4	3	reset	107	33.944	0
8	checked	4	3	reset	108	35.016	0
8	checked	4	3	reset	109	34.255	0
8	checked	4	3	reset	110	33.664	0
8	checked	4	3	reset	111	34.375	0
8	checked	4	3	reset	112	35.156	0
8	checked	4	3	reset	113	34.234	0
8	checked	4	3	reset	114	34.855	0
8	checked	4	3	reset	115	34.325	0
8	checked	4	3	reset	116	33.974	0
8	checked	4	3	reset	117	34.074	0
8	checked	4	3	reset	118	33.975	0
8	checked	4	3	reset	119	33.774	0
8	checked	4	3	reset	120	36.028	0
8	checked	4	3	reset	121	34.595	0
8	checked	4	3	reset	122	35.688	0
8	checked	4	3	reset	123	34.034	0
8	checked	4	3	reset	124	33.593	0
8	checked	4	3	reset	125	34.575	0
8	checked	4	3	reset	126	34.715	0
8	checked	4	3	reset	127	33.343	0
8	checked	4	3	reset	128	34.145	0
8	checked	4	3	reset	129	34.785	0
8	checked	4	3	reset	130	33.333	0
8	checked	4	3	reset	131	33.794	0
8	checked	4	3	reset	132	34.425	0
8	checked	4	3	reset	133	33.944	0
8	checked	4	3	reset	134	35.216	0
8	checked	4	3	reset	135	35.076	0
8	checked	4	3	reset	136	34.795	0
8	checked	4	3	reset	137	34.626	0
8	checked	4	3	reset	138	33.814	0
8	checked	4	3	reset	139	34.234	0
8	checked	4	3	reset	140	34.225	0
8	checked	4	3	reset	141	34.896	0
8	checked	4	3	reset	142	34.766	0
8	checked	4	3	reset	143	34.215	0
8	checked	4	3	reset	144	34.404	0
8	checked	4	3	reset	145	34.255	0
8	checked	4	3	reset	146	33.784	0
8	checked	4	3	reset	147	33.273	0
8	checked	4	3	reset	148	33.353	0
8	checked	4	3	reset	149	34.816	0
8	checked	4	3	reset	150	34.325	0
8	checked	4	3	reset	151	34.365	0
8	checked	4	3	reset	152	34.465	0
8	checked	4	3	reset	153	33.804	0
8	checked	4	3	reset	154	33.784	0
8	checked	4	3	reset	155	34.414	0
8	checked	4	3	reset	156	33.242	0
8	checked	4	3	reset	157	34.425	0
8	checked	4	3	reset	158	35.056	0
8	checked	4	3	reset	159	34.475	0
8	checked	4	3	reset	160	34.124	0
8	checked	4	3	reset	161	34.144	0
8	checked	4	3	reset	162	33.503	0
8	checked	4	3	reset	163	34.144	0
8	checked	4	3	reset	164	34.395	0
8	checked	4	3	reset	165	33.834	0
8	checked	4	3	reset	166	35.317	0
8	checked	4	3	reset	167	33.604	0
8	checked	4	3	reset	168	37.861	0
8	checked	4	3	reset	169	35.467	0
8	checked	4	3	reset	170	33.874	0
8	checked	4	3	reset	171	33.914	0
8	checked	4	3	reset	172	34.605	0
8	checked	4	3	reset	173	33.493	0
8	checked	4	3	reset	174	34.145	0
8	checked	4	3	reset	175	34.856	0
8	checked	4	3	reset	176	34.816	0
8	checked	4	3	reset	177	34.986	0
8	checked	4	3	reset	178	33.593	0
8	checked	4	3	reset	179	35.848	0
8	checked	4	3	reset	180	33.633	0
8	checked	4	3	reset	181	34.205	0
8	checked	4	3	reset	182	33.383	0
8	checked	4	3	reset	183	34.325	0
8	checked	4	3	reset	184	34.936	0
8	checked	4	3	reset	185	33.423	0
8	checked	4	3	reset	186	36.188	0
8	checked	4	3	reset	187	34.195	0
8	checked	4	3	reset	188	32.822	0
8	checked	4	3	reset	189	34.275	0
8	checked	4	3	reset	190	34.475	0
8	checked	4	3	reset	191	34.395	0
8	checked	4	3	reset	192	35.196	0
8	checked	4	3	reset	193	34.265	0
8	checked	4	3	reset	194	33.714	0
8	checked	4	3	reset	195	33.232	0
8	checked	4	3	reset	196	34.314	0
8	checked	4	3	reset	197	34.695	0
8	checked	4	3	reset	198	34.445	0
8	checked	4	3	reset	199	34.275	0
8	checked	4	3	reset	200	34.355	0
8	checked	4	3	stall	1	58.791	0
8	checked	4	3	stall	2	62.047	0
8	checked	4	3	stall	3	62.899	0
8	unsafe	4	3	reset	1	0.141	0
8	unsafe	4	3	reset	2	0.05	0
8	unsafe	4	3	reset	3	0.09	0
8	unsafe	4	3	reset	4	0.06	0
8	unsafe	4	3	reset	5	0.05	0
8	unsafe	4	3	reset	6	0.07	0
8	unsafe	4	3	reset	7	0.05	0
8	unsafe	4	3	reset	8	0.401	0
8	unsafe	4	3	reset	9	0.05	0
8	unsafe	4	3	reset	10	0.06	0
8	unsafe	4	3	reset	11	0.05	0
8	unsafe	4	3	reset	12	0.05	0
8	unsafe	4	3	reset	13	0.15	0
8	unsafe	4	3	reset	14	0.29	0
8	unsafe	4	3	reset	15	0.15	0
8	unsafe	4	3	reset	16	0.07	0
8	unsafe	4	3	reset	17	0.07	0
8	unsafe	4	3	reset	18	0.05	0
8	unsafe	4	3	reset	19	0.06	0
8	unsafe	4	3	reset	20	0.06	0
8	unsafe	4	3	reset	21	0.05	0
8	unsafe	4	3	reset	22	0.07	0
8	unsafe	4	3	reset	23	0.401	0
8	unsafe	4	3	reset	24	0.051	0
8	unsafe	4	3	reset	25	0.08	0
8	unsafe	4	3	reset	26	0.07	0
8	unsafe	4	3	reset	27	0.081	0
8	unsafe	4	3	reset	28	0.05	0
8	unsafe	4	3	reset	29	0.08	0
8	unsafe	4	3	reset	30	0.08	0
8	unsafe	4	3	reset	31	0.07	0
8	unsafe	4	3	reset	32	0.08	0
8	unsafe	4	3	reset	33	0.05	0
8	unsafe	4	3	reset	34	0.09	0
8	unsafe	4	3	reset	35	0.05	0
8	unsafe	4	3	reset	36	0.07	0
8	unsafe	4	3	reset	37	0.05	0
8	unsafe	4	3	reset	38	0.07	0
8	unsafe	4	3	reset	39	0.07	0
8	unsafe	4	3	reset	40	0.05	0
8	unsafe	4	3	reset	41	0.06	0
8	unsafe	4	3	reset	42	0.051	0
8	unsafe	4	3	reset	43	0.06	0
8	unsafe	4	3	reset	44	0.05	0
8	unsafe	4	3	reset	45	0.06	0
8	unsafe	4	3	reset	46	0.07	0
8	unsafe	4	3	reset	47	0.061	0
8	unsafe	4	3	reset	48	0.07	0
8	unsafe	4	3	reset	49	0.05	0
8	unsafe	4	3	reset	50	0.061	0
8	unsafe	4	3	reset	51	0.07	0
8	unsafe	4	3	reset	52	0.05	0
8	unsafe	4	3	reset	53	0.07	0
8	unsafe	4	3	reset	54	0.06	0
8	unsafe	4	3	reset	55	0.06	0
8	unsafe	4	3	reset	56	0.05	0
8	unsafe	4	3	reset	57	0.06	0
8	unsafe	4	3	reset	58	0.071	0
8	unsafe	4	3	reset	59	0.06	0
8	unsafe	4	3	reset	60	0.08	0
8	unsafe	4	3	reset	61	0.051	0
8	unsafe	4	3	reset	62	0.07	0
8	unsafe	4	3	reset	63	0.051	0
8	unsafe	4	3	reset	64	0.07	0
8	unsafe	4	3	reset	65	0.08	0
8	unsafe	4	3	reset	66	0.06	0
8	unsafe	4	3	reset	67	0.06	0
8	unsafe	4	3	reset	68	0.051	0
8	unsafe	4	3	reset	69	0.12	0
8	unsafe	4	3	reset	70	0.051	0
8	unsafe	4	3	reset	71	0.05	0
8	unsafe	4	3	reset	72	0.06	0
8	unsafe	4	3	reset	73	0.05	0
8	unsafe	4	3	reset	74	0.07	0
8	unsafe	4	3	reset	75	0.05	0
8	unsafe	4	3	reset	76	0.07	0
8	unsafe	4	3	reset	77	0.06	0
8	unsafe	4	3	reset	78	0.06	0
8	unsafe	4	3	reset	79	0.07	0
8	unsafe	4	3	reset	80	0.05	0
8	unsafe	4	3	reset	81	0.06	0
8	unsafe	4	3	reset	82	0.05	0
8	unsafe	4	3	reset	83	0.06	0
8	unsafe	4	3	reset	84	0.06	0
8	unsafe	4	3	reset	85	0.05	0
8	unsafe	4	3	reset	86	0.07	0
8	unsafe	4	3	reset	87	0.04	0
8	unsafe	4	3	reset	88	0.511	0
8	unsafe	4	3	reset	89	0.11	0
8	unsafe	4	3	reset	90	0.07	0
8	unsafe	4	3	reset	91	0.061	0
8	unsafe	4	3	reset	92	0.06	0
8	unsafe	4	3	reset	93	0.06	0
8	unsafe	4	3	reset	94	0.04	0
8	unsafe	4	3	reset	95	0.081	0
8	unsafe	4	3	reset	96	0.04	0
8	unsafe	4	3	reset	97	0.06	0
8	unsafe	4	3	reset	98	0.07	0
8	unsafe	4	3	reset	99	0.05	0
8	unsafe	4	3	reset	100	0.06	0
8	unsafe	4	3	reset	101	0.05	0
8	unsafe	4	3	reset	102	0.06	0
8	unsafe	4	3	reset	103	0.04	0
8	unsafe	4	3	reset	104	0.091	0
8	unsafe	4	3	reset	105	0.06	0
8	unsafe	4	3	reset	106	0.05	0
8	unsafe	4	3	reset	107	0.07	0
8	unsafe	4	3	reset	108	0.05	0
8	unsafe	4	3	reset	109	0.06	0
8	unsafe	4	3	reset	110	0.05	0
8	unsafe	4	3	reset	111	0.06	0
8	unsafe	4	3	reset	112	0.08	0
8	unsafe	4	3	reset	113	0.05	0
8	unsafe	4	3	reset	114	0.08	0
8	unsafe	4	3	reset	115	0.05	0
8	unsafe	4	3	reset	116	0.07	0
8	unsafe	4	3	reset	117	0.09	0
8	unsafe	4	3	reset	118	0.05	0
8	unsafe	4	3	reset	119	0.06	0
8	unsafe	4	3	reset	120	0.05	0
8	unsafe	4	3	reset	121	0.07	0
8	unsafe	4	3	reset	122	0.05	0
8	unsafe	4	3	reset	123	0.06	0
8	unsafe	4	3	reset	124	0.07	0
8	unsafe	4	3	reset	125	0.05	0
8	unsafe	4	3	reset	126	0.091	0
8	unsafe	4	3	reset	127	0.04	0
8	unsafe	4	3	reset	128	0.061	0
8	unsafe	4	3	reset	129	0.05	0
8	unsafe	4	3	reset	130	0.06	0
8	unsafe	4	3	reset	131	0.07	0
8	unsafe	4	3	reset	132	0.05	0
8	unsafe	4	3	reset	133	0.07	0
8	unsafe	4	3	reset	134	0.04	0
8	unsafe	4	3	reset	135	0.11	0
8	unsafe	4	3	reset	136	0.05	0
8	unsafe	4	3	reset	137	0.071	0
8	unsafe	4	3	reset	138	0.08	0
8	unsafe	4	3	reset	139	0.06	0
8	unsafe	4	3	reset	140	0.08	0
8	unsafe	4	3	reset	141	0.07	0
8	unsafe	4	3	reset	142	0.071	0
8	unsafe	4	3	reset	143	0.07	0
8	unsafe	4	3	reset	144	0.05	0
8	unsafe	4	3	reset	145	0.081	0
8	unsafe	4	3	reset	146	0.07	0
8	unsafe	4	3	reset	147	0.07	0
8	unsafe	4	3	reset	148	0.06	0
8	unsafe	4	3	reset	149	0.08	0
8	unsafe	4	3	reset	150	0.07	0
8	unsafe	4	3	reset	151	0.06	0
8	unsafe	4	3	reset	152	0.08	0
8	unsafe	4	3	reset	153	0.06	0
8	unsafe	4	3	reset	154	0.07	0
8	unsafe	4	3	reset	155	0.06	0
8	unsafe	4	3	reset	156	0.06	0
8	unsafe	4	3	reset	157	0.08	0
8	unsafe	4	3	reset	158	0.06	0
8	unsafe	4	3	reset	159	0.08	0
8	unsafe	4	3	reset	160	0.05	0
8	unsafe	4	3	reset	161	0.08	0
8	unsafe	4	3	reset	162	0.06	0
8	unsafe	4	3	reset	163	0.06	0
8	unsafe	4	3	reset	164	0.09	0
8	unsafe	4	3	reset	165	0.05	0
8	unsafe	4	3	reset	166	0.06	0
8	unsafe	4	3	reset	167	0.05	0
8	unsafe	4	3	reset	168	0.06	0
8	unsafe	4	3	reset	169	0.06	0
8	unsafe	4	3	reset	170	0.05	0
8	unsafe	4	3	reset	171	0.06	0
8	unsafe	4	3	reset	172	0.04	0
8	unsafe	4	3	reset	173	0.071	0
8	unsafe	4	3	reset	174	0.06	0
8	unsafe	4	3	reset	175	0.05	0
8	unsafe	4	3	reset	176	0.07	0
8	unsafe	4	3	reset	177	0.07	0
8	unsafe	4	3	reset	178	0.08	0
8	unsafe	4	3	reset	179	0.06	0
8	unsafe	4	3	reset	180	0.08	0
8	unsafe	4	3	reset	181	0.07	0
8	unsafe	4	3	reset	182	0.05	0
8	unsafe	4	3	reset	183	0.07	0
8	unsafe	4	3	reset	184	0.05	0
8	unsafe	4	3	reset	185	0.06	0
8	unsafe	4	3	reset	186	0.081	0
8	unsafe	4	3	reset	187	0.06	0
8	unsafe	4	3	reset	188	0.071	0
8	unsafe	4	3	reset	189	0.051	0
8	unsafe	4	3	reset	190	0.081	0
8	unsafe	4	3	reset	191	0.05	0
8	unsafe	4	3	reset	192	0.081	0
8	unsafe	4	3	reset	193	0.05	0
8	unsafe	4	3	reset	194	0.07	0
8	unsafe	4	3	reset	195	0.07	0
8	unsafe	4	3	reset	196	0.061	0
8	unsafe	4	3	reset	197	0.06	0
8	unsafe	4	3	reset	198	0.05	0
8	unsafe	4	3	reset	199	0.06	0
8	unsafe	4	3	reset	200	0.07	0
8	unsafe	4	3	stall	1	0.0	0
8	unsafe	4	3	stall	2	0.0	0
8	unsafe	4	3	stall	3	0.0	0
8	checked	8	7	reset	1	101.551	0
8	checked	8	7	reset	2	75.582	0
8	checked	8	7	reset	3	74.45	0
8	checked	8	7	reset	4	68.549	0
8	checked	8	7	reset	5	68.88	0
8	checked	8	7	reset	6	35.477	0
8	checked	8	7	reset	7	36.068	0
8	checked	8	7	reset	8	32.681	0
8	checked	8	7	reset	9	33.223	0
8	checked	8	7	reset	10	33.473	0
8	checked	8	7	reset	11	33.603	0
8	checked	8	7	reset	12	32.562	0
8	checked	8	7	reset	13	32.391	0
8	checked	8	7	reset	14	32.121	0
8	checked	8	7	reset	15	32.431	0
8	checked	8	7	reset	16	32.912	0
8	checked	8	7	reset	17	32.562	0
8	checked	8	7	reset	18	32.542	0
8	checked	8	7	reset	19	32.962	0
8	checked	8	7	reset	20	32.682	0
8	checked	8	7	reset	21	31.67	0
8	checked	8	7	reset	22	32.762	0
8	checked	8	7	reset	23	32.151	0
8	checked	8	7	reset	24	58.701	0
8	checked	8	7	reset	25	47.329	0
8	checked	8	7	reset	26	100.349	0
8	checked	8	7	reset	27	60.735	0
8	checked	8	7	reset	28	48.722	0
8	checked	8	7	reset	29	45.877	0
8	checked	8	7	reset	30	48.742	0
8	checked	8	7	reset	31	60.634	0
8	checked	8	7	reset	32	60.504	0
8	checked	8	7	reset	33	49.714	0
8	checked	8	7	reset	34	62.308	0
8	checked	8	7	reset	35	48.271	0
8	checked	8	7	reset	36	42.76	0
8	checked	8	7	reset	37	56.427	0
8	checked	8	7	reset	38	42.821	0
8	checked	8	7	reset	39	56.045	0
8	checked	8	7	reset	40	57.078	0
8	checked	8	7	reset	41	39.083	0
8	checked	8	7	reset	42	39.495	0
8	checked	8	7	reset	43	38.512	0
8	checked	8	7	reset	44	41.448	0
8	checked	8	7	reset	45	39.184	0
8	checked	8	7	reset	46	39.495	0
8	checked	8	7	reset	47	56.327	0
8	checked	8	7	reset	48	39.374	0
8	checked	8	7	reset	49	39.505	0
8	checked	8	7	reset	50	39.875	0
8	checked	8	7	reset	51	41.769	0
8	checked	8	7	reset	52	40.046	0
8	checked	8	7	reset	53	39.604	0
8	checked	8	7	reset	54	39.975	0
8	checked	8	7	reset	55	38.062	0
8	checked	8	7	reset	56	38.793	0
8	checked	8	7	reset	57	38.733	0
8	checked	8	7	reset	58	42.641	0
8	checked	8	7	reset	59	38.943	0
8	checked	8	7	reset	60	38.894	0
8	checked	8	7	reset	61	38.243	0
8	checked	8	7	reset	62	39.875	0
8	checked	8	7	reset	63	39.555	0
8	checked	8	7	reset	64	41.117	0
8	checked	8	7	reset	65	42.159	0
8	checked	8	7	reset	66	38.563	0
8	checked	8	7	reset	67	38.663	0
8	checked	8	7	reset	68	38.923	0
8	checked	8	7	reset	69	39.013	0
8	checked	8	7	reset	70	39.484	0
8	checked	8	7	reset	71	40.407	0
8	checked	8	7	reset	72	41.368	0
8	checked	8	7	reset	73	39.605	0
8	checked	8	7	reset	74	38.562	0
8	checked	8	7	reset	75	38.642	0
8	checked	8	7	reset	76	40.897	0
8	checked	8	7	reset	77	40.146	0
8	checked	8	7	reset	78	38.683	0
8	checked	8	7	reset	79	40.867	0
8	checked	8	7	reset	80	38.934	0
8	checked	8	7	reset	81	39.775	0
8	checked	8	7	reset	82	40.086	0
8	checked	8	7	reset	83	39.745	0
8	checked	8	7	reset	84	38.793	0
8	checked	8	7	reset	85	37.931	0
8	checked	8	7	reset	86	39.354	0
8	checked	8	7	reset	87	38.282	0
8	checked	8	7	reset	88	39.594	0
8	checked	8	7	reset	89	40.256	0
8	checked	8	7	reset	90	38.593	0
8	checked	8	7	reset	91	39.234	0
8	checked	8	7	reset	92	38.843	0
8	checked	8	7	reset	93	39.705	0
8	checked	8	7	reset	94	41.449	0
8	checked	8	7	reset	95	39.514	0
8	checked	8	7	reset	96	39.795	0
8	checked	8	7	reset	97	39.004	0
8	checked	8	7	reset	98	41.308	0
8	checked	8	7	reset	99	38.503	0
8	checked	8	7	reset	100	46.408	0
8	checked	8	7	reset	101	45.105	0
8	checked	8	7	reset	102	39.505	0
8	checked	8	7	reset	103	41.228	0
8	checked	8	7	reset	104	56.737	0
8	checked	8	7	reset	105	55.174	0
8	checked	8	7	reset	106	39.093	0
8	checked	8	7	reset	107	38.643	0
8	checked	8	7	reset	108	38.643	0
8	checked	8	7	reset	109	38.252	0
8	checked	8	7	reset	110	38.673	0
8	checked	8	7	reset	111	38.392	0
8	checked	8	7	reset	112	38.943	0
8	checked	8	7	reset	113	38.482	0
8	checked	8	7	reset	114	38.393	0
8	checked	8	7	reset	115	39.144	0
8	checked	8	7	reset	116	39.374	0
8	checked	8	7	reset	117	39.464	0
8	checked	8	7	reset	118	39.816	0
8	checked	8	7	reset	119	40.126	0
8	checked	8	7	reset	120	39.915	0
8	checked	8	7	reset	121	38.734	0
8	checked	8	7	reset	122	39.144	0
8	checked	8	7	reset	123	41.738	0
8	checked	8	7	reset	124	39.795	0
8	checked	8	7	reset	125	38.553	0
8	checked	8	7	reset	126	39.244	0
8	checked	8	7	reset	127	40.486	0
8	checked	8	7	reset	128	38.974	0
8	checked	8	7	reset	129	38.502	0
8	checked	8	7	reset	130	39.464	0
8	checked	8	7	reset	131	38.843	0
8	checked	8	7	reset	132	39.214	0
8	checked	8	7	reset	133	39.715	0
8	checked	8	7	reset	134	38.843	0
8	checked	8	7	reset	135	38.512	0
8	checked	8	7	reset	136	38.823	0
8	checked	8	7	reset	137	41.197	0
8	checked	8	7	reset	138	238.54	0
8	checked	8	7	reset	139	47.429	0
8	checked	8	7	reset	140	43.011	0
8	checked	8	7	reset	141	41.99	0
8	checked	8	7	reset	142	74.922	0
8	checked	8	7	reset	143	47.4	0
8	checked	8	7	reset	144	80.141	0
8	checked	8	7	reset	145	43.002	0
8	checked	8	7	reset	146	46.027	0
8	checked	8	7	reset	147	47.399	0
8	checked	8	7	reset	148	45.135	0
8	checked	8	7	reset	149	43.872	0
8	checked	8	7	reset	150	44.083	0
8	checked	8	7	reset	151	41.438	0
8	checked	8	7	reset	152	42.42	0
8	checked	8	7	reset	153	42.13	0
8	checked	8	7	reset	154	41.939	0
8	checked	8	7	reset	155	43.001	0
8	checked	8	7	reset	156	44.985	0
8	checked	8	7	reset	157	45.116	0
8	checked	8	7	reset	158	42.35	0
8	checked	8	7	reset	159	43.422	0
8	checked	8	7	reset	160	42.59	0
8	checked	8	7	reset	161	41.147	0
8	checked	8	7	reset	162	51.016	0
8	checked	8	7	reset	163	42.731	0
8	checked	8	7	reset	164	42.49	0
8	checked	8	7	reset	165	42.29	0
8	checked	8	7	reset	166	41.919	0
8	checked	8	7	reset	167	42.159	0
8	checked	8	7	reset	168	42.6	0
8	checked	8	7	reset	169	42.551	0
8	checked	8	7	reset	170	41.759	0
8	checked	8	7	reset	171	49.073	0
8	checked	8	7	reset	172	43.752	0
8	checked	8	7	reset	173	41.889	0
8	checked	8	7	reset	174	42.24	0
8	checked	8	7	reset	175	42.279	0
8	checked	8	7	reset	176	42.14	0
8	checked	8	7	reset	177	42.06	0
8	checked	8	7	reset	178	43.392	0
8	checked	8	7	reset	179	43.803	0
8	checked	8	7	reset	180	42.56	0
8	checked	8	7	reset	181	42.37	0
8	checked	8	7	reset	182	41.408	0
8	checked	8	7	reset	183	41.679	0
8	checked	8	7	reset	184	43.803	0
8	checked	8	7	reset	185	42.199	0
8	checked	8	7	reset	186	41.97	0
8	checked	8	7	reset	187	45.395	0
8	checked	8	7	reset	188	42.43	0
8	checked	8	7	reset	189	41.869	0
8	checked	8	7	reset	190	42.49	0
8	checked	8	7	reset	191	41.819	0
8	checked	8	7	reset	192	41.849	0
8	checked	8	7	reset	193	43.512	0
8	checked	8	7	reset	194	41.549	0
8	checked	8	7	reset	195	43.051	0
8	checked	8	7	reset	196	43.172	0
8	checked	8	7	reset	197	41.849	0
8	checked	8	7	reset	198	44.794	0
8	checked	8	7	reset	199	44.885	0
8	checked	8	7	reset	200	42.119	0
8	checked	8	7	stall	1	234.823	0
8	checked	8	7	stall	2	583.481	0
8	checked	8	7	stall	3	235.314	0
8	checked	8	7	stall	4	235.585	0
8	checked	8	7	stall	5	235.675	0
8	checked	8	7	stall	6	235.634	0
8	checked	8	7	stall	7	235.314	0
8	unsafe	8	7	reset	1	0.12	0
8	unsafe	8	7	reset	2	0.05	0
8	unsafe	8	7	reset	3	0.05	0
8	unsafe	8	7	reset	4	0.07	0
8	unsafe	8	7	reset	5	0.15	0
8	unsafe	8	7	reset	6	0.07	0
8	unsafe	8	7	reset	7	0.05	0
8	unsafe	8	7	reset	8	0.05	0
8	unsafe	8	7	reset	9	0.04	0
8	unsafe	8	7	reset	10	0.05	0
8	unsafe	8	7	reset	11	0.06	0
8	unsafe	8	7	reset	12	0.04	0
8	unsafe	8	7	reset	13	0.05	0
8	unsafe	8	7	reset	14	0.05	0
8	unsafe	8	7	reset	15	0.1	0
8	unsafe	8	7	reset	16	0.07	0
8	unsafe	8	7	reset	17	0.04	0
8	unsafe	8	7	reset	18	0.05	0
8	unsafe	8	7	reset	19	0.06	0
8	unsafe	8	7	reset	20	0.05	0
8	unsafe	8	7	reset	21	0.1	0
8	unsafe	8	7	reset	22	0.05	0
8	unsafe	8	7	reset	23	0.06	0
8	unsafe	8	7	reset	24	0.1	0
8	unsafe	8	7	reset	25	0.07	0
8	unsafe	8	7	reset	26	0.06	0
8	unsafe	8	7	reset	27	0.05	0
8	unsafe	8	7	reset	28	0.08	0
8	unsafe	8	7	reset	29	0.06	0
8	unsafe	8	7	reset	30	0.1	0
8	unsafe	8	7	reset	31	0.12	0
8	unsafe	8	7	reset	32	0.081	0
8	unsafe	8	7	reset	33	0.06	0
8	unsafe	8	7	reset	34	0.07	0
8	unsafe	8	7	reset	35	0.05	0
8	unsafe	8	7	reset	36	0.08	0
8	unsafe	8	7	reset	37	0.051	0
8	unsafe	8	7	reset	38	0.05	0
8	unsafe	8	7	reset	39	0.06	0
8	unsafe	8	7	reset	40	0.04	0
8	unsafe	8	7	reset	41	0.05	0
8	unsafe	8	7	reset	42	0.05	0
8	unsafe	8	7	reset	43	0.05	0
8	unsafe	8	7	reset	44	0.06	0
8	unsafe	8	7	reset	45	0.06	0
8	unsafe	8	7	reset	46	0.06	0
8	unsafe	8	7	reset	47	0.06	0
8	unsafe	8	7	reset	48	0.061	0
8	unsafe	8	7	reset	49	0.051	0
8	unsafe	8	7	reset	50	0.05	0
8	unsafe	8	7	reset	51	0.05	0
8	unsafe	8	7	reset	52	0.07	0
8	unsafe	8	7	reset	53	0.05	0
8	unsafe	8	7	reset	54	0.06	0
8	unsafe	8	7	reset	55	0.05	0
8	unsafe	8	7	reset	56	0.05	0
8	unsafe	8	7	reset	57	0.061	0
8	unsafe	8	7	reset	58	0.05	0
8	unsafe	8	7	reset	59	0.08	0
8	unsafe	8	7	reset	60	0.05	0
8	unsafe	8	7	reset	61	0.06	0
8	unsafe	8	7	reset	62	0.06	0
8	unsafe	8	7	reset	63	0.05	0
8	unsafe	8	7	reset	64	0.06	0
8	unsafe	8	7	reset	65	0.05	0
8	unsafe	8	7	reset	66	0.05	0
8	unsafe	8	7	reset	67	0.07	0
8	unsafe	8	7	reset	68	0.04	0
8	unsafe	8	7	reset	69	0.06	0
8	unsafe	8	7	reset	70	0.05	0
8	unsafe	8	7	reset	71	0.05	0
8	unsafe	8	7	reset	72	0.08	0
8	unsafe	8	7	reset	73	0.04	0
8	unsafe	8	7	reset	74	0.05	0
8	unsafe	8	7	reset	75	0.06	0
8	unsafe	8	7	reset	76	0.05	0
8	unsafe	8	7	reset	77	0.06	0
8	unsafe	8	7	reset	78	0.07	0
8	unsafe	8	7	reset	79	0.05	0
8	unsafe	8	7	reset	80	0.07	0
8	unsafe	8	7	reset	81	0.05	0
8	unsafe	8	7	reset	82	0.07	0
8	unsafe	8	7	reset	83	0.08	0
8	unsafe	8	7	reset	84	0.05	0
8	unsafe	8	7	reset	85	0.06	0
8	unsafe	8	7	reset	86	0.05	0
8	unsafe	8	7	reset	87	0.06	0
8	unsafe	8	7	reset	88	0.06	0
8	unsafe	8	7	reset	89	0.05	0
8	unsafe	8	7	reset	90	0.06	0
8	unsafe	8	7	reset	91	0.06	0
8	unsafe	8	7	reset	92	0.05	0
8	unsafe	8	7	reset	93	0.05	0
8	unsafe	8	7	reset	94	0.06	0
8	unsafe	8	7	reset	95	0.06	0
8	unsafe	8	7	reset	96	0.05	0
8	unsafe	8	7	reset	97	0.05	0
8	unsafe	8	7	reset	98	0.06	0
8	unsafe	8	7	reset	99	0.051	0
8	unsafe	8	7	reset	100	0.1	0
8	unsafe	8	7	reset	101	0.05	0
8	unsafe	8	7	reset	102	0.07	0
8	unsafe	8	7	reset	103	0.07	0
8	unsafe	8	7	reset	104	0.08	0
8	unsafe	8	7	reset	105	0.06	0
8	unsafe	8	7	reset	106	0.05	0
8	unsafe	8	7	reset	107	0.06	0
8	unsafe	8	7	reset	108	0.06	0
8	unsafe	8	7	reset	109	0.06	0
8	unsafe	8	7	reset	110	0.06	0
8	unsafe	8	7	reset	111	0.05	0
8	unsafe	8	7	reset	112	0.06	0
8	unsafe	8	7	reset	113	0.07	0
8	unsafe	8	7	reset	114	0.05	0
8	unsafe	8	7	reset	115	0.05	0
8	unsafe	8	7	reset	116	0.05	0
8	unsafe	8	7	reset	117	0.06	0
8	unsafe	8	7	reset	118	0.061	0
8	unsafe	8	7	reset	119	0.05	0
8	unsafe	8	7	reset	120	0.06	0
8	unsafe	8	7	reset	121	0.05	0
8	unsafe	8	7	reset	122	0.05	0
8	unsafe	8	7	reset	123	0.06	0
8	unsafe	8	7	reset	124	0.06	0
8	unsafe	8	7	reset	125	0.04	0
8	unsafe	8	7	reset	126	0.06	0
8	unsafe	8	7	reset	127	0.05	0
8	unsafe	8	7	reset	128	0.131	0
8	unsafe	8	7	reset	129	0.05	0
8	unsafe	8	7	reset	130	0.06	0
8	unsafe	8	7	reset	131	0.07	0
8	unsafe	8	7	reset	132	0.05	0
8	unsafe	8	7	reset	133	0.06	0
8	unsafe	8	7	reset	134	0.06	0
8	unsafe	8	7	reset	135	0.05	0
8	unsafe	8	7	reset	136	0.07	0
8	unsafe	8	7	reset	137	0.05	0
8	unsafe	8	7	reset	138	0.07	0
8	unsafe	8	7	reset	139	0.051	0
8	unsafe	8	7	reset	140	0.091	0
8	unsafe	8	7	reset	141	0.06	0
8	unsafe	8	7	reset	142	0.05	0
8	unsafe	8	7	reset	143	0.08	0
8	unsafe	8	7	reset	144	0.05	0
8	unsafe	8	7	reset	145	0.05	0
8	unsafe	8	7	reset	146	0.06	0
8	unsafe	8	7	reset	147	0.1	0
8	unsafe	8	7	reset	148	0.06	0
8	unsafe	8	7	reset	149	0.06	0
8	unsafe	8	7	reset	150	0.051	0
8	unsafe	8	7	reset	151	0.06	0
8	unsafe	8	7	reset	152	0.05	0
8	unsafe	8	7	reset	153	0.07	0
8	unsafe	8	7	reset	154	0.06	0
8	unsafe	8	7	reset	155	0.08	0
8	unsafe	8	7	reset	156	0.05	0
8	unsafe	8	7	reset	157	0.061	0
8	unsafe	8	7	reset	158	0.04	0
8	unsafe	8	7	reset	159	0.06	0
8	unsafe	8	7	reset	160	0.051	0
8	unsafe	8	7	reset	161	0.05	0
8	unsafe	8	7	reset	162	0.05	0
8	unsafe	8	7	reset	163	0.051	0
8	unsafe	8	7	reset	164	0.06	0
8	unsafe	8	7	reset	165	0.05	0
8	unsafe	8	7	reset	166	0.07	0
8	unsafe	8	7	reset	167	0.06	0
8	unsafe	8	7	reset	168	0.08	0
8	unsafe	8	7	reset	169	0.06	0
8	unsafe	8	7	reset	170	0.05	0
8	unsafe	8	7	reset	171	0.06	0
8	unsafe	8	7	reset	172	0.04	0
8	unsafe	8	7	reset	173	0.05	0
8	unsafe	8	7	reset	174	0.06	0
8	unsafe	8	7	reset	175	0.05	0
8	unsafe	8	7	reset	176	0.06	0
8	unsafe	8	7	reset	177	0.06	0
8	unsafe	8	7	reset	178	0.06	0
8	unsafe	8	7	reset	179	0.101	0
8	unsafe	8	7	reset	180	0.05	0
8	unsafe	8	7	reset	181	0.05	0
8	unsafe	8	7	reset	182	0.09	0
8	unsafe	8	7	reset	183	0.061	0
8	unsafe	8	7	reset	184	0.08	0
8	unsafe	8	7	reset	185	0.05	0
8	unsafe	8	7	reset	186	0.06	0
8	unsafe	8	7	reset	187	0.08	0
8	unsafe	8	7	reset	188	0.06	0
8	unsafe	8	7	reset	189	0.06	0
8	unsafe	8	7	reset	190	0.05	0
8	unsafe	8	7	reset	191	0.051	0
8	unsafe	8	7	reset	192	0.07	0
8	unsafe	8	7	reset	193	0.05	0
8	unsafe	8	7	reset	194	0.11	0
8	unsafe	8	7	reset	195	0.05	0
8	unsafe	8	7	reset	196	0.06	0
8	unsafe	8	7	reset	197	0.07	0
8	unsafe	8	7	reset	198	0.06	0
8	unsafe	8	7	reset	199	0.07	0
8	unsafe	8	7	reset	200	0.06	0
8	unsafe	8	7	stall	1	0.0	0
8	unsafe	8	7	stall	2	0.0	0
8	unsafe	8	7	stall	3	0.0	0
8	unsafe	8	7	stall	4	39.134	0
8	unsafe	8	7	stall	5	0.0	0
8	unsafe	8	7	stall	6	0.0	0
8	unsafe	8	7	stall	7	0.0	0
8	checked	16	15	reset	1	118.644	1
8	checked	16	15	reset	2	109.948	1
8	checked	16	15	reset	3	100.109	1
8	checked	16	15	reset	4	51.627	1
8	checked	16	15	reset	5	43.152	1
8	checked	16	15	reset	6	38.522	1
8	checked	16	15	reset	7	38.603	1
8	checked	16	15	reset	8	37.1	1
8	checked	16	15	reset	9	36.229	1
8	checked	16	15	reset	10	35.036	1
8	checked	16	15	reset	11	34.756	1
8	checked	16	15	reset	12	37.02	1
8	checked	16	15	reset	13	36.149	1
8	checked	16	15	reset	14	105.409	1
8	checked	16	15	reset	15	80.422	1
8	checked	16	15	reset	16	73.789	1
8	checked	16	15	reset	17	78.949	1
8	checked	16	15	reset	18	68.078	1
8	checked	16	15	reset	19	63.83	1
8	checked	16	15	reset	20	72.767	1
8	checked	16	15	reset	21	68.249	1
8	checked	16	15	reset	22	65.313	1
8	checked	16	15	reset	23	64.962	1
8	checked	16	15	reset	24	66.877	1
8	checked	16	15	reset	25	66.696	1
8	checked	16	15	reset	26	90.221	1
8	checked	16	15	reset	27	66.686	1
8	checked	16	15	reset	28	68.179	1
8	checked	16	15	reset	29	77.627	1
8	checked	16	15	reset	30	73.899	1
8	checked	16	15	reset	31	70.743	1
8	checked	16	15	reset	32	69.471	1
8	checked	16	15	reset	33	66.967	1
8	checked	16	15	reset	34	64.321	1
8	checked	16	15	reset	35	62.448	1
8	checked	16	15	reset	36	68.359	1
8	checked	16	15	reset	37	71.835	1
8	checked	16	15	reset	38	79.48	1
8	checked	16	15	reset	39	62.427	1
8	checked	16	15	reset	40	65.594	1
8	checked	16	15	reset	41	67.547	1
8	checked	16	15	reset	42	76.866	1
8	checked	16	15	reset	43	73.769	1
8	checked	16	15	reset	44	65.424	1
8	checked	16	15	reset	45	67.307	1
8	checked	16	15	reset	46	64.842	1
8	checked	16	15	reset	47	60.003	1
8	checked	16	15	reset	48	62.548	1
8	checked	16	15	reset	49	70.042	1
8	checked	16	15	reset	50	73.378	1
8	checked	16	15	reset	51	69.091	1
8	checked	16	15	reset	52	63.48	1
8	checked	16	15	reset	53	68.379	1
8	checked	16	15	reset	54	64.111	1
8	checked	16	15	reset	55	64.892	1
8	checked	16	15	reset	56	64.611	1
8	checked	16	15	reset	57	64.05	1
8	checked	16	15	reset	58	62.518	1
8	checked	16	15	reset	59	68.59	1
8	checked	16	15	reset	60	66.746	1
8	checked	16	15	reset	61	65.504	1
8	checked	16	15	reset	62	66.996	1
8	checked	16	15	reset	63	65.263	1
8	checked	16	15	reset	64	62.178	1
8	checked	16	15	reset	65	66.606	1
8	checked	16	15	reset	66	65.945	1
8	checked	16	15	reset	67	66.225	1
8	checked	16	15	reset	68	64.822	1
8	checked	16	15	reset	69	66.626	1
8	checked	16	15	reset	70	64.792	1
8	checked	16	15	reset	71	65.664	1
8	checked	16	15	reset	72	70.443	1
8	checked	16	15	reset	73	70.243	1
8	checked	16	15	reset	74	64.301	1
8	checked	16	15	reset	75	66.646	1
8	checked	16	15	reset	76	63.43	1
8	checked	16	15	reset	77	68.72	1
8	checked	16	15	reset	78	62.148	1
8	checked	16	15	reset	79	65.954	1
8	checked	16	15	reset	80	65.704	1
8	checked	16	15	reset	81	67.798	1
8	checked	16	15	reset	82	62.879	1
8	checked	16	15	reset	83	74.2	1
8	checked	16	15	reset	84	62.589	1
8	checked	16	15	reset	85	67.828	1
8	checked	16	15	reset	86	69.601	1
8	checked	16	15	reset	87	68.309	1
8	checked	16	15	reset	88	66.034	1
8	checked	16	15	reset	89	63.39	1
8	checked	16	15	reset	90	66.807	1
8	checked	16	15	reset	91	68.58	1
8	checked	16	15	reset	92	65.925	1
8	checked	16	15	reset	93	64.091	1
8	checked	16	15	reset	94	69.932	1
8	checked	16	15	reset	95	66.055	1
8	checked	16	15	reset	96	67.397	1
8	checked	16	15	reset	97	62.538	1
8	checked	16	15	reset	98	62.457	1
8	checked	16	15	reset	99	66.335	1
8	checked	16	15	reset	100	63.149	1
8	checked	16	15	reset	101	69.06	1
8	checked	16	15	reset	102	60.925	1
8	checked	16	15	reset	103	65.554	1
8	checked	16	15	reset	104	63.12	1
8	checked	16	15	reset	105	66.877	1
8	checked	16	15	reset	106	64.972	1
8	checked	16	15	reset	107	61.826	1
8	checked	16	15	reset	108	71.415	1
8	checked	16	15	reset	109	65.414	1
8	checked	16	15	reset	110	75.542	1
8	checked	16	15	reset	111	69.591	1
8	checked	16	15	reset	112	73.488	1
8	checked	16	15	reset	113	59.743	1
8	checked	16	15	reset	114	75.452	1
8	checked	16	15	reset	115	62.318	1
8	checked	16	15	reset	116	63.971	1
8	checked	16	15	reset	117	69.471	1
8	checked	16	15	reset	118	63.39	1
8	checked	16	15	reset	119	59.372	1
8	checked	16	15	reset	120	66.005	1
8	checked	16	15	reset	121	78.699	1
8	checked	16	15	reset	122	78.989	1
8	checked	16	15	reset	123	77.115	1
8	checked	16	15	reset	124	66.114	1
8	checked	16	15	reset	125	71.625	1
8	checked	16	15	reset	126	64.712	1
8	checked	16	15	reset	127	64.341	1
8	checked	16	15	reset	128	65.584	1
8	checked	16	15	reset	129	76.595	1
8	checked	16	15	reset	130	65.634	1
8	checked	16	15	reset	131	78.518	1
8	checked	16	15	reset	132	64.993	1
8	checked	16	15	reset	133	65.473	1
8	checked	16	15	reset	134	67.788	1
8	checked	16	15	reset	135	63.48	1
8	checked	16	15	reset	136	65.303	1
8	checked	16	15	reset	137	61.586	1
8	checked	16	15	reset	138	62.739	1
8	checked	16	15	reset	139	69.19	1
8	checked	16	15	reset	140	60.073	1
8	checked	16	15	reset	141	66.466	1
8	checked	16	15	reset	142	66.976	1
8	checked	16	15	reset	143	68.539	1
8	checked	16	15	reset	144	63.49	1
8	checked	16	15	reset	145	58.972	1
8	checked	16	15	reset	146	63.379	1
8	checked	16	15	reset	147	68.158	1
8	checked	16	15	reset	148	66.265	1
8	checked	16	15	reset	149	63.489	1
8	checked	16	15	reset	150	62.137	1
8	checked	16	15	reset	151	61.927	1
8	checked	16	15	reset	152	62.278	1
8	checked	16	15	reset	153	67.578	1
8	checked	16	15	reset	154	61.156	1
8	checked	16	15	reset	155	67.588	1
8	checked	16	15	reset	156	66.937	1
8	checked	16	15	reset	157	68.88	1
8	checked	16	15	reset	158	60.584	1
8	checked	16	15	reset	159	66.556	1
8	checked	16	15	reset	160	60.485	1
8	checked	16	15	reset	161	60.985	1
8	checked	16	15	reset	162	61.126	1
8	checked	16	15	reset	163	59.312	1
8	checked	16	15	reset	164	63.219	1
8	checked	16	15	reset	165	59.171	1
8	checked	16	15	reset	166	58.62	1
8	checked	16	15	reset	167	61.646	1
8	checked	16	15	reset	168	60.183	1
8	checked	16	15	reset	169	59.563	1
8	checked	16	15	reset	170	57.779	1
8	checked	16	15	reset	171	62.728	1
8	checked	16	15	reset	172	57.568	1
8	checked	16	15	reset	173	60.434	1
8	checked	16	15	reset	174	61.516	1
8	checked	16	15	reset	175	61.426	1
8	checked	16	15	reset	176	60.605	1
8	checked	16	15	reset	177	72.076	1
8	checked	16	15	reset	178	63.58	1
8	checked	16	15	reset	179	60.865	1
8	checked	16	15	reset	180	59.964	1
8	checked	16	15	reset	181	57.909	1
8	checked	16	15	reset	182	64.632	1
8	checked	16	15	reset	183	65.233	1
8	checked	16	15	reset	184	65.423	1
8	checked	16	15	reset	185	62.929	1
8	checked	16	15	reset	186	63.169	1
8	checked	16	15	reset	187	64.211	1
8	checked	16	15	reset	188	61.496	1
8	checked	16	15	reset	189	67.137	1
8	checked	16	15	reset	190	59.692	1
8	checked	16	15	reset	191	63.82	1
8	checked	16	15	reset	192	64.201	1
8	checked	16	15	reset	193	61.256	1
8	checked	16	15	reset	194	63.36	1
8	checked	16	15	reset	195	63.219	1
8	checked	16	15	reset	196	70.463	1
8	checked	16	15	reset	197	61.326	1
8	checked	16	15	reset	198	59.833	1
8	checked	16	15	reset	199	64.532	1
8	checked	16	15	reset	200	61.055	1
8	checked	16	15	stall	1	120.257	1
8	checked	16	15	stall	2	97.715	1
8	checked	16	15	stall	3	92.585	1
8	checked	16	15	stall	4	96.562	1
8	checked	16	15	stall	5	97.394	1
8	checked	16	15	stall	6	94.429	1
8	checked	16	15	stall	7	95.661	1
8	checked	16	15	stall	8	98.846	1
8	checked	16	15	stall	9	94.719	1
8	checked	16	15	stall	10	94.628	1
8	checked	16	15	stall	11	90.782	1
8	checked	16	15	stall	12	536.793	1
8	checked	16	15	stall	13	92.174	1
8	checked	16	15	stall	14	96.031	1
8	checked	16	15	stall	15	94.158	1
8	unsafe	16	15	reset	1	0.641	1
8	unsafe	16	15	reset	2	1.403	1
8	unsafe	16	15	reset	3	0.521	1
8	unsafe	16	15	reset	4	0.631	1
8	unsafe	16	15	reset	5	0.38	1
8	unsafe	16	15	reset	6	0.221	1
8	unsafe	16	15	reset	7	0.09	1
8	unsafe	16	15	reset	8	0.1	1
8	unsafe	16	15	reset	9	0.08	1
8	unsafe	16	15	reset	10	0.08	1
8	unsafe	16	15	reset	11	0.07	1
8	unsafe	16	15	reset	12	0.08	1
8	unsafe	16	15	reset	13	0.07	1
8	unsafe	16	15	reset	14	0.09	1
8	unsafe	16	15	reset	15	0.081	1
8	unsafe	16	15	reset	16	0.181	1
8	unsafe	16	15	reset	17	0.1	1
8	unsafe	16	15	reset	18	0.08	1
8	unsafe	16	15	reset	19	0.1	1
8	unsafe	16	15	reset	20	0.07	1
8	unsafe	16	15	reset	21	0.08	1
8	unsafe	16	15	reset	22	0.23	1
8	unsafe	16	15	reset	23	0.131	1
8	unsafe	16	15	reset	24	0.16	1
8	unsafe	16	15	reset	25	0.151	1
8	unsafe	16	15	reset	26	0.14	1
8	unsafe	16	15	reset	27	0.141	1
8	unsafe	16	15	reset	28	0.13	1
8	unsafe	16	15	reset	29	0.08	1
8	unsafe	16	15	reset	30	0.08	1
8	unsafe	16	15	reset	31	0.08	1
8	unsafe	16	15	reset	32	0.08	1
8	unsafe	16	15	reset	33	0.081	1
8	unsafe	16	15	reset	34	0.09	1
8	unsafe	16	15	reset	35	0.081	1
8	unsafe	16	15	reset	36	0.08	1
8	unsafe	16	15	reset	37	0.09	1
8	unsafe	16	15	reset	38	0.1	1
8	unsafe	16	15	reset	39	0.08	1
8	unsafe	16	15	reset	40	0.08	1
8	unsafe	16	15	reset	41	0.08	1
8	unsafe	16	15	reset	42	0.09	1
8	unsafe	16	15	reset	43	0.08	1
8	unsafe	16	15	reset	44	0.09	1
8	unsafe	16	15	reset	45	0.08	1
8	unsafe	16	15	reset	46	0.091	1
8	unsafe	16	15	reset	47	0.131	1
8	unsafe	16	15	reset	48	0.521	1
8	unsafe	16	15	reset	49	0.1	1
8	unsafe	16	15	reset	50	0.07	1
8	unsafe	16	15	reset	51	0.09	1
8	unsafe	16	15	reset	52	0.08	1
8	unsafe	16	15	reset	53	0.081	1
8	unsafe	16	15	reset	54	0.08	1
8	unsafe	16	15	reset	55	0.08	1
8	unsafe	16	15	reset	56	0.111	1
8	unsafe	16	15	reset	57	0.09	1
8	unsafe	16	15	reset	58	0.08	1
8	unsafe	16	15	reset	59	0.14	1
8	unsafe	16	15	reset	60	0.09	1
8	unsafe	16	15	reset	61	0.081	1
8	unsafe	16	15	reset	62	0.08	1
8	unsafe	16	15	reset	63	0.09	1
8	unsafe	16	15	reset	64	0.081	1
8	unsafe	16	15	reset	65	0.08	1
8	unsafe	16	15	reset	66	0.08	1
8	unsafe	16	15	reset	67	0.08	1
8	unsafe	16	15	reset	68	0.08	1
8	unsafe	16	15	reset	69	0.08	1
8	unsafe	16	15	reset	70	0.1	1
8	unsafe	16	15	reset	71	0.08	1
8	unsafe	16	15	reset	72	0.09	1
8	unsafe	16	15	reset	73	0.081	1
8	unsafe	16	15	reset	74	0.08	1
8	unsafe	16	15	reset	75	0.081	1
8	unsafe	16	15	reset	76	0.07	1
8	unsafe	16	15	reset	77	0.09	1
8	unsafe	16	15	reset	78	0.08	1
8	unsafe	16	15	reset	79	0.07	1
8	unsafe	16	15	reset	80	0.09	1
8	unsafe	16	15	reset	81	0.08	1
8	unsafe	16	15	reset	82	0.09	1
8	unsafe	16	15	reset	83	0.08	1
8	unsafe	16	15	reset	84	0.09	1
8	unsafe	16	15	reset	85	0.09	1
8	unsafe	16	15	reset	86	0.071	1
8	unsafe	16	15	reset	87	0.08	1
8	unsafe	16	15	reset	88	0.091	1
8	unsafe	16	15	reset	89	0.09	1
8	unsafe	16	15	reset	90	0.09	1
8	unsafe	16	15	reset	91	0.09	1
8	unsafe	16	15	reset	92	0.08	1
8	unsafe	16	15	reset	93	0.08	1
8	unsafe	16	15	reset	94	0.09	1
8	unsafe	16	15	reset	95	0.08	1
8	unsafe	16	15	reset	96	0.071	1
8	unsafe	16	15	reset	97	0.08	1
8	unsafe	16	15	reset	98	0.08	1
8	unsafe	16	15	reset	99	0.08	1
8	unsafe	16	15	reset	100	0.07	1
8	unsafe	16	15	reset	101	0.09	1
8	unsafe	16	15	reset	102	0.08	1
8	unsafe	16	15	reset	103	0.081	1
8	unsafe	16	15	reset	104	0.08	1
8	unsafe	16	15	reset	105	0.081	1
8	unsafe	16	15	reset	106	0.08	1
8	unsafe	16	15	reset	107	0.09	1
8	unsafe	16	15	reset	108	0.08	1
8	unsafe	16	15	reset	109	0.09	1
8	unsafe	16	15	reset	110	0.09	1
8	unsafe	16	15	reset	111	0.08	1
8	unsafe	16	15	reset	112	0.08	1
8	unsafe	16	15	reset	113	0.09	1
8	unsafe	16	15	reset	114	0.09	1
8	unsafe	16	15	reset	115	0.09	1
8	unsafe	16	15	reset	116	0.08	1
8	unsafe	16	15	reset	117	0.091	1
8	unsafe	16	15	reset	118	0.08	1
8	unsafe	16	15	reset	119	0.08	1
8	unsafe	16	15	reset	120	0.09	1
8	unsafe	16	15	reset	121	0.081	1
8	unsafe	16	15	reset	122	0.09	1
8	unsafe	16	15	reset	123	0.091	1
8	unsafe	16	15	reset	124	0.081	1
8	unsafe	16	15	reset	125	0.09	1
8	unsafe	16	15	reset	126	0.07	1
8	unsafe	16	15	reset	127	0.08	1
8	unsafe	16	15	reset	128	0.081	1
8	unsafe	16	15	reset	129	0.09	1
8	unsafe	16	15	reset	130	0.08	1
8	unsafe	16	15	reset	131	0.08	1
8	unsafe	16	15	reset	132	0.08	1
8	unsafe	16	15	reset	133	0.08	1
8	unsafe	16	15	reset	134	0.09	1
8	unsafe	16	15	reset	135	0.071	1
8	unsafe	16	15	reset	136	0.09	1
8	unsafe	16	15	reset	137	0.08	1
8	unsafe	16	15	reset	138	0.08	1
8	unsafe	16	15	reset	139	0.08	1
8	unsafe	16	15	reset	140	0.08	1
8	unsafe	16	15	reset	141	0.09	1
8	unsafe	16	15	reset	142	0.08	1
8	unsafe	16	15	reset	143	0.08	1
8	unsafe	16	15	reset	144	0.08	1
8	unsafe	16	15	reset	145	0.07	1
8	unsafe	16	15	reset	146	0.09	1
8	unsafe	16	15	reset	147	0.09	1
8	unsafe	16	15	reset	148	0.09	1
8	unsafe	16	15	reset	149	0.08	1
8	unsafe	16	15	reset	150	0.09	1
8	unsafe	16	15	reset	151	0.09	1
8	unsafe	16	15	reset	152	0.081	1
8	unsafe	16	15	reset	153	0.08	1
8	unsafe	16	15	reset	154	0.08	1
8	unsafe	16	15	reset	155	0.091	1
8	unsafe	16	15	reset	156	0.09	1
8	unsafe	16	15	reset	157	0.08	1
8	unsafe	16	15	reset	158	0.08	1
8	unsafe	16	15	reset	159	0.08	1
8	unsafe	16	15	reset	160	0.09	1
8	unsafe	16	15	reset	161	0.11	1
8	unsafe	16	15	reset	162	0.08	1
8	unsafe	16	15	reset	163	0.08	1
8	unsafe	16	15	reset	164	0.08	1
8	unsafe	16	15	reset	165	0.1	1
8	unsafe	16	15	reset	166	0.081	1
8	unsafe	16	15	reset	167	0.08	1
8	unsafe	16	15	reset	168	0.08	1
8	unsafe	16	15	reset	169	0.08	1
8	unsafe	16	15	reset	170	0.08	1
8	unsafe	16	15	reset	171	0.071	1
8	unsafe	16	15	reset	172	0.081	1
8	unsafe	16	15	reset	173	0.08	1
8	unsafe	16	15	reset	174	0.09	1
8	unsafe	16	15	reset	175	0.13	1
8	unsafe	16	15	reset	176	0.08	1
8	unsafe	16	15	reset	177	0.07	1
8	unsafe	16	15	reset	178	0.09	1
8	unsafe	16	15	reset	179	0.08	1
8	unsafe	16	15	reset	180	0.12	1
8	unsafe	16	15	reset	181	0.08	1
8	unsafe	16	15	reset	182	0.08	1
8	unsafe	16	15	reset	183	0.08	1
8	unsafe	16	15	reset	184	0.081	1
8	unsafe	16	15	reset	185	0.091	1
8	unsafe	16	15	reset	186	0.08	1
8	unsafe	16	15	reset	187	0.09	1
8	unsafe	16	15	reset	188	0.09	1
8	unsafe	16	15	reset	189	0.1	1
8	unsafe	16	15	reset	190	0.08	1
8	unsafe	16	15	reset	191	0.08	1
8	unsafe	16	15	reset	192	0.08	1
8	unsafe	16	15	reset	193	0.08	1
8	unsafe	16	15	reset	194	0.081	1
8	unsafe	16	15	reset	195	0.07	1
8	unsafe	16	15	reset	196	0.08	1
8	unsafe	16	15	reset	197	0.08	1
8	unsafe	16	15	reset	198	0.08	1
8	unsafe	16	15	reset	199	0.09	1
8	unsafe	16	15	reset	200	0.08	1
8	unsafe	16	15	stall	1	0.0	1
8	unsafe	16	15	stall	2	0.0	1
8	unsafe	16	15	stall	3	0.0	1
8	unsafe	16	15	stall	4	0.0	1
8	unsafe	16	15	stall	5	0.0	1
8	unsafe	16	15	stall	6	0.0	1
8	unsafe	16	15	stall	7	0.0	1
8	unsafe	16	15	stall	8	706.854	1
8	unsafe	16	15	stall	9	995.439	1
8	unsafe	16	15	stall	10	0.0	1
8	unsafe	16	15	stall	11	0.0	1
8	unsafe	16	15	stall	12	0.0	1
8	unsafe	16	15	stall	13	0.0	1
8	unsafe	16	15	stall	14	3005.351	1
8	unsafe	16	15	stall	15	0.0	1
8	checked	32	31	reset	1	140.976	0
8	checked	32	31	reset	2	135.024	0
8	checked	32	31	reset	3	118.724	0
8	checked	32	31	reset	4	274.468	0
8	checked	32	31	reset	5	80.612	0
8	checked	32	31	reset	6	49.023	0
8	checked	32	31	reset	7	41.238	0
8	checked	32	31	reset	8	40.556	0
8	checked	32	31	reset	9	41.247	0
8	checked	32	31	reset	10	40.827	0
8	checked	32	31	reset	11	40.957	0
8	checked	32	31	reset	12	42.82	0
8	checked	32	31	reset	13	40.627	0
8	checked	32	31	reset	14	40.687	0
8	checked	32	31	reset	15	49.763	0
8	checked	32	31	reset	16	42.079	0
8	checked	32	31	reset	17	40.677	0
8	checked	32	31	reset	18	41.348	0
8	checked	32	31	reset	19	41.138	0
8	checked	32	31	reset	20	39.915	0
8	checked	32	31	reset	21	40.186	0
8	checked	32	31	reset	22	41.228	0
8	checked	32	31	reset	23	150.384	0
8	checked	32	31	reset	24	130.786	0
8	checked	32	31	reset	25	114.195	0
8	checked	32	31	reset	26	108.044	0
8	checked	32	31	reset	27	116.119	0
8	checked	32	31	reset	28	120.517	0
8	checked	32	31	reset	29	107.824	0
8	checked	32	31	reset	30	102.844	0
8	checked	32	31	reset	31	106.351	0
8	checked	32	31	reset	32	105.349	0
8	checked	32	31	reset	33	101.171	0
8	checked	32	31	reset	34	118.323	0
8	checked	32	31	reset	35	106.09	0
8	checked	32	31	reset	36	118.012	0
8	checked	32	31	reset	37	106.241	0
8	checked	32	31	reset	38	119.155	0
8	checked	32	31	reset	39	108.776	0
8	checked	32	31	reset	40	103.896	0
8	checked	32	31	reset	41	111.5	0
8	checked	32	31	reset	42	97.284	0
8	checked	32	31	reset	43	96.883	0
8	checked	32	31	reset	44	87.806	0
8	checked	32	31	reset	45	92.755	0
8	checked	32	31	reset	46	107.102	0
8	checked	32	31	reset	47	113.164	0
8	checked	32	31	reset	48	105.349	0
8	checked	32	31	reset	49	100.109	0
8	checked	32	31	reset	50	267.715	0
8	checked	32	31	reset	51	105.199	0
8	checked	32	31	reset	52	114.616	0
8	checked	32	31	reset	53	106.691	0
8	checked	32	31	reset	54	128.002	0
8	checked	32	31	reset	55	94.558	0
8	checked	32	31	reset	56	96.793	0
8	checked	32	31	reset	57	87.334	0
8	checked	32	31	reset	58	100.34	0
8	checked	32	31	reset	59	90.28	0
8	checked	32	31	reset	60	99.408	0
8	checked	32	31	reset	61	104.498	0
8	checked	32	31	reset	62	105.078	0
8	checked	32	31	reset	63	94.248	0
8	checked	32	31	reset	64	93.546	0
8	checked	32	31	reset	65	100.559	0
8	checked	32	31	reset	66	111.16	0
8	checked	32	31	reset	67	93.617	0
8	checked	32	31	reset	68	96.161	0
8	checked	32	31	reset	69	102.353	0
8	checked	32	31	reset	70	106.241	0
8	checked	32	31	reset	71	100.99	0
8	checked	32	31	reset	72	92.144	0
8	checked	32	31	reset	73	170.231	0
8	checked	32	31	reset	74	110.479	0
8	checked	32	31	reset	75	103.836	0
8	checked	32	31	reset	76	99.348	0
8	checked	32	31	reset	77	97.224	0
8	checked	32	31	reset	78	101.0	0
8	checked	32	31	reset	79	104.006	0
8	checked	32	31	reset	80	109.307	0
8	checked	32	31	reset	81	107.383	0
8	checked	32	31	reset	82	99.728	0
8	checked	32	31	reset	83	105.278	0
8	checked	32	31	reset	84	106.932	0
8	checked	32	31	reset	85	104.207	0
8	checked	32	31	reset	86	108.215	0
8	checked	32	31	reset	87	102.743	0
8	checked	32	31	reset	88	104.417	0
8	checked	32	31	reset	89	100.73	0
8	checked	32	31	reset	90	138.391	0
8	checked	32	31	reset	91	105.409	0
8	checked	32	31	reset	92	111.45	0
8	checked	32	31	reset	93	109.447	0
8	checked	32	31	reset	94	114.366	0
8	checked	32	31	reset	95	212.521	0
8	checked	32	31	reset	96	109.828	0
8	checked	32	31	reset	97	104.677	0
8	checked	32	31	reset	98	110.859	0
8	checked	32	31	reset	99	105.779	0
8	checked	32	31	reset	100	103.826	0
8	checked	32	31	reset	101	100.26	0
8	checked	32	31	reset	102	104.167	0
8	checked	32	31	reset	103	107.453	0
8	checked	32	31	reset	104	111.01	0
8	checked	32	31	reset	105	97.654	0
8	checked	32	31	reset	106	105.85	0
8	checked	32	31	reset	107	88.157	0
8	checked	32	31	reset	108	91.322	0
8	checked	32	31	reset	109	99.949	0
8	checked	32	31	reset	110	97.614	0
8	checked	32	31	reset	111	102.824	0
8	checked	32	31	reset	112	88.777	0
8	checked	32	31	reset	113	110.519	0
8	checked	32	31	reset	114	102.544	0
8	checked	32	31	reset	115	95.901	0
8	checked	32	31	reset	116	87.375	0
8	checked	32	31	reset	117	99.949	0
8	checked	32	31	reset	118	181.262	0
8	checked	32	31	reset	119	92.806	0
8	checked	32	31	reset	120	95.019	0
8	checked	32	31	reset	121	106.341	0
8	checked	32	31	reset	122	102.804	0
8	checked	32	31	reset	123	108.244	0
8	checked	32	31	reset	124	116.61	0
8	checked	32	31	reset	125	101.09	0
8	checked	32	31	reset	126	87.355	0
8	checked	32	31	reset	127	95.951	0
8	checked	32	31	reset	128	87.455	0
8	checked	32	31	reset	129	96.673	0
8	checked	32	31	reset	130	91.774	0
8	checked	32	31	reset	131	92.435	0
8	checked	32	31	reset	132	90.3	0
8	checked	32	31	reset	133	88.537	0
8	checked	32	31	reset	134	97.013	0
8	checked	32	31	reset	135	103.044	0
8	checked	32	31	reset	136	103.886	0
8	checked	32	31	reset	137	107.843	0
8	checked	32	31	reset	138	103.575	0
8	checked	32	31	reset	139	107.212	0
8	checked	32	31	reset	140	102.203	0
8	checked	32	31	reset	141	105.029	0
8	checked	32	31	reset	142	112.552	0
8	checked	32	31	reset	143	108.545	0
8	checked	32	31	reset	144	103.084	0
8	checked	32	31	reset	145	104.016	0
8	checked	32	31	reset	146	97.383	0
8	checked	32	31	reset	147	93.396	0
8	checked	32	31	reset	148	95.71	0
8	checked	32	31	reset	149	90.14	0
8	checked	32	31	reset	150	92.014	0
8	checked	32	31	reset	151	94.318	0
8	checked	32	31	reset	152	100.099	0
8	checked	32	31	reset	153	100.349	0
8	checked	32	31	reset	154	94.448	0
8	checked	32	31	reset	155	90.701	0
8	checked	32	31	reset	156	96.031	0
8	checked	32	31	reset	157	93.366	0
8	checked	32	31	reset	158	90.0	0
8	checked	32	31	reset	159	97.785	0
8	checked	32	31	reset	160	89.769	0
8	checked	32	31	reset	161	100.149	0
8	checked	32	31	reset	162	106.471	0
8	checked	32	31	reset	163	100.83	0
8	checked	32	31	reset	164	109.417	0
8	checked	32	31	reset	165	104.858	0
8	checked	32	31	reset	166	109.237	0
8	checked	32	31	reset	167	110.338	0
8	checked	32	31	reset	168	107.543	0
8	checked	32	31	reset	169	106.251	0
8	checked	32	31	reset	170	107.102	0
8	checked	32	31	reset	171	105.018	0
8	checked	32	31	reset	172	107.413	0
8	checked	32	31	reset	173	110.118	0
8	checked	32	31	reset	174	116.981	0
8	checked	32	31	reset	175	106.772	0
8	checked	32	31	reset	176	109.136	0
8	checked	32	31	reset	177	111.711	0
8	checked	32	31	reset	178	104.828	0
8	checked	32	31	reset	179	106.741	0
8	checked	32	31	reset	180	249.661	0
8	checked	32	31	reset	181	112.692	0
8	checked	32	31	reset	182	110.198	0
8	checked	32	31	reset	183	105.97	0
8	checked	32	31	reset	184	107.974	0
8	checked	32	31	reset	185	123.002	0
8	checked	32	31	reset	186	109.927	0
8	checked	32	31	reset	187	113.454	0
8	checked	32	31	reset	188	117.983	0
8	checked	32	31	reset	189	103.025	0
8	checked	32	31	reset	190	105.729	0
8	checked	32	31	reset	191	101.161	0
8	checked	32	31	reset	192	95.881	0
8	checked	32	31	reset	193	100.77	0
8	checked	32	31	reset	194	123.643	0
8	checked	32	31	reset	195	106.461	0
8	checked	32	31	reset	196	104.357	0
8	checked	32	31	reset	197	103.666	0
8	checked	32	31	reset	198	110.839	0
8	checked	32	31	reset	199	98.366	0
8	checked	32	31	reset	200	108.775	0
8	checked	32	31	stall	1	952.527	0
8	checked	32	31	stall	2	951.595	0
8	checked	32	31	stall	3	1056.684	0
8	checked	32	31	stall	4	1821.357	0
8	checked	32	31	stall	5	1054.089	0
8	checked	32	31	stall	6	1842.317	0
8	checked	32	31	stall	7	1835.273	0
8	checked	32	31	stall	8	1072.584	0
8	checked	32	31	stall	9	1733.651	0
8	checked	32	31	stall	10	970.621	0
8	checked	32	31	stall	11	1773.687	0
8	checked	32	31	stall	12	1948.176	0
8	checked	32	31	stall	13	962.186	0
8	checked	32	31	stall	14	968.548	0
8	checked	32	31	stall	15	964.229	0
8	checked	32	31	stall	16	1044.341	0
8	checked	32	31	stall	17	956.926	0
8	checked	32	31	stall	18	2362.228	0
8	checked	32	31	stall	19	1809.595	0
8	checked	32	31	stall	20	1100.647	0
8	checked	32	31	stall	21	952.848	0
8	checked	32	31	stall	22	1354.215	0
8	checked	32	31	stall	23	1802.541	0
8	checked	32	31	stall	24	960.613	0
8	checked	32	31	stall	25	959.12	0
8	checked	32	31	stall	26	1809.715	0
8	checked	32	31	stall	27	1084.377	0
8	checked	32	31	stall	28	963.228	0
8	checked	32	31	stall	29	1165.49	0
8	checked	32	31	stall	30	961.725	0
8	checked	32	31	stall	31	1811.569	0
8	unsafe	32	31	reset	1	0.201	0
8	unsafe	32	31	reset	2	0.09	0
8	unsafe	32	31	reset	3	0.08	0
8	unsafe	32	31	reset	4	0.081	0
8	unsafe	32	31	reset	5	0.08	0
8	unsafe	32	31	reset	6	0.08	0
8	unsafe	32	31	reset	7	0.08	0
8	unsafe	32	31	reset	8	0.081	0
8	unsafe	32	31	reset	9	0.081	0
8	unsafe	32	31	reset	10	0.11	0
8	unsafe	32	31	reset	11	0.16	0
8	unsafe	32	31	reset	12	0.291	0
8	unsafe	32	31	reset	13	0.07	0
8	unsafe	32	31	reset	14	0.07	0
8	unsafe	32	31	reset	15	0.301	0
8	unsafe	32	31	reset	16	0.08	0
8	unsafe	32	31	reset	17	0.34	0
8	unsafe	32	31	reset	18	0.311	0
8	unsafe	32	31	reset	19	0.29	0
8	unsafe	32	31	reset	20	1.794	0
8	unsafe	32	31	reset	21	0.391	0
8	unsafe	32	31	reset	22	0.06	0
8	unsafe	32	31	reset	23	0.17	0
8	unsafe	32	31	reset	24	0.09	0
8	unsafe	32	31	reset	25	0.171	0
8	unsafe	32	31	reset	26	0.161	0
8	unsafe	32	31	reset	27	0.17	0
8	unsafe	32	31	reset	28	0.07	0
8	unsafe	32	31	reset	29	0.07	0
8	unsafe	32	31	reset	30	0.07	0
8	unsafe	32	31	reset	31	0.16	0
8	unsafe	32	31	reset	32	0.16	0
8	unsafe	32	31	reset	33	0.46	0
8	unsafe	32	31	reset	34	0.17	0
8	unsafe	32	31	reset	35	0.13	0
8	unsafe	32	31	reset	36	0.13	0
8	unsafe	32	31	reset	37	0.12	0
8	unsafe	32	31	reset	38	0.13	0
8	unsafe	32	31	reset	39	0.131	0
8	unsafe	32	31	reset	40	0.13	0
8	unsafe	32	31	reset	41	0.131	0
8	unsafe	32	31	reset	42	0.121	0
8	unsafe	32	31	reset	43	0.12	0
8	unsafe	32	31	reset	44	0.131	0
8	unsafe	32	31	reset	45	0.13	0
8	unsafe	32	31	reset	46	0.12	0
8	unsafe	32	31	reset	47	0.13	0
8	unsafe	32	31	reset	48	0.13	0
8	unsafe	32	31	reset	49	0.131	0
8	unsafe	32	31	reset	50	0.12	0
8	unsafe	32	31	reset	51	0.13	0
8	unsafe	32	31	reset	52	0.12	0
8	unsafe	32	31	reset	53	0.12	0
8	unsafe	32	31	reset	54	0.12	0
8	unsafe	32	31	reset	55	0.121	0
8	unsafe	32	31	reset	56	0.161	0
8	unsafe	32	31	reset	57	0.121	0
8	unsafe	32	31	reset	58	0.13	0
8	unsafe	32	31	reset	59	0.13	0
8	unsafe	32	31	reset	60	0.13	0
8	unsafe	32	31	reset	61	0.12	0
8	unsafe	32	31	reset	62	0.13	0
8	unsafe	32	31	reset	63	0.13	0
8	unsafe	32	31	reset	64	0.121	0
8	unsafe	32	31	reset	65	0.13	0
8	unsafe	32	31	reset	66	0.12	0
8	unsafe	32	31	reset	67	0.12	0
8	unsafe	32	31	reset	68	0.131	0
8	unsafe	32	31	reset	69	0.12	0
8	unsafe	32	31	reset	70	0.13	0
8	unsafe	32	31	reset	71	0.13	0
8	unsafe	32	31	reset	72	0.13	0
8	unsafe	32	31	reset	73	0.13	0
8	unsafe	32	31	reset	74	0.14	0
8	unsafe	32	31	reset	75	0.131	0
8	unsafe	32	31	reset	76	0.12	0
8	unsafe	32	31	reset	77	0.131	0
8	unsafe	32	31	reset	78	0.131	0
8	unsafe	32	31	reset	79	0.13	0
8	unsafe	32	31	reset	80	0.121	0
8	unsafe	32	31	reset	81	0.12	0
8	unsafe	32	31	reset	82	0.131	0
8	unsafe	32	31	reset	83	0.13	0
8	unsafe	32	31	reset	84	0.12	0
8	unsafe	32	31	reset	85	0.13	0
8	unsafe	32	31	reset	86	0.13	0
8	unsafe	32	31	reset	87	0.13	0
8	unsafe	32	31	reset	88	0.13	0
8	unsafe	32	31	reset	89	0.13	0
8	unsafe	32	31	reset	90	0.12	0
8	unsafe	32	31	reset	91	0.17	0
8	unsafe	32	31	reset	92	0.121	0
8	unsafe	32	31	reset	93	0.12	0
8	unsafe	32	31	reset	94	0.12	0
8	unsafe	32	31	reset	95	0.121	0
8	unsafe	32	31	reset	96	0.131	0
8	unsafe	32	31	reset	97	0.13	0
8	unsafe	32	31	reset	98	0.121	0
8	unsafe	32	31	reset	99	0.121	0
8	unsafe	32	31	reset	100	0.161	0
8	unsafe	32	31	reset	101	0.12	0
8	unsafe	32	31	reset	102	0.13	0
8	unsafe	32	31	reset	103	0.13	0
8	unsafe	32	31	reset	104	0.13	0
8	unsafe	32	31	reset	105	0.12	0
8	unsafe	32	31	reset	106	0.13	0
8	unsafe	32	31	reset	107	0.13	0
8	unsafe	32	31	reset	108	0.131	0
8	unsafe	32	31	reset	109	0.131	0
8	unsafe	32	31	reset	110	0.121	0
8	unsafe	32	31	reset	111	0.13	0
8	unsafe	32	31	reset	112	0.131	0
8	unsafe	32	31	reset	113	0.13	0
8	unsafe	32	31	reset	114	0.13	0
8	unsafe	32	31	reset	115	0.12	0
8	unsafe	32	31	reset	116	0.12	0
8	unsafe	32	31	reset	117	0.12	0
8	unsafe	32	31	reset	118	0.13	0
8	unsafe	32	31	reset	119	0.12	0
8	unsafe	32	31	reset	120	0.13	0
8	unsafe	32	31	reset	121	0.13	0
8	unsafe	32	31	reset	122	0.12	0
8	unsafe	32	31	reset	123	0.12	0
8	unsafe	32	31	reset	124	0.12	0
8	unsafe	32	31	reset	125	0.12	0
8	unsafe	32	31	reset	126	0.12	0
8	unsafe	32	31	reset	127	0.13	0
8	unsafe	32	31	reset	128	0.131	0
8	unsafe	32	31	reset	129	0.131	0
8	unsafe	32	31	reset	130	0.13	0
8	unsafe	32	31	reset	131	0.13	0
8	unsafe	32	31	reset	132	0.121	0
8	unsafe	32	31	reset	133	0.13	0
8	unsafe	32	31	reset	134	0.13	0
8	unsafe	32	31	reset	135	0.13	0
8	unsafe	32	31	reset	136	0.13	0
8	unsafe	32	31	reset	137	0.13	0
8	unsafe	32	31	reset	138	0.12	0
8	unsafe	32	31	reset	139	0.131	0
8	unsafe	32	31	reset	140	0.13	0
8	unsafe	32	31	reset	141	0.131	0
8	unsafe	32	31	reset	142	0.13	0
8	unsafe	32	31	reset	143	0.131	0
8	unsafe	32	31	reset	144	0.13	0
8	unsafe	32	31	reset	145	0.13	0
8	unsafe	32	31	reset	146	0.12	0
8	unsafe	32	31	reset	147	0.12	0
8	unsafe	32	31	reset	148	0.13	0
8	unsafe	32	31	reset	149	0.13	0
8	unsafe	32	31	reset	150	0.131	0
8	unsafe	32	31	reset	151	0.131	0
8	unsafe	32	31	reset	152	0.121	0
8	unsafe	32	31	reset	153	0.13	0
8	unsafe	32	31	reset	154	0.13	0
8	unsafe	32	31	reset	155	0.13	0
8	unsafe	32	31	reset	156	0.131	0
8	unsafe	32	31	reset	157	0.12	0
8	unsafe	32	31	reset	158	0.131	0
8	unsafe	32	31	reset	159	0.13	0
8	unsafe	32	31	reset	160	0.12	0
8	unsafe	32	31	reset	161	0.12	0
8	unsafe	32	31	reset	162	0.13	0
8	unsafe	32	31	reset	163	0.13	0
8	unsafe	32	31	reset	164	0.13	0
8	unsafe	32	31	reset	165	0.13	0
8	unsafe	32	31	reset	166	0.13	0
8	unsafe	32	31	reset	167	0.13	0
8	unsafe	32	31	reset	168	0.12	0
8	unsafe	32	31	reset	169	0.13	0
8	unsafe	32	31	reset	170	0.13	0
8	unsafe	32	31	reset	171	0.12	0
8	unsafe	32	31	reset	172	0.13	0
8	unsafe	32	31	reset	173	0.12	0
8	unsafe	32	31	reset	174	0.13	0
8	unsafe	32	31	reset	175	0.12	0
8	unsafe	32	31	reset	176	0.13	0
8	unsafe	32	31	reset	177	0.13	0
8	unsafe	32	31	reset	178	0.13	0
8	unsafe	32	31	reset	179	0.12	0
8	unsafe	32	31	reset	180	0.13	0
8	unsafe	32	31	reset	181	0.13	0
8	unsafe	32	31	reset	182	0.121	0
8	unsafe	32	31	reset	183	0.13	0
8	unsafe	32	31	reset	184	0.13	0
8	unsafe	32	31	reset	185	0.13	0
8	unsafe	32	31	reset	186	0.13	0
8	unsafe	32	31	reset	187	0.13	0
8	unsafe	32	31	reset	188	0.12	0
8	unsafe	32	31	reset	189	0.13	0
8	unsafe	32	31	reset	190	0.12	0
8	unsafe	32	31	reset	191	0.131	0
8	unsafe	32	31	reset	192	0.131	0
8	unsafe	32	31	reset	193	0.13	0
8	unsafe	32	31	reset	194	0.13	0
8	unsafe	32	31	reset	195	0.13	0
8	unsafe	32	31	reset	196	0.131	0
8	unsafe	32	31	reset	197	0.13	0
8	unsafe	32	31	reset	198	0.131	0
8	unsafe	32	31	reset	199	0.13	0
8	unsafe	32	31	reset	200	0.131	0
8	unsafe	32	31	stall	1	0.0	0
8	unsafe	32	31	stall	2	0.0	0
8	unsafe	32	31	stall	3	76.945	0
8	unsafe	32	31	stall	4	0.0	0
8	unsafe	32	31	stall	5	0.0	0
8	unsafe	32	31	stall	6	0.0	0
8	unsafe	32	31	stall	7	0.0	0
8	unsafe	32	31	stall	8	0.0	0
8	unsafe	32	31	stall	9	0.0	0
8	unsafe	32	31	stall	10	4003.765	0
8	unsafe	32	31	stall	11	3003.929	0
8	unsafe	32	31	stall	12	0.0	0
8	unsafe	32	31	stall	13	0.0	0
8	unsafe	32	31	stall	14	0.0	0
8	unsafe	32	31	stall	15	2056.451	0
8	unsafe	32	31	stall	16	0.0	0
8	unsafe	32	31	stall	17	0.0	0
8	unsafe	32	31	stall	18	0.0	0
8	unsafe	32	31	stall	19	0.0	0
8	unsafe	32	31	stall	20	0.0	0
8	unsafe	32	31	stall	21	0.0	0
8	unsafe	32	31	stall	22	0.0	0
8	unsafe	32	31	stall	23	0.0	0
8	unsafe	32	31	stall	24	0.0	0
8	unsafe	32	31	stall	25	0.0	0
8	unsafe	32	31	stall	26	0.0	0
8	unsafe	32	31	stall	27	0.0	0
8	unsafe	32	31	stall	28	0.0	0
8	unsafe	32	31	stall	29	0.0	0
8	unsafe	32	31	stall	30	0.0	0
8	unsafe	32	31	stall	31	0.0	0
9	checked	1	0	reset	1	36.87	0
9	checked	1	0	reset	2	27.853	0
9	checked	1	0	reset	3	27.672	0
9	checked	1	0	reset	4	30.978	0
9	checked	1	0	reset	5	26.51	0
9	checked	1	0	reset	6	27.452	0
9	checked	1	0	reset	7	26.299	0
9	checked	1	0	reset	8	27.212	0
9	checked	1	0	reset	9	26.45	0
9	checked	1	0	reset	10	27.081	0
9	checked	1	0	reset	11	26.2	0
9	checked	1	0	reset	12	26.67	0
9	checked	1	0	reset	13	27.051	0
9	checked	1	0	reset	14	26.851	0
9	checked	1	0	reset	15	28.403	0
9	checked	1	0	reset	16	27.512	0
9	checked	1	0	reset	17	27.121	0
9	checked	1	0	reset	18	26.781	0
9	checked	1	0	reset	19	27.422	0
9	checked	1	0	reset	20	27.201	0
9	checked	1	0	reset	21	35.026	0
9	checked	1	0	reset	22	26.73	0
9	checked	1	0	reset	23	26.47	0
9	checked	1	0	reset	24	27.172	0
9	checked	1	0	reset	25	27.501	0
9	checked	1	0	reset	26	27.742	0
9	checked	1	0	reset	27	26.61	0
9	checked	1	0	reset	28	27.241	0
9	checked	1	0	reset	29	26.61	0
9	checked	1	0	reset	30	27.472	0
9	checked	1	0	reset	31	26.711	0
9	checked	1	0	reset	32	26.911	0
9	checked	1	0	reset	33	27.271	0
9	checked	1	0	reset	34	26.69	0
9	checked	1	0	reset	35	27.251	0
9	checked	1	0	reset	36	26.601	0
9	checked	1	0	reset	37	27.823	0
9	checked	1	0	reset	38	26.771	0
9	checked	1	0	reset	39	27.081	0
9	checked	1	0	reset	40	26.62	0
9	checked	1	0	reset	41	30.358	0
9	checked	1	0	reset	42	27.372	0
9	checked	1	0	reset	43	26.901	0
9	checked	1	0	reset	44	27.171	0
9	checked	1	0	reset	45	26.5	0
9	checked	1	0	reset	46	26.96	0
9	checked	1	0	reset	47	27.572	0
9	checked	1	0	reset	48	27.903	0
9	checked	1	0	reset	49	26.65	0
9	checked	1	0	reset	50	27.091	0
9	checked	1	0	reset	51	27.041	0
9	checked	1	0	reset	52	26.7	0
9	checked	1	0	reset	53	26.911	0
9	checked	1	0	reset	54	26.65	0
9	checked	1	0	reset	55	27.392	0
9	checked	1	0	reset	56	26.45	0
9	checked	1	0	reset	57	26.941	0
9	checked	1	0	reset	58	26.59	0
9	checked	1	0	reset	59	26.901	0
9	checked	1	0	reset	60	26.35	0
9	checked	1	0	reset	61	34.676	0
9	checked	1	0	reset	62	26.891	0
9	checked	1	0	reset	63	26.3	0
9	checked	1	0	reset	64	26.741	0
9	checked	1	0	reset	65	26.149	0
9	checked	1	0	reset	66	26.89	0
9	checked	1	0	reset	67	26.299	0
9	checked	1	0	reset	68	26.971	0
9	checked	1	0	reset	69	26.32	0
9	checked	1	0	reset	70	26.951	0
9	checked	1	0	reset	71	26.17	0
9	checked	1	0	reset	72	26.851	0
9	checked	1	0	reset	73	26.54	0
9	checked	1	0	reset	74	26.43	0
9	checked	1	0	reset	75	26.681	0
9	checked	1	0	reset	76	26.269	0
9	checked	1	0	reset	77	26.761	0
9	checked	1	0	reset	78	26.52	0
9	checked	1	0	reset	79	26.881	0
9	checked	1	0	reset	80	26.74	0
9	checked	1	0	reset	81	29.455	0
9	checked	1	0	reset	82	26.72	0
9	checked	1	0	reset	83	26.38	0
9	checked	1	0	reset	84	26.75	0
9	checked	1	0	reset	85	26.4	0
9	checked	1	0	reset	86	27.041	0
9	checked	1	0	reset	87	26.58	0
9	checked	1	0	reset	88	27.411	0
9	checked	1	0	reset	89	26.75	0
9	checked	1	0	reset	90	27.101	0
9	checked	1	0	reset	91	26.329	0
9	checked	1	0	reset	92	32.661	0
9	checked	1	0	reset	93	26.369	0
9	checked	1	0	reset	94	26.29	0
9	checked	1	0	reset	95	26.66	0
9	checked	1	0	reset	96	26.49	0
9	checked	1	0	reset	97	26.59	0
9	checked	1	0	reset	98	26.52	0
9	checked	1	0	reset	99	26.89	0
9	checked	1	0	reset	100	26.45	0
9	checked	1	0	reset	101	31.249	0
9	checked	1	0	reset	102	26.611	0
9	checked	1	0	reset	103	26.159	0
9	checked	1	0	reset	104	27.352	0
9	checked	1	0	reset	105	26.791	0
9	checked	1	0	reset	106	27.602	0
9	checked	1	0	reset	107	26.72	0
9	checked	1	0	reset	108	27.311	0
9	checked	1	0	reset	109	26.7	0
9	checked	1	0	reset	110	27.432	0
9	checked	1	0	reset	111	26.961	0
9	checked	1	0	reset	112	26.891	0
9	checked	1	0	reset	113	27.241	0
9	checked	1	0	reset	114	26.94	0
9	checked	1	0	reset	115	27.422	0
9	checked	1	0	reset	116	26.941	0
9	checked	1	0	reset	117	27.462	0
9	checked	1	0	reset	118	26.951	0
9	checked	1	0	reset	119	27.251	0
9	checked	1	0	reset	120	27.181	0
9	checked	1	0	reset	121	27.522	0
9	checked	1	0	reset	122	26.961	0
9	checked	1	0	reset	123	26.8	0
9	checked	1	0	reset	124	27.222	0
9	checked	1	0	reset	125	27.011	0
9	checked	1	0	reset	126	27.381	0
9	checked	1	0	reset	127	26.78	0
9	checked	1	0	reset	128	27.212	0
9	checked	1	0	reset	129	26.771	0
9	checked	1	0	reset	130	27.352	0
9	checked	1	0	reset	131	26.711	0
9	checked	1	0	reset	132	26.86	0
9	checked	1	0	reset	133	27.151	0
9	checked	1	0	reset	134	26.971	0
9	checked	1	0	reset	135	27.182	0
9	checked	1	0	reset	136	27.001	0
9	checked	1	0	reset	137	27.532	0
9	checked	1	0	reset	138	26.991	0
9	checked	1	0	reset	139	27.402	0
9	checked	1	0	reset	140	26.931	0
9	checked	1	0	reset	141	27.983	0
9	checked	1	0	reset	142	27.152	0
9	checked	1	0	reset	143	26.911	0
9	checked	1	0	reset	144	27.282	0
9	checked	1	0	reset	145	26.74	0
9	checked	1	0	reset	146	39.535	0
9	checked	1	0	reset	147	26.921	0
9	checked	1	0	reset	148	26.981	0
9	checked	1	0	reset	149	26.41	0
9	checked	1	0	reset	150	27.442	0
9	checked	1	0	reset	151	26.68	0
9	checked	1	0	reset	152	27.251	0
9	checked	1	0	reset	153	26.641	0
9	checked	1	0	reset	154	26.981	0
9	checked	1	0	reset	155	26.941	0
9	checked	1	0	reset	156	26.821	0
9	checked	1	0	reset	157	26.93	0
9	checked	1	0	reset	158	26.901	0
9	checked	1	0	reset	159	27.201	0
9	checked	1	0	reset	160	26.801	0
9	checked	1	0	reset	161	27.281	0
9	checked	1	0	reset	162	26.871	0
9	checked	1	0	reset	163	28.003	0
9	checked	1	0	reset	164	26.821	0
9	checked	1	0	reset	165	26.68	0
9	checked	1	0	reset	166	27.191	0
9	checked	1	0	reset	167	26.52	0
9	checked	1	0	reset	168	27.291	0
9	checked	1	0	reset	169	26.63	0
9	checked	1	0	reset	170	27.211	0
9	checked	1	0	reset	171	26.69	0
9	checked	1	0	reset	172	27.321	0
9	checked	1	0	reset	173	26.72	0
9	checked	1	0	reset	174	26.85	0
9	checked	1	0	reset	175	27.242	0
9	checked	1	0	reset	176	26.851	0
9	checked	1	0	reset	177	26.991	0
9	checked	1	0	reset	178	26.92	0
9	checked	1	0	reset	179	27.181	0
9	checked	1	0	reset	180	26.841	0
9	checked	1	0	reset	181	27.311	0
9	checked	1	0	reset	182	26.78	0
9	checked	1	0	reset	183	27.151	0
9	checked	1	0	reset	184	26.9	0
9	checked	1	0	reset	185	26.791	0
9	checked	1	0	reset	186	27.392	0
9	checked	1	0	reset	187	26.651	0
9	checked	1	0	reset	188	27.191	0
9	checked	1	0	reset	189	26.79	0
9	checked	1	0	reset	190	27.251	0
9	checked	1	0	reset	191	26.711	0
9	checked	1	0	reset	192	27.292	0
9	checked	1	0	reset	193	26.68	0
9	checked	1	0	reset	194	26.921	0
9	checked	1	0	reset	195	27.071	0
9	checked	1	0	reset	196	26.821	0
9	checked	1	0	reset	197	27.212	0
9	checked	1	0	reset	198	26.831	0
9	checked	1	0	reset	199	27.141	0
9	checked	1	0	reset	200	26.921	0
9	unsafe	1	0	reset	1	0.11	0
9	unsafe	1	0	reset	2	0.05	0
9	unsafe	1	0	reset	3	0.04	0
9	unsafe	1	0	reset	4	0.06	0
9	unsafe	1	0	reset	5	0.06	0
9	unsafe	1	0	reset	6	0.05	0
9	unsafe	1	0	reset	7	0.04	0
9	unsafe	1	0	reset	8	0.04	0
9	unsafe	1	0	reset	9	0.06	0
9	unsafe	1	0	reset	10	0.04	0
9	unsafe	1	0	reset	11	0.06	0
9	unsafe	1	0	reset	12	0.06	0
9	unsafe	1	0	reset	13	0.05	0
9	unsafe	1	0	reset	14	0.06	0
9	unsafe	1	0	reset	15	0.05	0
9	unsafe	1	0	reset	16	0.06	0
9	unsafe	1	0	reset	17	0.04	0
9	unsafe	1	0	reset	18	0.05	0
9	unsafe	1	0	reset	19	0.05	0
9	unsafe	1	0	reset	20	0.05	0
9	unsafe	1	0	reset	21	0.06	0
9	unsafe	1	0	reset	22	0.04	0
9	unsafe	1	0	reset	23	0.051	0
9	unsafe	1	0	reset	24	0.07	0
9	unsafe	1	0	reset	25	0.04	0
9	unsafe	1	0	reset	26	0.05	0
9	unsafe	1	0	reset	27	0.04	0
9	unsafe	1	0	reset	28	0.04	0
9	unsafe	1	0	reset	29	0.05	0
9	unsafe	1	0	reset	30	0.05	0
9	unsafe	1	0	reset	31	0.06	0
9	unsafe	1	0	reset	32	0.04	0
9	unsafe	1	0	reset	33	0.05	0
9	unsafe	1	0	reset	34	0.06	0
9	unsafe	1	0	reset	35	0.04	0
9	unsafe	1	0	reset	36	0.06	0
9	unsafe	1	0	reset	37	0.05	0
9	unsafe	1	0	reset	38	0.05	0
9	unsafe	1	0	reset	39	0.06	0
9	unsafe	1	0	reset	40	0.05	0
9	unsafe	1	0	reset	41	0.06	0
9	unsafe	1	0	reset	42	0.05	0
9	unsafe	1	0	reset	43	0.05	0
9	unsafe	1	0	reset	44	0.07	0
9	unsafe	1	0	reset	45	0.04	0
9	unsafe	1	0	reset	46	0.05	0
9	unsafe	1	0	reset	47	0.06	0
9	unsafe	1	0	reset	48	0.05	0
9	unsafe	1	0	reset	49	0.05	0
9	unsafe	1	0	reset	50	0.05	0
9	unsafe	1	0	reset	51	0.05	0
9	unsafe	1	0	reset	52	0.06	0
9	unsafe	1	0	reset	53	0.04	0
9	unsafe	1	0	reset	54	0.07	0
9	unsafe	1	0	reset	55	0.05	0
9	unsafe	1	0	reset	56	0.05	0
9	unsafe	1	0	reset	57	0.06	0
9	unsafe	1	0	reset	58	0.04	0
9	unsafe	1	0	reset	59	0.061	0
9	unsafe	1	0	reset	60	0.06	0
9	unsafe	1	0	reset	61	0.05	0
9	unsafe	1	0	reset	62	0.05	0
9	unsafe	1	0	reset	63	0.05	0
9	unsafe	1	0	reset	64	0.06	0
9	unsafe	1	0	reset	65	0.05	0
9	unsafe	1	0	reset	66	0.06	0
9	unsafe	1	0	reset	67	0.06	0
9	unsafe	1	0	reset	68	0.041	0
9	unsafe	1	0	reset	69	0.05	0
9	unsafe	1	0	reset	70	0.041	0
9	unsafe	1	0	reset	71	0.05	0
9	unsafe	1	0	reset	72	0.05	0
9	unsafe	1	0	reset	73	0.04	0
9	unsafe	1	0	reset	74	0.041	0
9	unsafe	1	0	reset	75	0.04	0
9	unsafe	1	0	reset	76	0.06	0
9	unsafe	1	0	reset	77	0.04	0
9	unsafe	1	0	reset	78	0.05	0
9	unsafe	1	0	reset	79	0.061	0
9	unsafe	1	0	reset	80	0.05	0
9	unsafe	1	0	reset	81	0.051	0
9	unsafe	1	0	reset	82	0.06	0
9	unsafe	1	0	reset	83	0.05	0
9	unsafe	1	0	reset	84	0.05	0
9	unsafe	1	0	reset	85	0.051	0
9	unsafe	1	0	reset	86	0.06	0
9	unsafe	1	0	reset	87	0.04	0
9	unsafe	1	0	reset	88	0.06	0
9	unsafe	1	0	reset	89	0.06	0
9	unsafe	1	0	reset	90	0.05	0
9	unsafe	1	0	reset	91	0.07	0
9	unsafe	1	0	reset	92	0.05	0
9	unsafe	1	0	reset	93	0.041	0
9	unsafe	1	0	reset	94	0.07	0
9	unsafe	1	0	reset	95	0.05	0
9	unsafe	1	0	reset	96	0.06	0
9	unsafe	1	0	reset	97	0.05	0
9	unsafe	1	0	reset	98	0.05	0
9	unsafe	1	0	reset	99	0.061	0
9	unsafe	1	0	reset	100	0.05	0
9	unsafe	1	0	reset	101	0.05	0
9	unsafe	1	0	reset	102	0.05	0
9	unsafe	1	0	reset	103	0.05	0
9	unsafe	1	0	reset	104	0.07	0
9	unsafe	1	0	reset	105	0.04	0
9	unsafe	1	0	reset	106	0.07	0
9	unsafe	1	0	reset	107	0.04	0
9	unsafe	1	0	reset	108	0.05	0
9	unsafe	1	0	reset	109	0.07	0
9	unsafe	1	0	reset	110	0.05	0
9	unsafe	1	0	reset	111	0.061	0
9	unsafe	1	0	reset	112	0.05	0
9	unsafe	1	0	reset	113	0.061	0
9	unsafe	1	0	reset	114	0.1	0
9	unsafe	1	0	reset	115	0.05	0
9	unsafe	1	0	reset	116	0.07	0
9	unsafe	1	0	reset	117	0.05	0
9	unsafe	1	0	reset	118	0.05	0
9	unsafe	1	0	reset	119	0.06	0
9	unsafe	1	0	reset	120	0.05	0
9	unsafe	1	0	reset	121	0.06	0
9	unsafe	1	0	reset	122	0.04	0
9	unsafe	1	0	reset	123	0.05	0
9	unsafe	1	0	reset	124	0.07	0
9	unsafe	1	0	reset	125	0.05	0
9	unsafe	1	0	reset	126	0.07	0
9	unsafe	1	0	reset	127	0.05	0
9	unsafe	1	0	reset	128	0.07	0
9	unsafe	1	0	reset	129	0.05	0
9	unsafe	1	0	reset	130	0.04	0
9	unsafe	1	0	reset	131	0.04	0
9	unsafe	1	0	reset	132	0.04	0
9	unsafe	1	0	reset	133	0.05	0
9	unsafe	1	0	reset	134	0.051	0
9	unsafe	1	0	reset	135	0.05	0
9	unsafe	1	0	reset	136	0.06	0
9	unsafe	1	0	reset	137	0.04	0
9	unsafe	1	0	reset	138	0.05	0
9	unsafe	1	0	reset	139	0.05	0
9	unsafe	1	0	reset	140	0.05	0
9	unsafe	1	0	reset	141	0.06	0
9	unsafe	1	0	reset	142	0.05	0
9	unsafe	1	0	reset	143	0.05	0
9	unsafe	1	0	reset	144	0.06	0
9	unsafe	1	0	reset	145	0.05	0
9	unsafe	1	0	reset	146	0.061	0
9	unsafe	1	0	reset	147	0.04	0
9	unsafe	1	0	reset	148	0.04	0
9	unsafe	1	0	reset	149	0.07	0
9	unsafe	1	0	reset	150	0.04	0
9	unsafe	1	0	reset	151	0.06	0
9	unsafe	1	0	reset	152	0.05	0
9	unsafe	1	0	reset	153	0.05	0
9	unsafe	1	0	reset	154	0.07	0
9	unsafe	1	0	reset	155	0.05	0
9	unsafe	1	0	reset	156	0.08	0
9	unsafe	1	0	reset	157	0.05	0
9	unsafe	1	0	reset	158	0.061	0
9	unsafe	1	0	reset	159	0.061	0
9	unsafe	1	0	reset	160	0.05	0
9	unsafe	1	0	reset	161	0.07	0
9	unsafe	1	0	reset	162	0.05	0
9	unsafe	1	0	reset	163	0.05	0
9	unsafe	1	0	reset	164	0.06	0
9	unsafe	1	0	reset	165	0.04	0
9	unsafe	1	0	reset	166	0.06	0
9	unsafe	1	0	reset	167	0.05	0
9	unsafe	1	0	reset	168	0.06	0
9	unsafe	1	0	reset	169	0.06	0
9	unsafe	1	0	reset	170	0.051	0
9	unsafe	1	0	reset	171	0.05	0
9	unsafe	1	0	reset	172	0.05	0
9	unsafe	1	0	reset	173	0.051	0
9	unsafe	1	0	reset	174	0.06	0
9	unsafe	1	0	reset	175	0.05	0
9	unsafe	1	0	reset	176	0.07	0
9	unsafe	1	0	reset	177	0.051	0
9	unsafe	1	0	reset	178	0.05	0
9	unsafe	1	0	reset	179	0.07	0
9	unsafe	1	0	reset	180	0.06	0
9	unsafe	1	0	reset	181	0.05	0
9	unsafe	1	0	reset	182	0.04	0
9	unsafe	1	0	reset	183	0.06	0
9	unsafe	1	0	reset	184	0.07	0
9	unsafe	1	0	reset	185	0.05	0
9	unsafe	1	0	reset	186	0.07	0
9	unsafe	1	0	reset	187	0.05	0
9	unsafe	1	0	reset	188	0.04	0
9	unsafe	1	0	reset	189	0.06	0
9	unsafe	1	0	reset	190	0.05	0
9	unsafe	1	0	reset	191	0.05	0
9	unsafe	1	0	reset	192	0.05	0
9	unsafe	1	0	reset	193	0.04	0
9	unsafe	1	0	reset	194	0.06	0
9	unsafe	1	0	reset	195	0.04	0
9	unsafe	1	0	reset	196	0.07	0
9	unsafe	1	0	reset	197	0.051	0
9	unsafe	1	0	reset	198	0.05	0
9	unsafe	1	0	reset	199	0.07	0
9	unsafe	1	0	reset	200	0.05	0
9	checked	4	3	reset	1	71.755	0
9	checked	4	3	reset	2	57.278	0
9	checked	4	3	reset	3	47.39	0
9	checked	4	3	reset	4	46.468	0
9	checked	4	3	reset	5	122.942	0
9	checked	4	3	reset	6	36.268	0
9	checked	4	3	reset	7	33.283	0
9	checked	4	3	reset	8	34.214	0
9	checked	4	3	reset	9	34.135	0
9	checked	4	3	reset	10	33.434	0
9	checked	4	3	reset	11	33.734	0
9	checked	4	3	reset	12	36.839	0
9	checked	4	3	reset	13	34.295	0
9	checked	4	3	reset	14	34.065	0
9	checked	4	3	reset	15	33.663	0
9	checked	4	3	reset	16	34.375	0
9	checked	4	3	reset	17	33.272	0
9	checked	4	3	reset	18	33.924	0
9	checked	4	3	reset	19	34.445	0
9	checked	4	3	reset	20	33.133	0
9	checked	4	3	reset	21	33.894	0
9	checked	4	3	reset	22	32.511	0
9	checked	4	3	reset	23	32.081	0
9	checked	4	3	reset	24	32.522	0
9	checked	4	3	reset	25	32.973	0
9	checked	4	3	reset	26	55.404	0
9	checked	4	3	reset	27	42.961	0
9	checked	4	3	reset	28	59.923	0
9	checked	4	3	reset	29	41.569	0
9	checked	4	3	reset	30	45.596	0
9	checked	4	3	reset	31	41.128	0
9	checked	4	3	reset	32	43.031	0
9	checked	4	3	reset	33	41.037	0
9	checked	4	3	reset	34	44.264	0
9	checked	4	3	reset	35	41.738	0
9	checked	4	3	reset	36	43.762	0
9	checked	4	3	reset	37	40.185	0
9	checked	4	3	reset	38	40.357	0
9	checked	4	3	reset	39	38.483	0
9	checked	4	3	reset	40	39.875	0
9	checked	4	3	reset	41	39.525	0
9	checked	4	3	reset	42	41.628	0
9	checked	4	3	reset	43	40.316	0
9	checked	4	3	reset	44	44.053	0
9	checked	4	3	reset	45	38.713	0
9	checked	4	3	reset	46	40.316	0
9	checked	4	3	reset	47	41.599	0
9	checked	4	3	reset	48	40.997	0
9	checked	4	3	reset	49	45.045	0
9	checked	4	3	reset	50	40.827	0
9	checked	4	3	reset	51	39.074	0
9	checked	4	3	reset	52	41.588	0
9	checked	4	3	reset	53	41.98	0
9	checked	4	3	reset	54	40.847	0
9	checked	4	3	reset	55	41.449	0
9	checked	4	3	reset	56	41.458	0
9	checked	4	3	reset	57	40.337	0
9	checked	4	3	reset	58	40.797	0
9	checked	4	3	reset	59	42.951	0
9	checked	4	3	reset	60	41.318	0
9	checked	4	3	reset	61	53.241	0
9	checked	4	3	reset	62	49.213	0
9	checked	4	3	reset	63	71.625	0
9	checked	4	3	reset	64	57.779	0
9	checked	4	3	reset	65	48.802	0
9	checked	4	3	reset	66	41.098	0
9	checked	4	3	reset	67	40.907	0
9	checked	4	3	reset	68	40.125	0
9	checked	4	3	reset	69	41.078	0
9	checked	4	3	reset	70	41.679	0
9	checked	4	3	reset	71	39.664	0
9	checked	4	3	reset	72	41.358	0
9	checked	4	3	reset	73	41.058	0
9	checked	4	3	reset	74	39.645	0
9	checked	4	3	reset	75	39.103	0
9	checked	4	3	reset	76	40.516	0
9	checked	4	3	reset	77	42.249	0
9	checked	4	3	reset	78	40.387	0
9	checked	4	3	reset	79	40.516	0
9	checked	4	3	reset	80	41.649	0
9	checked	4	3	reset	81	41.247	0
9	checked	4	3	reset	82	43.232	0
9	checked	4	3	reset	83	40.306	0
9	checked	4	3	reset	84	40.997	0
9	checked	4	3	reset	85	40.396	0
9	checked	4	3	reset	86	41.99	0
9	checked	4	3	reset	87	41.088	0
9	checked	4	3	reset	88	40.547	0
9	checked	4	3	reset	89	40.737	0
9	checked	4	3	reset	90	35.647	0
9	checked	4	3	reset	91	35.527	0
9	checked	4	3	reset	92	34.766	0
9	checked	4	3	reset	93	36.949	0
9	checked	4	3	reset	94	35.817	0
9	checked	4	3	reset	95	35.037	0
9	checked	4	3	reset	96	35.427	0
9	checked	4	3	reset	97	34.395	0
9	checked	4	3	reset	98	35.386	0
9	checked	4	3	reset	99	33.964	0
9	checked	4	3	reset	100	36.769	0
9	checked	4	3	reset	101	35.126	0
9	checked	4	3	reset	102	36.99	0
9	checked	4	3	reset	103	34.745	0
9	checked	4	3	reset	104	37.441	0
9	checked	4	3	reset	105	34.435	0
9	checked	4	3	reset	106	44.815	0
9	checked	4	3	reset	107	37.31	0
9	checked	4	3	reset	108	37.201	0
9	checked	4	3	reset	109	35.968	0
9	checked	4	3	reset	110	34.806	0
9	checked	4	3	reset	111	34.705	0
9	checked	4	3	reset	112	35.096	0
9	checked	4	3	reset	113	36.449	0
9	checked	4	3	reset	114	35.627	0
9	checked	4	3	reset	115	35.026	0
9	checked	4	3	reset	116	34.345	0
9	checked	4	3	reset	117	35.237	0
9	checked	4	3	reset	118	35.106	0
9	checked	4	3	reset	119	36.339	0
9	checked	4	3	reset	120	34.315	0
9	checked	4	3	reset	121	35.186	0
9	checked	4	3	reset	122	36.789	0
9	checked	4	3	reset	123	35.547	0
9	checked	4	3	reset	124	36.348	0
9	checked	4	3	reset	125	35.878	0
9	checked	4	3	reset	126	37.331	0
9	checked	4	3	reset	127	34.736	0
9	checked	4	3	reset	128	34.906	0
9	checked	4	3	reset	129	37.881	0
9	checked	4	3	reset	130	39.103	0
9	checked	4	3	reset	131	35.958	0
9	checked	4	3	reset	132	36.679	0
9	checked	4	3	reset	133	35.347	0
9	checked	4	3	reset	134	35.557	0
9	checked	4	3	reset	135	36.579	0
9	checked	4	3	reset	136	36.158	0
9	checked	4	3	reset	137	34.265	0
9	checked	4	3	reset	138	33.955	0
9	checked	4	3	reset	139	36.389	0
9	checked	4	3	reset	140	35.377	0
9	checked	4	3	reset	141	35.407	0
9	checked	4	3	reset	142	34.986	0
9	checked	4	3	reset	143	35.046	0
9	checked	4	3	reset	144	36.319	0
9	checked	4	3	reset	145	33.774	0
9	checked	4	3	reset	146	36.298	0
9	checked	4	3	reset	147	33.864	0
9	checked	4	3	reset	148	35.016	0
9	checked	4	3	reset	149	34.706	0
9	checked	4	3	reset	150	34.485	0
9	checked	4	3	reset	151	33.814	0
9	checked	4	3	reset	152	37.391	0
9	checked	4	3	reset	153	34.355	0
9	checked	4	3	reset	154	34.115	0
9	checked	4	3	reset	155	34.705	0
9	checked	4	3	reset	156	34.735	0
9	checked	4	3	reset	157	34.345	0
9	checked	4	3	reset	158	35.818	0
9	checked	4	3	reset	159	35.306	0
9	checked	4	3	reset	160	35.337	0
9	checked	4	3	reset	161	34.074	0
9	checked	4	3	reset	162	35.307	0
9	checked	4	3	reset	163	34.846	0
9	checked	4	3	reset	164	35.237	0
9	checked	4	3	reset	165	37.02	0
9	checked	4	3	reset	166	35.727	0
9	checked	4	3	reset	167	34.626	0
9	checked	4	3	reset	168	38.292	0
9	checked	4	3	reset	169	36.639	0
9	checked	4	3	reset	170	37.2	0
9	checked	4	3	reset	171	34.285	0
9	checked	4	3	reset	172	34.986	0
9	checked	4	3	reset	173	34.135	0
9	checked	4	3	reset	174	35.277	0
9	checked	4	3	reset	175	44.153	0
9	checked	4	3	reset	176	42.05	0
9	checked	4	3	reset	177	36.659	0
9	checked	4	3	reset	178	35.748	0
9	checked	4	3	reset	179	35.717	0
9	checked	4	3	reset	180	34.215	0
9	checked	4	3	reset	181	34.986	0
9	checked	4	3	reset	182	35.257	0
9	checked	4	3	reset	183	34.896	0
9	checked	4	3	reset	184	35.146	0
9	checked	4	3	reset	185	34.785	0
9	checked	4	3	reset	186	34.725	0
9	checked	4	3	reset	187	38.142	0
9	checked	4	3	reset	188	35.026	0
9	checked	4	3	reset	189	34.736	0
9	checked	4	3	reset	190	34.425	0
9	checked	4	3	reset	191	34.755	0
9	checked	4	3	reset	192	34.846	0
9	checked	4	3	reset	193	34.495	0
9	checked	4	3	reset	194	35.126	0
9	checked	4	3	reset	195	35.467	0
9	checked	4	3	reset	196	34.816	0
9	checked	4	3	reset	197	34.445	0
9	checked	4	3	reset	198	52.589	0
9	checked	4	3	reset	199	37.27	0
9	checked	4	3	reset	200	37.621	0
9	checked	4	3	stall	1	315.305	0
9	checked	4	3	stall	2	85.471	0
9	checked	4	3	stall	3	82.155	0
9	unsafe	4	3	reset	1	0.14	0
9	unsafe	4	3	reset	2	0.1	0
9	unsafe	4	3	reset	3	0.09	0
9	unsafe	4	3	reset	4	0.1	0
9	unsafe	4	3	reset	5	0.081	0
9	unsafe	4	3	reset	6	0.26	0
9	unsafe	4	3	reset	7	0.291	0
9	unsafe	4	3	reset	8	0.08	0
9	unsafe	4	3	reset	9	0.12	0
9	unsafe	4	3	reset	10	0.08	0
9	unsafe	4	3	reset	11	0.091	0
9	unsafe	4	3	reset	12	0.09	0
9	unsafe	4	3	reset	13	0.08	0
9	unsafe	4	3	reset	14	0.08	0
9	unsafe	4	3	reset	15	0.08	0
9	unsafe	4	3	reset	16	0.07	0
9	unsafe	4	3	reset	17	0.08	0
9	unsafe	4	3	reset	18	0.1	0
9	unsafe	4	3	reset	19	0.17	0
9	unsafe	4	3	reset	20	0.07	0
9	unsafe	4	3	reset	21	0.12	0
9	unsafe	4	3	reset	22	0.08	0
9	unsafe	4	3	reset	23	0.09	0
9	unsafe	4	3	reset	24	0.14	0
9	unsafe	4	3	reset	25	0.08	0
9	unsafe	4	3	reset	26	0.08	0
9	unsafe	4	3	reset	27	0.081	0
9	unsafe	4	3	reset	28	0.08	0
9	unsafe	4	3	reset	29	0.08	0
9	unsafe	4	3	reset	30	0.101	0
9	unsafe	4	3	reset	31	0.101	0
9	unsafe	4	3	reset	32	0.08	0
9	unsafe	4	3	reset	33	0.09	0
9	unsafe	4	3	reset	34	0.08	0
9	unsafe	4	3	reset	35	0.09	0
9	unsafe	4	3	reset	36	0.07	0
9	unsafe	4	3	reset	37	0.08	0
9	unsafe	4	3	reset	38	0.11	0
9	unsafe	4	3	reset	39	0.081	0
9	unsafe	4	3	reset	40	0.07	0
9	unsafe	4	3	reset	41	0.07	0
9	unsafe	4	3	reset	42	0.08	0
9	unsafe	4	3	reset	43	0.081	0
9	unsafe	4	3	reset	44	0.07	0
9	unsafe	4	3	reset	45	0.081	0
9	unsafe	4	3	reset	46	0.1	0
9	unsafe	4	3	reset	47	0.08	0
9	unsafe	4	3	reset	48	0.07	0
9	unsafe	4	3	reset	49	0.07	0
9	unsafe	4	3	reset	50	0.08	0
9	unsafe	4	3	reset	51	0.11	0
9	unsafe	4	3	reset	52	0.08	0
9	unsafe	4	3	reset	53	0.09	0
9	unsafe	4	3	reset	54	0.07	0
9	unsafe	4	3	reset	55	0.08	0
9	unsafe	4	3	reset	56	0.07	0
9	unsafe	4	3	reset	57	0.07	0
9	unsafe	4	3	reset	58	0.08	0
9	unsafe	4	3	reset	59	0.16	0
9	unsafe	4	3	reset	60	0.08	0
9	unsafe	4	3	reset	61	0.08	0
9	unsafe	4	3	reset	62	0.081	0
9	unsafe	4	3	reset	63	0.08	0
9	unsafe	4	3	reset	64	0.07	0
9	unsafe	4	3	reset	65	0.091	0
9	unsafe	4	3	reset	66	0.08	0
9	unsafe	4	3	reset	67	0.1	0
9	unsafe	4	3	reset	68	0.09	0
9	unsafe	4	3	reset	69	0.08	0
9	unsafe	4	3	reset	70	0.07	0
9	unsafe	4	3	reset	71	0.08	0
9	unsafe	4	3	reset	72	0.08	0
9	unsafe	4	3	reset	73	0.08	0
9	unsafe	4	3	reset	74	0.08	0
9	unsafe	4	3	reset	75	0.07	0
9	unsafe	4	3	reset	76	0.08	0
9	unsafe	4	3	reset	77	0.08	0
9	unsafe	4	3	reset	78	0.12	0
9	unsafe	4	3	reset	79	0.09	0
9	unsafe	4	3	reset	80	0.1	0
9	unsafe	4	3	reset	81	0.08	0
9	unsafe	4	3	reset	82	0.07	0
9	unsafe	4	3	reset	83	0.08	0
9	unsafe	4	3	reset	84	0.07	0
9	unsafe	4	3	reset	85	0.1	0
9	unsafe	4	3	reset	86	0.09	0
9	unsafe	4	3	reset	87	0.07	0
9	unsafe	4	3	reset	88	0.09	0
9	unsafe	4	3	reset	89	0.07	0
9	unsafe	4	3	reset	90	0.08	0
9	unsafe	4	3	reset	91	0.08	0
9	unsafe	4	3	reset	92	0.11	0
9	unsafe	4	3	reset	93	0.08	0
9	unsafe	4	3	reset	94	0.081	0
9	unsafe	4	3	reset	95	0.09	0
9	unsafe	4	3	reset	96	0.091	0
9	unsafe	4	3	reset	97	0.08	0
9	unsafe	4	3	reset	98	0.09	0
9	unsafe	4	3	reset	99	0.11	0
9	unsafe	4	3	reset	100	0.13	0
9	unsafe	4	3	reset	101	0.08	0
9	unsafe	4	3	reset	102	0.11	0
9	unsafe	4	3	reset	103	0.07	0
9	unsafe	4	3	reset	104	0.1	0
9	unsafe	4	3	reset	105	0.1	0
9	unsafe	4	3	reset	106	0.08	0
9	unsafe	4	3	reset	107	0.08	0
9	unsafe	4	3	reset	108	0.08	0
9	unsafe	4	3	reset	109	0.08	0
9	unsafe	4	3	reset	110	0.101	0
9	unsafe	4	3	reset	111	0.09	0
9	unsafe	4	3	reset	112	0.07	0
9	unsafe	4	3	reset	113	0.081	0
9	unsafe	4	3	reset	114	0.08	0
9	unsafe	4	3	reset	115	0.08	0
9	unsafe	4	3	reset	116	0.11	0
9	unsafe	4	3	reset	117	0.08	0
9	unsafe	4	3	reset	118	0.111	0
9	unsafe	4	3	reset	119	0.101	0
9	unsafe	4	3	reset	120	0.09	0
9	unsafe	4	3	reset	121	0.07	0
9	unsafe	4	3	reset	122	0.08	0
9	unsafe	4	3	reset	123	0.071	0
9	unsafe	4	3	reset	124	0.08	0
9	unsafe	4	3	reset	125	0.08	0
9	unsafe	4	3	reset	126	0.07	0
9	unsafe	4	3	reset	127	0.09	0
9	unsafe	4	3	reset	128	0.08	0
9	unsafe	4	3	reset	129	0.08	0
9	unsafe	4	3	reset	130	0.08	0
9	unsafe	4	3	reset	131	0.09	0
9	unsafe	4	3	reset	132	0.08	0
9	unsafe	4	3	reset	133	0.08	0
9	unsafe	4	3	reset	134	0.08	0
9	unsafe	4	3	reset	135	0.09	0
9	unsafe	4	3	reset	136	0.09	0
9	unsafe	4	3	reset	137	0.08	0
9	unsafe	4	3	reset	138	0.1	0
9	unsafe	4	3	reset	139	0.081	0
9	unsafe	4	3	reset	140	0.091	0
9	unsafe	4	3	reset	141	0.08	0
9	unsafe	4	3	reset	142	0.12	0
9	unsafe	4	3	reset	143	0.13	0
9	unsafe	4	3	reset	144	0.07	0
9	unsafe	4	3	reset	145	0.08	0
9	unsafe	4	3	reset	146	0.08	0
9	unsafe	4	3	reset	147	0.09	0
9	unsafe	4	3	reset	148	0.07	0
9	unsafe	4	3	reset	149	0.09	0
9	unsafe	4	3	reset	150	0.08	0
9	unsafe	4	3	reset	151	0.08	0
9	unsafe	4	3	reset	152	0.12	0
9	unsafe	4	3	reset	153	0.08	0
9	unsafe	4	3	reset	154	0.081	0
9	unsafe	4	3	reset	155	0.07	0
9	unsafe	4	3	reset	156	0.07	0
9	unsafe	4	3	reset	157	0.081	0
9	unsafe	4	3	reset	158	0.08	0
9	unsafe	4	3	reset	159	0.07	0
9	unsafe	4	3	reset	160	0.091	0
9	unsafe	4	3	reset	161	0.07	0
9	unsafe	4	3	reset	162	0.08	0
9	unsafe	4	3	reset	163	0.081	0
9	unsafe	4	3	reset	164	0.08	0
9	unsafe	4	3	reset	165	0.09	0
9	unsafe	4	3	reset	166	0.07	0
9	unsafe	4	3	reset	167	0.071	0
9	unsafe	4	3	reset	168	0.08	0
9	unsafe	4	3	reset	169	0.09	0
9	unsafe	4	3	reset	170	0.08	0
9	unsafe	4	3	reset	171	0.07	0
9	unsafe	4	3	reset	172	0.08	0
9	unsafe	4	3	reset	173	0.08	0
9	unsafe	4	3	reset	174	0.08	0
9	unsafe	4	3	reset	175	0.07	0
9	unsafe	4	3	reset	176	0.09	0
9	unsafe	4	3	reset	177	0.07	0
9	unsafe	4	3	reset	178	0.141	0
9	unsafe	4	3	reset	179	0.09	0
9	unsafe	4	3	reset	180	0.09	0
9	unsafe	4	3	reset	181	0.08	0
9	unsafe	4	3	reset	182	0.07	0
9	unsafe	4	3	reset	183	0.091	0
9	unsafe	4	3	reset	184	0.08	0
9	unsafe	4	3	reset	185	0.07	0
9	unsafe	4	3	reset	186	0.08	0
9	unsafe	4	3	reset	187	0.13	0
9	unsafe	4	3	reset	188	0.14	0
9	unsafe	4	3	reset	189	0.14	0
9	unsafe	4	3	reset	190	0.3	0
9	unsafe	4	3	reset	191	0.08	0
9	unsafe	4	3	reset	192	0.12	0
9	unsafe	4	3	reset	193	0.07	0
9	unsafe	4	3	reset	194	0.09	0
9	unsafe	4	3	reset	195	0.08	0
9	unsafe	4	3	reset	196	0.08	0
9	unsafe	4	3	reset	197	0.07	0
9	unsafe	4	3	reset	198	0.08	0
9	unsafe	4	3	reset	199	0.1	0
9	unsafe	4	3	reset	200	0.07	0
9	unsafe	4	3	stall	1	0.0	0
9	unsafe	4	3	stall	2	0.0	0
9	unsafe	4	3	stall	3	0.0	0
9	checked	8	7	reset	1	89.329	0
9	checked	8	7	reset	2	71.014	0
9	checked	8	7	reset	3	72.837	0
9	checked	8	7	reset	4	62.918	0
9	checked	8	7	reset	5	157.367	0
9	checked	8	7	reset	6	34.315	0
9	checked	8	7	reset	7	33.703	0
9	checked	8	7	reset	8	33.653	0
9	checked	8	7	reset	9	33.543	0
9	checked	8	7	reset	10	32.772	0
9	checked	8	7	reset	11	33.253	0
9	checked	8	7	reset	12	32.532	0
9	checked	8	7	reset	13	34.986	0
9	checked	8	7	reset	14	32.461	0
9	checked	8	7	reset	15	32.141	0
9	checked	8	7	reset	16	33.023	0
9	checked	8	7	reset	17	32.571	0
9	checked	8	7	reset	18	33.604	0
9	checked	8	7	reset	19	32.24	0
9	checked	8	7	reset	20	32.832	0
9	checked	8	7	reset	21	32.521	0
9	checked	8	7	reset	22	32.602	0
9	checked	8	7	reset	23	75.082	0
9	checked	8	7	reset	24	65.434	0
9	checked	8	7	reset	25	66.395	0
9	checked	8	7	reset	26	229.774	0
9	checked	8	7	reset	27	69.06	0
9	checked	8	7	reset	28	80.132	0
9	checked	8	7	reset	29	59.442	0
9	checked	8	7	reset	30	60.124	0
9	checked	8	7	reset	31	59.352	0
9	checked	8	7	reset	32	56.757	0
9	checked	8	7	reset	33	45.496	0
9	checked	8	7	reset	34	44.885	0
9	checked	8	7	reset	35	47.079	0
9	checked	8	7	reset	36	45.746	0
9	checked	8	7	reset	37	44.504	0
9	checked	8	7	reset	38	44.744	0
9	checked	8	7	reset	39	44.244	0
9	checked	8	7	reset	40	43.462	0
9	checked	8	7	reset	41	42.36	0
9	checked	8	7	reset	42	42.451	0
9	checked	8	7	reset	43	44.564	0
9	checked	8	7	reset	44	44.254	0
9	checked	8	7	reset	45	42.25	0
9	checked	8	7	reset	46	43.733	0
9	checked	8	7	reset	47	42.44	0
9	checked	8	7	reset	48	43.913	0
9	checked	8	7	reset	49	45.476	0
9	checked	8	7	reset	50	42.32	0
9	checked	8	7	reset	51	45.826	0
9	checked	8	7	reset	52	42.38	0
9	checked	8	7	reset	53	42.851	0
9	checked	8	7	reset	54	44.864	0
9	checked	8	7	reset	55	43.983	0
9	checked	8	7	reset	56	61.576	0
9	checked	8	7	reset	57	44.975	0
9	checked	8	7	reset	58	42.63	0
9	checked	8	7	reset	59	43.221	0
9	checked	8	7	reset	60	43.262	0
9	checked	8	7	reset	61	42.37	0
9	checked	8	7	reset	62	69.892	0
9	checked	8	7	reset	63	51.457	0
9	checked	8	7	reset	64	40.857	0
9	checked	8	7	reset	65	41.769	0
9	checked	8	7	reset	66	39.134	0
9	checked	8	7	reset	67	39.354	0
9	checked	8	7	reset	68	42.22	0
9	checked	8	7	reset	69	40.436	0
9	checked	8	7	reset	70	39.634	0
9	checked	8	7	reset	71	38.753	0
9	checked	8	7	reset	72	38.723	0
9	checked	8	7	reset	73	39.183	0
9	checked	8	7	reset	74	39.164	0
9	checked	8	7	reset	75	39.595	0
9	checked	8	7	reset	76	38.433	0
9	checked	8	7	reset	77	38.643	0
9	checked	8	7	reset	78	40.406	0
9	checked	8	7	reset	79	38.603	0
9	checked	8	7	reset	80	38.632	0
9	checked	8	7	reset	81	39.514	0
9	checked	8	7	reset	82	38.663	0
9	checked	8	7	reset	83	38.432	0
9	checked	8	7	reset	84	75.422	0
9	checked	8	7	reset	85	44.955	0
9	checked	8	7	reset	86	48.962	0
9	checked	8	7	reset	87	45.135	0
9	checked	8	7	reset	88	44.975	0
9	checked	8	7	reset	89	47.429	0
9	checked	8	7	reset	90	48.051	0
9	checked	8	7	reset	91	43.692	0
9	checked	8	7	reset	92	44.284	0
9	checked	8	7	reset	93	43.933	0
9	checked	8	7	reset	94	42.32	0
9	checked	8	7	reset	95	43.532	0
9	checked	8	7	reset	96	58.491	0
9	checked	8	7	reset	97	48.562	0
9	checked	8	7	reset	98	44.674	0
9	checked	8	7	reset	99	41.008	0
9	checked	8	7	reset	100	43.712	0
9	checked	8	7	reset	101	48.451	0
9	checked	8	7	reset	102	62.999	0
9	checked	8	7	reset	103	40.296	0
9	checked	8	7	reset	104	39.384	0
9	checked	8	7	reset	105	39.425	0
9	checked	8	7	reset	106	38.562	0
9	checked	8	7	reset	107	40.947	0
9	checked	8	7	reset	108	39.805	0
9	checked	8	7	reset	109	38.272	0
9	checked	8	7	reset	110	38.683	0
9	checked	8	7	reset	111	48.752	0
9	checked	8	7	reset	112	62.418	0
9	checked	8	7	reset	113	60.194	0
9	checked	8	7	reset	114	58.17	0
9	checked	8	7	reset	115	42.75	0
9	checked	8	7	reset	116	41.819	0
9	checked	8	7	reset	117	40.086	0
9	checked	8	7	reset	118	41.609	0
9	checked	8	7	reset	119	41.037	0
9	checked	8	7	reset	120	39.886	0
9	checked	8	7	reset	121	39.785	0
9	checked	8	7	reset	122	39.755	0
9	checked	8	7	reset	123	40.446	0
9	checked	8	7	reset	124	41.558	0
9	checked	8	7	reset	125	41.298	0
9	checked	8	7	reset	126	40.877	0
9	checked	8	7	reset	127	40.868	0
9	checked	8	7	reset	128	40.877	0
9	checked	8	7	reset	129	39.995	0
9	checked	8	7	reset	130	42.631	0
9	checked	8	7	reset	131	41.078	0
9	checked	8	7	reset	132	42.541	0
9	checked	8	7	reset	133	39.174	0
9	checked	8	7	reset	134	40.667	0
9	checked	8	7	reset	135	39.614	0
9	checked	8	7	reset	136	41.92	0
9	checked	8	7	reset	137	39.875	0
9	checked	8	7	reset	138	39.624	0
9	checked	8	7	reset	139	39.284	0
9	checked	8	7	reset	140	39.064	0
9	checked	8	7	reset	141	38.964	0
9	checked	8	7	reset	142	38.382	0
9	checked	8	7	reset	143	38.653	0
9	checked	8	7	reset	144	39.274	0
9	checked	8	7	reset	145	38.893	0
9	checked	8	7	reset	146	38.593	0
9	checked	8	7	reset	147	39.144	0
9	checked	8	7	reset	148	39.294	0
9	checked	8	7	reset	149	151.476	0
9	checked	8	7	reset	150	47.98	0
9	checked	8	7	reset	151	64.392	0
9	checked	8	7	reset	152	40.446	0
9	checked	8	7	reset	153	40.136	0
9	checked	8	7	reset	154	39.114	0
9	checked	8	7	reset	155	40.006	0
9	checked	8	7	reset	156	38.954	0
9	checked	8	7	reset	157	39.143	0
9	checked	8	7	reset	158	39.515	0
9	checked	8	7	reset	159	39.484	0
9	checked	8	7	reset	160	39.365	0
9	checked	8	7	reset	161	40.577	0
9	checked	8	7	reset	162	38.733	0
9	checked	8	7	reset	163	38.703	0
9	checked	8	7	reset	164	39.124	0
9	checked	8	7	reset	165	39.164	0
9	checked	8	7	reset	166	39.424	0
9	checked	8	7	reset	167	39.294	0
9	checked	8	7	reset	168	39.174	0
9	checked	8	7	reset	169	38.683	0
9	checked	8	7	reset	170	39.645	0
9	checked	8	7	reset	171	39.796	0
9	checked	8	7	reset	172	41.198	0
9	checked	8	7	reset	173	38.803	0
9	checked	8	7	reset	174	39.234	0
9	checked	8	7	reset	175	41.508	0
9	checked	8	7	reset	176	41.488	0
9	checked	8	7	reset	177	39.254	0
9	checked	8	7	reset	178	38.874	0
9	checked	8	7	reset	179	40.486	0
9	checked	8	7	reset	180	38.632	0
9	checked	8	7	reset	181	40.426	0
9	checked	8	7	reset	182	38.984	0
9	checked	8	7	reset	183	39.124	0
9	checked	8	7	reset	184	38.894	0
9	checked	8	7	reset	185	40.987	0
9	checked	8	7	reset	186	40.787	0
9	checked	8	7	reset	187	39.234	0
9	checked	8	7	reset	188	38.633	0
9	checked	8	7	reset	189	39.544	0
9	checked	8	7	reset	190	39.023	0
9	checked	8	7	reset	191	39.494	0
9	checked	8	7	reset	192	39.194	0
9	checked	8	7	reset	193	39.044	0
9	checked	8	7	reset	194	39.545	0
9	checked	8	7	reset	195	39.314	0
9	checked	8	7	reset	196	39.815	0
9	checked	8	7	reset	197	40.296	0
9	checked	8	7	reset	198	39.023	0
9	checked	8	7	reset	199	38.432	0
9	checked	8	7	reset	200	39.936	0
9	checked	8	7	stall	1	221.398	0
9	checked	8	7	stall	2	222.069	0
9	checked	8	7	stall	3	426.044	0
9	checked	8	7	stall	4	222.039	0
9	checked	8	7	stall	5	594.972	0
9	checked	8	7	stall	6	222.56	0
9	checked	8	7	stall	7	221.378	0
9	unsafe	8	7	reset	1	0.15	0
9	unsafe	8	7	reset	2	0.06	0
9	unsafe	8	7	reset	3	0.07	0
9	unsafe	8	7	reset	4	0.07	0
9	unsafe	8	7	reset	5	0.08	0
9	unsafe	8	7	reset	6	0.06	0
9	unsafe	8	7	reset	7	0.06	0
9	unsafe	8	7	reset	8	0.05	0
9	unsafe	8	7	reset	9	0.051	0
9	unsafe	8	7	reset	10	0.06	0
9	unsafe	8	7	reset	11	0.06	0
9	unsafe	8	7	reset	12	0.05	0
9	unsafe	8	7	reset	13	0.06	0
9	unsafe	8	7	reset	14	0.081	0
9	unsafe	8	7	reset	15	0.06	0
9	unsafe	8	7	reset	16	0.06	0
9	unsafe	8	7	reset	17	0.05	0
9	unsafe	8	7	reset	18	0.15	0
9	unsafe	8	7	reset	19	0.06	0
9	unsafe	8	7	reset	20	0.06	0
9	unsafe	8	7	reset	21	0.06	0
9	unsafe	8	7	reset	22	0.06	0
9	unsafe	8	7	reset	23	0.081	0
9	unsafe	8	7	reset	24	0.08	0
9	unsafe	8	7	reset	25	0.06	0
9	unsafe	8	7	reset	26	0.051	0
9	unsafe	8	7	reset	27	0.05	0
9	unsafe	8	7	reset	28	0.061	0
9	unsafe	8	7	reset	29	0.05	0
9	unsafe	8	7	reset	30	0.05	0
9	unsafe	8	7	reset	31	0.05	0
9	unsafe	8	7	reset	32	0.05	0
9	unsafe	8	7	reset	33	0.06	0
9	unsafe	8	7	reset	34	0.06	0
9	unsafe	8	7	reset	35	0.05	0
9	unsafe	8	7	reset	36	0.05	0
9	unsafe	8	7	reset	37	0.05	0
9	unsafe	8	7	reset	38	0.06	0
9	unsafe	8	7	reset	39	0.05	0
9	unsafe	8	7	reset	40	0.06	0
9	unsafe	8	7	reset	41	0.05	0
9	unsafe	8	7	reset	42	0.05	0
9	unsafe	8	7	reset	43	0.06	0
9	unsafe	8	7	reset	44	0.05	0
9	unsafe	8	7	reset	45	0.06	0
9	unsafe	8	7	reset	46	0.05	0
9	unsafe	8	7	reset	47	0.05	0
9	unsafe	8	7	reset	48	0.06	0
9	unsafe	8	7	reset	49	0.06	0
9	unsafe	8	7	reset	50	0.07	0
9	unsafe	8	7	reset	51	0.051	0
9	unsafe	8	7	reset	52	0.121	0
9	unsafe	8	7	reset	53	0.05	0
9	unsafe	8	7	reset	54	0.05	0
9	unsafe	8	7	reset	55	0.06	0
9	unsafe	8	7	reset	56	0.05	0
9	unsafe	8	7	reset	57	0.06	0
9	unsafe	8	7	reset	58	0.05	0
9	unsafe	8	7	reset	59	0.05	0
9	unsafe	8	7	reset	60	0.06	0
9	unsafe	8	7	reset	61	0.05	0
9	unsafe	8	7	reset	62	0.05	0
9	unsafe	8	7	reset	63	0.05	0
9	unsafe	8	7	reset	64	0.06	0
9	unsafe	8	7	reset	65	0.071	0
9	unsafe	8	7	reset	66	0.051	0
9	unsafe	8	7	reset	67	0.07	0
9	unsafe	8	7	reset	68	0.05	0
9	unsafe	8	7	reset	69	0.05	0
9	unsafe	8	7	reset	70	0.07	0
9	unsafe	8	7	reset	71	0.05	0
9	unsafe	8	7	reset	72	0.06	0
9	unsafe	8	7	reset	73	0.05	0
9	unsafe	8	7	reset	74	0.051	0
9	unsafe	8	7	reset	75	0.09	0
9	unsafe	8	7	reset	76	0.05	0
9	unsafe	8	7	reset	77	0.08	0
9	unsafe	8	7	reset	78	0.05	0
9	unsafe	8	7	reset	79	0.06	0
9	unsafe	8	7	reset	80	0.07	0
9	unsafe	8	7	reset	81	0.06	0
9	unsafe	8	7	reset	82	0.06	0
9	unsafe	8	7	reset	83	0.06	0
9	unsafe	8	7	reset	84	0.06	0
9	unsafe	8	7	reset	85	0.08	0
9	unsafe	8	7	reset	86	0.05	0
9	unsafe	8	7	reset	87	0.06	0
9	unsafe	8	7	reset	88	0.05	0
9	unsafe	8	7	reset	89	0.06	0
9	unsafe	8	7	reset	90	0.06	0
9	unsafe	8	7	reset	91	0.061	0
9	unsafe	8	7	reset	92	0.05	0
9	unsafe	8	7	reset	93	0.05	0
9	unsafe	8	7	reset	94	0.071	0
9	unsafe	8	7	reset	95	0.06	0
9	unsafe	8	7	reset	96	0.05	0
9	unsafe	8	7	reset	97	0.06	0
9	unsafe	8	7	reset	98	0.05	0
9	unsafe	8	7	reset	99	0.06	0
9	unsafe	8	7	reset	100	0.04	0
9	unsafe	8	7	reset	101	0.07	0
9	unsafe	8	7	reset	102	0.06	0
9	unsafe	8	7	reset	103	0.05	0
9	unsafe	8	7	reset	104	0.05	0
9	unsafe	8	7	reset	105	0.06	0
9	unsafe	8	7	reset	106	0.05	0
9	unsafe	8	7	reset	107	0.08	0
9	unsafe	8	7	reset	108	0.05	0
9	unsafe	8	7	reset	109	0.06	0
9	unsafe	8	7	reset	110	0.05	0
9	unsafe	8	7	reset	111	0.05	0
9	unsafe	8	7	reset	112	0.07	0
9	unsafe	8	7	reset	113	0.06	0
9	unsafe	8	7	reset	114	0.07	0
9	unsafe	8	7	reset	115	0.06	0
9	unsafe	8	7	reset	116	0.051	0
9	unsafe	8	7	reset	117	0.06	0
9	unsafe	8	7	reset	118	0.05	0
9	unsafe	8	7	reset	119	0.08	0
9	unsafe	8	7	reset	120	0.071	0
9	unsafe	8	7	reset	121	0.05	0
9	unsafe	8	7	reset	122	0.071	0
9	unsafe	8	7	reset	123	0.06	0
9	unsafe	8	7	reset	124	0.06	0
9	unsafe	8	7	reset	125	0.061	0
9	unsafe	8	7	reset	126	0.05	0
9	unsafe	8	7	reset	127	0.06	0
9	unsafe	8	7	reset	128	0.05	0
9	unsafe	8	7	reset	129	0.081	0
9	unsafe	8	7	reset	130	0.05	0
9	unsafe	8	7	reset	131	0.07	0
9	unsafe	8	7	reset	132	0.06	0
9	unsafe	8	7	reset	133	0.05	0
9	unsafe	8	7	reset	134	0.071	0
9	unsafe	8	7	reset	135	0.06	0
9	unsafe	8	7	reset	136	0.071	0
9	unsafe	8	7	reset	137	0.06	0
9	unsafe	8	7	reset	138	0.06	0
9	unsafe	8	7	reset	139	0.07	0
9	unsafe	8	7	reset	140	0.05	0
9	unsafe	8	7	reset	141	0.05	0
9	unsafe	8	7	reset	142	0.05	0
9	unsafe	8	7	reset	143	0.05	0
9	unsafe	8	7	reset	144	0.06	0
9	unsafe	8	7	reset	145	0.07	0
9	unsafe	8	7	reset	146	0.05	0
9	unsafe	8	7	reset	147	0.07	0
9	unsafe	8	7	reset	148	0.05	0
9	unsafe	8	7	reset	149	0.07	0
9	unsafe	8	7	reset	150	0.05	0
9	unsafe	8	7	reset	151	0.06	0
9	unsafe	8	7	reset	152	0.05	0
9	unsafe	8	7	reset	153	0.05	0
9	unsafe	8	7	reset	154	0.06	0
9	unsafe	8	7	reset	155	0.05	0
9	unsafe	8	7	reset	156	0.06	0
9	unsafe	8	7	reset	157	0.06	0
9	unsafe	8	7	reset	158	0.061	0
9	unsafe	8	7	reset	159	0.08	0
9	unsafe	8	7	reset	160	0.05	0
9	unsafe	8	7	reset	161	0.07	0
9	unsafe	8	7	reset	162	0.06	0
9	unsafe	8	7	reset	163	0.061	0
9	unsafe	8	7	reset	164	0.071	0
9	unsafe	8	7	reset	165	0.07	0
9	unsafe	8	7	reset	166	0.06	0
9	unsafe	8	7	reset	167	0.06	0
9	unsafe	8	7	reset	168	0.05	0
9	unsafe	8	7	reset	169	0.08	0
9	unsafe	8	7	reset	170	0.06	0
9	unsafe	8	7	reset	171	0.1	0
9	unsafe	8	7	reset	172	0.05	0
9	unsafe	8	7	reset	173	0.06	0
9	unsafe	8	7	reset	174	0.06	0
9	unsafe	8	7	reset	175	0.05	0
9	unsafe	8	7	reset	176	0.07	0
9	unsafe	8	7	reset	177	0.061	0
9	unsafe	8	7	reset	178	0.06	0
9	unsafe	8	7	reset	179	0.06	0
9	unsafe	8	7	reset	180	0.06	0
9	unsafe	8	7	reset	181	0.06	0
9	unsafe	8	7	reset	182	0.05	0
9	unsafe	8	7	reset	183	0.06	0
9	unsafe	8	7	reset	184	0.06	0
9	unsafe	8	7	reset	185	0.06	0
9	unsafe	8	7	reset	186	0.07	0
9	unsafe	8	7	reset	187	0.05	0
9	unsafe	8	7	reset	188	0.05	0
9	unsafe	8	7	reset	189	0.061	0
9	unsafe	8	7	reset	190	0.061	0
9	unsafe	8	7	reset	191	0.06	0
9	unsafe	8	7	reset	192	0.07	0
9	unsafe	8	7	reset	193	0.06	0
9	unsafe	8	7	reset	194	0.07	0
9	unsafe	8	7	reset	195	0.06	0
9	unsafe	8	7	reset	196	0.06	0
9	unsafe	8	7	reset	197	0.061	0
9	unsafe	8	7	reset	198	0.06	0
9	unsafe	8	7	reset	199	0.08	0
9	unsafe	8	7	reset	200	0.06	0
9	unsafe	8	7	stall	1	0.0	0
9	unsafe	8	7	stall	2	0.0	0
9	unsafe	8	7	stall	3	0.0	0
9	unsafe	8	7	stall	4	0.0	0
9	unsafe	8	7	stall	5	0.0	0
9	unsafe	8	7	stall	6	0.0	0
9	unsafe	8	7	stall	7	0.0	0
9	checked	16	15	reset	1	100.179	1
9	checked	16	15	reset	2	205.919	1
9	checked	16	15	reset	3	80.021	1
9	checked	16	15	reset	4	60.855	1
9	checked	16	15	reset	5	61.707	1
9	checked	16	15	reset	6	65.493	1
9	checked	16	15	reset	7	62.989	1
9	checked	16	15	reset	8	58.17	1
9	checked	16	15	reset	9	58.32	1
9	checked	16	15	reset	10	62.518	1
9	checked	16	15	reset	11	48.331	1
9	checked	16	15	reset	12	38.403	1
9	checked	16	15	reset	13	35.217	1
9	checked	16	15	reset	14	35.567	1
9	checked	16	15	reset	15	55.885	1
9	checked	16	15	reset	16	112.152	1
9	checked	16	15	reset	17	84.379	1
9	checked	16	15	reset	18	84.569	1
9	checked	16	15	reset	19	73.418	1
9	checked	16	15	reset	20	81.454	1
9	checked	16	15	reset	21	109.307	1
9	checked	16	15	reset	22	107.482	1
9	checked	16	15	reset	23	91.302	1
9	checked	16	15	reset	24	79.51	1
9	checked	16	15	reset	25	73.499	1
9	checked	16	15	reset	26	70.964	1
9	checked	16	15	reset	27	74.19	1
9	checked	16	15	reset	28	74.43	1
9	checked	16	15	reset	29	64.001	1
9	checked	16	15	reset	30	68.089	1
9	checked	16	15	reset	31	66.706	1
9	checked	16	15	reset	32	67.137	1
9	checked	16	15	reset	33	64.602	1
9	checked	16	15	reset	34	75.924	1
9	checked	16	15	reset	35	74.04	1
9	checked	16	15	reset	36	106.19	1
9	checked	16	15	reset	37	75.543	1
9	checked	16	15	reset	38	65.994	1
9	checked	16	15	reset	39	80.101	1
9	checked	16	15	reset	40	76.875	1
9	checked	16	15	reset	41	72.617	1
9	checked	16	15	reset	42	74.972	1
9	checked	16	15	reset	43	67.147	1
9	checked	16	15	reset	44	76.374	1
9	checked	16	15	reset	45	72.326	1
9	checked	16	15	reset	46	83.046	1
9	checked	16	15	reset	47	73.168	1
9	checked	16	15	reset	48	64.942	1
9	checked	16	15	reset	49	73.739	1
9	checked	16	15	reset	50	74.18	1
9	checked	16	15	reset	51	74.491	1
9	checked	16	15	reset	52	74.08	1
9	checked	16	15	reset	53	73.499	1
9	checked	16	15	reset	54	74.15	1
9	checked	16	15	reset	55	66.566	1
9	checked	16	15	reset	56	70.523	1
9	checked	16	15	reset	57	76.895	1
9	checked	16	15	reset	58	78.689	1
9	checked	16	15	reset	59	66.285	1
9	checked	16	15	reset	60	68.429	1
9	checked	16	15	reset	61	75.181	1
9	checked	16	15	reset	62	73.85	1
9	checked	16	15	reset	63	73.79	1
9	checked	16	15	reset	64	73.189	1
9	checked	16	15	reset	65	76.685	1
9	checked	16	15	reset	66	76.094	1
9	checked	16	15	reset	67	73.238	1
9	checked	16	15	reset	68	77.867	1
9	checked	16	15	reset	69	64.581	1
9	checked	16	15	reset	70	66.585	1
9	checked	16	15	reset	71	67.888	1
9	checked	16	15	reset	72	68.97	1
9	checked	16	15	reset	73	63.279	1
9	checked	16	15	reset	74	74.431	1
9	checked	16	15	reset	75	70.052	1
9	checked	16	15	reset	76	70.473	1
9	checked	16	15	reset	77	67.207	1
9	checked	16	15	reset	78	69.771	1
9	checked	16	15	reset	79	67.267	1
9	checked	16	15	reset	80	69.03	1
9	checked	16	15	reset	81	64.301	1
9	checked	16	15	reset	82	74.33	1
9	checked	16	15	reset	83	66.636	1
9	checked	16	15	reset	84	69.571	1
9	checked	16	15	reset	85	64.482	1
9	checked	16	15	reset	86	70.834	1
9	checked	16	15	reset	87	64.912	1
9	checked	16	15	reset	88	70.854	1
9	checked	16	15	reset	89	68.198	1
9	checked	16	15	reset	90	68.269	1
9	checked	16	15	reset	91	75.533	1
9	checked	16	15	reset	92	72.937	1
9	checked	16	15	reset	93	68.68	1
9	checked	16	15	reset	94	67.126	1
9	checked	16	15	reset	95	70.863	1
9	checked	16	15	reset	96	77.466	1
9	checked	16	15	reset	97	66.265	1
9	checked	16	15	reset	98	74.54	1
9	checked	16	15	reset	99	77.366	1
9	checked	16	15	reset	100	83.457	1
9	checked	16	15	reset	101	76.143	1
9	checked	16	15	reset	102	73.839	1
9	checked	16	15	reset	103	73.839	1
9	checked	16	15	reset	104	66.715	1
9	checked	16	15	reset	105	63.52	1
9	checked	16	15	reset	106	66.085	1
9	checked	16	15	reset	107	60.884	1
9	checked	16	15	reset	108	65.283	1
9	checked	16	15	reset	109	63.971	1
9	checked	16	15	reset	110	68.068	1
9	checked	16	15	reset	111	67.337	1
9	checked	16	15	reset	112	63.019	1
9	checked	16	15	reset	113	64.451	1
9	checked	16	15	reset	114	80.462	1
9	checked	16	15	reset	115	60.474	1
9	checked	16	15	reset	116	74.67	1
9	checked	16	15	reset	117	65.363	1
9	checked	16	15	reset	118	64.902	1
9	checked	16	15	reset	119	64.592	1
9	checked	16	15	reset	120	76.735	1
9	checked	16	15	reset	121	75.242	1
9	checked	16	15	reset	122	86.984	1
9	checked	16	15	reset	123	74.631	1
9	checked	16	15	reset	124	74.59	1
9	checked	16	15	reset	125	63.64	1
9	checked	16	15	reset	126	66.095	1
9	checked	16	15	reset	127	67.778	1
9	checked	16	15	reset	128	69.041	1
9	checked	16	15	reset	129	66.105	1
9	checked	16	15	reset	130	71.245	1
9	checked	16	15	reset	131	65.644	1
9	checked	16	15	reset	132	73.689	1
9	checked	16	15	reset	133	70.723	1
9	checked	16	15	reset	134	67.668	1
9	checked	16	15	reset	135	65.063	1
9	checked	16	15	reset	136	71.435	1
9	checked	16	15	reset	137	68.509	1
9	checked	16	15	reset	138	66.796	1
9	checked	16	15	reset	139	67.517	1
9	checked	16	15	reset	140	69.542	1
9	checked	16	15	reset	141	67.838	1
9	checked	16	15	reset	142	70.483	1
9	checked	16	15	reset	143	68.029	1
9	checked	16	15	reset	144	69.541	1
9	checked	16	15	reset	145	64.131	1
9	checked	16	15	reset	146	71.194	1
9	checked	16	15	reset	147	66.866	1
9	checked	16	15	reset	148	65.284	1
9	checked	16	15	reset	149	74.42	1
9	checked	16	15	reset	150	65.243	1
9	checked	16	15	reset	151	63.64	1
9	checked	16	15	reset	152	65.604	1
9	checked	16	15	reset	153	77.206	1
9	checked	16	15	reset	154	84.018	1
9	checked	16	15	reset	155	90.912	1
9	checked	16	15	reset	156	83.488	1
9	checked	16	15	reset	157	81.774	1
9	checked	16	15	reset	158	83.117	1
9	checked	16	15	reset	159	77.706	1
9	checked	16	15	reset	160	80.992	1
9	checked	16	15	reset	161	67.457	1
9	checked	16	15	reset	162	73.118	1
9	checked	16	15	reset	163	72.006	1
9	checked	16	15	reset	164	70.753	1
9	checked	16	15	reset	165	63.57	1
9	checked	16	15	reset	166	68.239	1
9	checked	16	15	reset	167	66.376	1
9	checked	16	15	reset	168	1384.131	1
9	checked	16	15	reset	169	93.176	1
9	checked	16	15	reset	170	95.931	1
9	checked	16	15	reset	171	91.603	1
9	checked	16	15	reset	172	86.784	1
9	checked	16	15	reset	173	84.941	1
9	checked	16	15	reset	174	71.836	1
9	checked	16	15	reset	175	70.763	1
9	checked	16	15	reset	176	76.434	1
9	checked	16	15	reset	177	65.393	1
9	checked	16	15	reset	178	73.028	1
9	checked	16	15	reset	179	69.461	1
9	checked	16	15	reset	180	73.629	1
9	checked	16	15	reset	181	77.065	1
9	checked	16	15	reset	182	76.254	1
9	checked	16	15	reset	183	81.675	1
9	checked	16	15	reset	184	72.437	1
9	checked	16	15	reset	185	65.885	1
9	checked	16	15	reset	186	71.565	1
9	checked	16	15	reset	187	67.698	1
9	checked	16	15	reset	188	72.867	1
9	checked	16	15	reset	189	74.55	1
9	checked	16	15	reset	190	74.1	1
9	checked	16	15	reset	191	69.131	1
9	checked	16	15	reset	192	72.998	1
9	checked	16	15	reset	193	67.928	1
9	checked	16	15	reset	194	66.245	1
9	checked	16	15	reset	195	66.987	1
9	checked	16	15	reset	196	75.873	1
9	checked	16	15	reset	197	70.813	1
9	checked	16	15	reset	198	71.024	1
9	checked	16	15	reset	199	80.081	1
9	checked	16	15	reset	200	69.702	1
9	checked	16	15	stall	1	199.476	1
9	checked	16	15	stall	2	197.874	1
9	checked	16	15	stall	3	195.169	1
9	checked	16	15	stall	4	199.517	1
9	checked	16	15	stall	5	199.787	1
9	checked	16	15	stall	6	198.154	1
9	checked	16	15	stall	7	197.883	1
9	checked	16	15	stall	8	195.028	1
9	checked	16	15	stall	9	195.188	1
9	checked	16	15	stall	10	198.394	1
9	checked	16	15	stall	11	528.698	1
9	checked	16	15	stall	12	198.985	1
9	checked	16	15	stall	13	197.232	1
9	checked	16	15	stall	14	195.359	1
9	checked	16	15	stall	15	197.984	1
9	unsafe	16	15	reset	1	0.22	1
9	unsafe	16	15	reset	2	0.07	1
9	unsafe	16	15	reset	3	0.06	1
9	unsafe	16	15	reset	4	0.071	1
9	unsafe	16	15	reset	5	0.301	1
9	unsafe	16	15	reset	6	1.563	1
9	unsafe	16	15	reset	7	0.14	1
9	unsafe	16	15	reset	8	0.08	1
9	unsafe	16	15	reset	9	0.08	1
9	unsafe	16	15	reset	10	0.08	1
9	unsafe	16	15	reset	11	0.07	1
9	unsafe	16	15	reset	12	0.08	1
9	unsafe	16	15	reset	13	0.07	1
9	unsafe	16	15	reset	14	0.08	1
9	unsafe	16	15	reset	15	0.08	1
9	unsafe	16	15	reset	16	0.07	1
9	unsafe	16	15	reset	17	0.08	1
9	unsafe	16	15	reset	18	0.09	1
9	unsafe	16	15	reset	19	0.241	1
9	unsafe	16	15	reset	20	0.2	1
9	unsafe	16	15	reset	21	0.13	1
9	unsafe	16	15	reset	22	0.15	1
9	unsafe	16	15	reset	23	0.151	1
9	unsafe	16	15	reset	24	0.13	1
9	unsafe	16	15	reset	25	0.121	1
9	unsafe	16	15	reset	26	0.12	1
9	unsafe	16	15	reset	27	0.141	1
9	unsafe	16	15	reset	28	0.13	1
9	unsafe	16	15	reset	29	0.151	1
9	unsafe	16	15	reset	30	0.131	1
9	unsafe	16	15	reset	31	0.13	1
9	unsafe	16	15	reset	32	0.131	1
9	unsafe	16	15	reset	33	0.151	1
9	unsafe	16	15	reset	34	0.17	1
9	unsafe	16	15	reset	35	0.131	1
9	unsafe	16	15	reset	36	0.13	1
9	unsafe	16	15	reset	37	0.13	1
9	unsafe	16	15	reset	38	0.13	1
9	unsafe	16	15	reset	39	0.121	1
9	unsafe	16	15	reset	40	0.13	1
9	unsafe	16	15	reset	41	0.131	1
9	unsafe	16	15	reset	42	0.13	1
9	unsafe	16	15	reset	43	0.12	1
9	unsafe	16	15	reset	44	0.13	1
9	unsafe	16	15	reset	45	0.12	1
9	unsafe	16	15	reset	46	0.12	1
9	unsafe	16	15	reset	47	0.12	1
9	unsafe	16	15	reset	48	0.13	1
9	unsafe	16	15	reset	49	0.13	1
9	unsafe	16	15	reset	50	0.131	1
9	unsafe	16	15	reset	51	0.12	1
9	unsafe	16	15	reset	52	0.121	1
9	unsafe	16	15	reset	53	0.13	1
9	unsafe	16	15	reset	54	0.13	1
9	unsafe	16	15	reset	55	0.151	1
9	unsafe	16	15	reset	56	0.12	1
9	unsafe	16	15	reset	57	0.12	1
9	unsafe	16	15	reset	58	0.12	1
9	unsafe	16	15	reset	59	0.13	1
9	unsafe	16	15	reset	60	0.151	1
9	unsafe	16	15	reset	61	0.13	1
9	unsafe	16	15	reset	62	0.13	1
9	unsafe	16	15	reset	63	0.12	1
9	unsafe	16	15	reset	64	0.14	1
9	unsafe	16	15	reset	65	0.15	1
9	unsafe	16	15	reset	66	0.13	1
9	unsafe	16	15	reset	67	0.13	1
9	unsafe	16	15	reset	68	0.13	1
9	unsafe	16	15	reset	69	0.13	1
9	unsafe	16	15	reset	70	0.13	1
9	unsafe	16	15	reset	71	0.14	1
9	unsafe	16	15	reset	72	0.17	1
9	unsafe	16	15	reset	73	0.13	1
9	unsafe	16	15	reset	74	0.13	1
9	unsafe	16	15	reset	75	0.131	1
9	unsafe	16	15	reset	76	0.131	1
9	unsafe	16	15	reset	77	0.13	1
9	unsafe	16	15	reset	78	0.13	1
9	unsafe	16	15	reset	79	0.131	1
9	unsafe	16	15	reset	80	0.131	1
9	unsafe	16	15	reset	81	0.13	1
9	unsafe	16	15	reset	82	0.13	1
9	unsafe	16	15	reset	83	0.13	1
9	unsafe	16	15	reset	84	0.12	1
9	unsafe	16	15	reset	85	0.15	1
9	unsafe	16	15	reset	86	0.13	1
9	unsafe	16	15	reset	87	0.13	1
9	unsafe	16	15	reset	88	0.14	1
9	unsafe	16	15	reset	89	0.13	1
9	unsafe	16	15	reset	90	0.131	1
9	unsafe	16	15	reset	91	0.181	1
9	unsafe	16	15	reset	92	0.131	1
9	unsafe	16	15	reset	93	0.17	1
9	unsafe	16	15	reset	94	0.13	1
9	unsafe	16	15	reset	95	0.151	1
9	unsafe	16	15	reset	96	0.16	1
9	unsafe	16	15	reset	97	0.15	1
9	unsafe	16	15	reset	98	0.13	1
9	unsafe	16	15	reset	99	0.13	1
9	unsafe	16	15	reset	100	0.14	1
9	unsafe	16	15	reset	101	0.13	1
9	unsafe	16	15	reset	102	0.13	1
9	unsafe	16	15	reset	103	0.15	1
9	unsafe	16	15	reset	104	0.15	1
9	unsafe	16	15	reset	105	0.131	1
9	unsafe	16	15	reset	106	0.131	1
9	unsafe	16	15	reset	107	0.131	1
9	unsafe	16	15	reset	108	0.141	1
9	unsafe	16	15	reset	109	0.13	1
9	unsafe	16	15	reset	110	0.131	1
9	unsafe	16	15	reset	111	0.12	1
9	unsafe	16	15	reset	112	0.121	1
9	unsafe	16	15	reset	113	0.131	1
9	unsafe	16	15	reset	114	0.13	1
9	unsafe	16	15	reset	115	0.13	1
9	unsafe	16	15	reset	116	0.12	1
9	unsafe	16	15	reset	117	0.13	1
9	unsafe	16	15	reset	118	0.14	1
9	unsafe	16	15	reset	119	0.16	1
9	unsafe	16	15	reset	120	0.12	1
9	unsafe	16	15	reset	121	0.14	1
9	unsafe	16	15	reset	122	0.141	1
9	unsafe	16	15	reset	123	0.13	1
9	unsafe	16	15	reset	124	0.13	1
9	unsafe	16	15	reset	125	0.13	1
9	unsafe	16	15	reset	126	0.12	1
9	unsafe	16	15	reset	127	0.13	1
9	unsafe	16	15	reset	128	0.131	1
9	unsafe	16	15	reset	129	0.161	1
9	unsafe	16	15	reset	130	0.13	1
9	unsafe	16	15	reset	131	0.13	1
9	unsafe	16	15	reset	132	0.131	1
9	unsafe	16	15	reset	133	0.13	1
9	unsafe	16	15	reset	134	0.14	1
9	unsafe	16	15	reset	135	0.151	1
9	unsafe	16	15	reset	136	0.13	1
9	unsafe	16	15	reset	137	0.131	1
9	unsafe	16	15	reset	138	0.13	1
9	unsafe	16	15	reset	139	0.13	1
9	unsafe	16	15	reset	140	0.13	1
9	unsafe	16	15	reset	141	0.141	1
9	unsafe	16	15	reset	142	0.15	1
9	unsafe	16	15	reset	143	0.13	1
9	unsafe	16	15	reset	144	0.13	1
9	unsafe	16	15	reset	145	0.12	1
9	unsafe	16	15	reset	146	0.14	1
9	unsafe	16	15	reset	147	0.131	1
9	unsafe	16	15	reset	148	0.14	1
9	unsafe	16	15	reset	149	0.15	1
9	unsafe	16	15	reset	150	0.14	1
9	unsafe	16	15	reset	151	0.13	1
9	unsafe	16	15	reset	152	0.12	1
9	unsafe	16	15	reset	153	0.131	1
9	unsafe	16	15	reset	154	0.141	1
9	unsafe	16	15	reset	155	0.13	1
9	unsafe	16	15	reset	156	0.13	1
9	unsafe	16	15	reset	157	0.13	1
9	unsafe	16	15	reset	158	0.13	1
9	unsafe	16	15	reset	159	0.12	1
9	unsafe	16	15	reset	160	0.13	1
9	unsafe	16	15	reset	161	0.12	1
9	unsafe	16	15	reset	162	0.13	1
9	unsafe	16	15	reset	163	0.14	1
9	unsafe	16	15	reset	164	0.14	1
9	unsafe	16	15	reset	165	0.13	1
9	unsafe	16	15	reset	166	0.15	1
9	unsafe	16	15	reset	167	0.13	1
9	unsafe	16	15	reset	168	0.13	1
9	unsafe	16	15	reset	169	0.14	1
9	unsafe	16	15	reset	170	0.131	1
9	unsafe	16	15	reset	171	0.13	1
9	unsafe	16	15	reset	172	0.13	1
9	unsafe	16	15	reset	173	0.13	1
9	unsafe	16	15	reset	174	0.13	1
9	unsafe	16	15	reset	175	0.15	1
9	unsafe	16	15	reset	176	0.131	1
9	unsafe	16	15	reset	177	0.13	1
9	unsafe	16	15	reset	178	0.12	1
9	unsafe	16	15	reset	179	0.13	1
9	unsafe	16	15	reset	180	0.13	1
9	unsafe	16	15	reset	181	0.13	1
9	unsafe	16	15	reset	182	0.15	1
9	unsafe	16	15	reset	183	0.13	1
9	unsafe	16	15	reset	184	0.12	1
9	unsafe	16	15	reset	185	0.13	1
9	unsafe	16	15	reset	186	0.13	1
9	unsafe	16	15	reset	187	0.13	1
9	unsafe	16	15	reset	188	0.131	1
9	unsafe	16	15	reset	189	0.13	1
9	unsafe	16	15	reset	190	0.14	1
9	unsafe	16	15	reset	191	0.14	1
9	unsafe	16	15	reset	192	0.13	1
9	unsafe	16	15	reset	193	0.15	1
9	unsafe	16	15	reset	194	0.13	1
9	unsafe	16	15	reset	195	0.131	1
9	unsafe	16	15	reset	196	0.13	1
9	unsafe	16	15	reset	197	0.14	1
9	unsafe	16	15	reset	198	0.12	1
9	unsafe	16	15	reset	199	0.141	1
9	unsafe	16	15	reset	200	0.131	1
9	unsafe	16	15	stall	1	0.0	1
9	unsafe	16	15	stall	2	0.0	1
9	unsafe	16	15	stall	3	0.0	1
9	unsafe	16	15	stall	4	0.0	1
9	unsafe	16	15	stall	5	0.0	1
9	unsafe	16	15	stall	6	0.0	1
9	unsafe	16	15	stall	7	0.0	1
9	unsafe	16	15	stall	8	0.0	1
9	unsafe	16	15	stall	9	0.0	1
9	unsafe	16	15	stall	10	0.0	1
9	unsafe	16	15	stall	11	0.0	1
9	unsafe	16	15	stall	12	0.0	1
9	unsafe	16	15	stall	13	0.0	1
9	unsafe	16	15	stall	14	0.0	1
9	unsafe	16	15	stall	15	0.0	1
9	checked	32	31	reset	1	141.057	0
9	checked	32	31	reset	2	58.22	0
9	checked	32	31	reset	3	50.325	0
9	checked	32	31	reset	4	42.75	0
9	checked	32	31	reset	5	42.841	0
9	checked	32	31	reset	6	42.239	0
9	checked	32	31	reset	7	43.953	0
9	checked	32	31	reset	8	45.495	0
9	checked	32	31	reset	9	42.701	0
9	checked	32	31	reset	10	43.412	0
9	checked	32	31	reset	11	43.121	0
9	checked	32	31	reset	12	51.447	0
9	checked	32	31	reset	13	50.936	0
9	checked	32	31	reset	14	43.252	0
9	checked	32	31	reset	15	43.302	0
9	checked	32	31	reset	16	55.074	0
9	checked	32	31	reset	17	44.324	0
9	checked	32	31	reset	18	43.673	0
9	checked	32	31	reset	19	45.616	0
9	checked	32	31	reset	20	42.29	0
9	checked	32	31	reset	21	42.831	0
9	checked	32	31	reset	22	47.23	0
9	checked	32	31	reset	23	40.777	0
9	checked	32	31	reset	24	39.825	0
9	checked	32	31	reset	25	164.27	0
9	checked	32	31	reset	26	152.428	0
9	checked	32	31	reset	27	145.314	0
9	checked	32	31	reset	28	119.315	0
9	checked	32	31	reset	29	121.499	0
9	checked	32	31	reset	30	256.143	0
9	checked	32	31	reset	31	142.589	0
9	checked	32	31	reset	32	135.736	0
9	checked	32	31	reset	33	208.694	0
9	checked	32	31	reset	34	114.846	0
9	checked	32	31	reset	35	3135.226	0
9	checked	32	31	reset	36	119.956	0
9	checked	32	31	reset	37	130.827	0
9	checked	32	31	reset	38	107.012	0
9	checked	32	31	reset	39	107.393	0
9	checked	32	31	reset	40	108.104	0
9	checked	32	31	reset	41	116.43	0
9	checked	32	31	reset	42	110.659	0
9	checked	32	31	reset	43	115.377	0
9	checked	32	31	reset	44	106.772	0
9	checked	32	31	reset	45	111.811	0
9	checked	32	31	reset	46	119.426	0
9	checked	32	31	reset	47	102.503	0
9	checked	32	31	reset	48	106.841	0
9	checked	32	31	reset	49	119.275	0
9	checked	32	31	reset	50	105.859	0
9	checked	32	31	reset	51	108.394	0
9	checked	32	31	reset	52	114.777	0
9	checked	32	31	reset	53	106.541	0
9	checked	32	31	reset	54	110.048	0
9	checked	32	31	reset	55	110.628	0
9	checked	32	31	reset	56	111.41	0
9	checked	32	31	reset	57	112.041	0
9	checked	32	31	reset	58	116.951	0
9	checked	32	31	reset	59	114.847	0
9	checked	32	31	reset	60	110.689	0
9	checked	32	31	reset	61	111.431	0
9	checked	32	31	reset	62	115.287	0
9	checked	32	31	reset	63	113.384	0
9	checked	32	31	reset	64	103.175	0
9	checked	32	31	reset	65	113.304	0
9	checked	32	31	reset	66	107.874	0
9	checked	32	31	reset	67	107.001	0
9	checked	32	31	reset	68	116.379	0
9	checked	32	31	reset	69	101.391	0
9	checked	32	31	reset	70	103.706	0
9	checked	32	31	reset	71	101.041	0
9	checked	32	31	reset	72	107.122	0
9	checked	32	31	reset	73	119.325	0
9	checked	32	31	reset	74	137.329	0
9	checked	32	31	reset	75	112.382	0
9	checked	32	31	reset	76	107.052	0
9	checked	32	31	reset	77	107.423	0
9	checked	32	31	reset	78	131.147	0
9	checked	32	31	reset	79	110.398	0
9	checked	32	31	reset	80	110.208	0
9	checked	32	31	reset	81	122.351	0
9	checked	32	31	reset	82	304.976	0
9	checked	32	31	reset	83	115.178	0
9	checked	32	31	reset	84	116.259	0
9	checked	32	31	reset	85	126.057	0
9	checked	32	31	reset	86	106.301	0
9	checked	32	31	reset	87	105.018	0
9	checked	32	31	reset	88	113.454	0
9	checked	32	31	reset	89	101.011	0
9	checked	32	31	reset	90	116.63	0
9	checked	32	31	reset	91	112.563	0
9	checked	32	31	reset	92	113.454	0
9	checked	32	31	reset	93	107.764	0
9	checked	32	31	reset	94	117.041	0
9	checked	32	31	reset	95	107.743	0
9	checked	32	31	reset	96	113.464	0
9	checked	32	31	reset	97	111.571	0
9	checked	32	31	reset	98	113.684	0
9	checked	32	31	reset	99	93.596	0
9	checked	32	31	reset	100	111.78	0
9	checked	32	31	reset	101	108.635	0
9	checked	32	31	reset	102	101.501	0
9	checked	32	31	reset	103	109.847	0
9	checked	32	31	reset	104	110.94	0
9	checked	32	31	reset	105	117.171	0
9	checked	32	31	reset	106	119.906	0
9	checked	32	31	reset	107	115.728	0
9	checked	32	31	reset	108	105.158	0
9	checked	32	31	reset	109	107.042	0
9	checked	32	31	reset	110	106.681	0
9	checked	32	31	reset	111	107.212	0
9	checked	32	31	reset	112	106.1	0
9	checked	32	31	reset	113	118.113	0
9	checked	32	31	reset	114	109.026	0
9	checked	32	31	reset	115	104.998	0
9	checked	32	31	reset	116	115.979	0
9	checked	32	31	reset	117	105.519	0
9	checked	32	31	reset	118	103.565	0
9	checked	32	31	reset	119	111.42	0
9	checked	32	31	reset	120	125.156	0
9	checked	32	31	reset	121	3368.166	0
9	checked	32	31	reset	122	212.681	0
9	checked	32	31	reset	123	123.313	0
9	checked	32	31	reset	124	117.382	0
9	checked	32	31	reset	125	201.63	0
9	checked	32	31	reset	126	116.87	0
9	checked	32	31	reset	127	141.637	0
9	checked	32	31	reset	128	106.511	0
9	checked	32	31	reset	129	103.315	0
9	checked	32	31	reset	130	131.849	0
9	checked	32	31	reset	131	109.257	0
9	checked	32	31	reset	132	114.105	0
9	checked	32	31	reset	133	106.841	0
9	checked	32	31	reset	134	3705.823	0
9	checked	32	31	reset	135	133.642	0
9	checked	32	31	reset	136	113.234	0
9	checked	32	31	reset	137	106.261	0
9	checked	32	31	reset	138	104.397	0
9	checked	32	31	reset	139	106.932	0
9	checked	32	31	reset	140	116.25	0
9	checked	32	31	reset	141	115.067	0
9	checked	32	31	reset	142	142.729	0
9	checked	32	31	reset	143	118.453	0
9	checked	32	31	reset	144	113.084	0
9	checked	32	31	reset	145	117.031	0
9	checked	32	31	reset	146	111.851	0
9	checked	32	31	reset	147	112.092	0
9	checked	32	31	reset	148	111.38	0
9	checked	32	31	reset	149	113.795	0
9	checked	32	31	reset	150	111.471	0
9	checked	32	31	reset	151	108.525	0
9	checked	32	31	reset	152	110.418	0
9	checked	32	31	reset	153	111.29	0
9	checked	32	31	reset	154	120.007	0
9	checked	32	31	reset	155	113.514	0
9	checked	32	31	reset	156	117.071	0
9	checked	32	31	reset	157	108.705	0
9	checked	32	31	reset	158	125.657	0
9	checked	32	31	reset	159	229.032	0
9	checked	32	31	reset	160	212.22	0
9	checked	32	31	reset	161	110.909	0
9	checked	32	31	reset	162	117.502	0
9	checked	32	31	reset	163	3170.673	0
9	checked	32	31	reset	164	107.382	0
9	checked	32	31	reset	165	111.801	0
9	checked	32	31	reset	166	102.323	0
9	checked	32	31	reset	167	134.774	0
9	checked	32	31	reset	168	131.418	0
9	checked	32	31	reset	169	112.893	0
9	checked	32	31	reset	170	3165.544	0
9	checked	32	31	reset	171	112.141	0
9	checked	32	31	reset	172	106.1	0
9	checked	32	31	reset	173	634.657	0
9	checked	32	31	reset	174	122.13	0
9	checked	32	31	reset	175	106.772	0
9	checked	32	31	reset	176	101.171	0
9	checked	32	31	reset	177	108.615	0
9	checked	32	31	reset	178	105.008	0
9	checked	32	31	reset	179	103.244	0
9	checked	32	31	reset	180	108.675	0
9	checked	32	31	reset	181	123.583	0
9	checked	32	31	reset	182	151.846	0
9	checked	32	31	reset	183	136.929	0
9	checked	32	31	reset	184	123.884	0
9	checked	32	31	reset	185	137.379	0
9	checked	32	31	reset	186	112.443	0
9	checked	32	31	reset	187	107.764	0
9	checked	32	31	reset	188	111.36	0
9	checked	32	31	reset	189	109.287	0
9	checked	32	31	reset	190	116.359	0
9	checked	32	31	reset	191	112.191	0
9	checked	32	31	reset	192	115.588	0
9	checked	32	31	reset	193	121.319	0
9	checked	32	31	reset	194	110.989	0
9	checked	32	31	reset	195	117.512	0
9	checked	32	31	reset	196	118.263	0
9	checked	32	31	reset	197	107.804	0
9	checked	32	31	reset	198	303.463	0
9	checked	32	31	reset	199	107.322	0
9	checked	32	31	reset	200	107.533	0
9	checked	32	31	stall	1	3355.572	0
9	checked	32	31	stall	2	3356.153	0
9	checked	32	31	stall	3	3345.934	0
9	checked	32	31	stall	4	3356.273	0
9	checked	32	31	stall	5	3349.34	0
9	checked	32	31	stall	6	3340.213	0
9	checked	32	31	stall	7	3338.941	0
9	checked	32	31	stall	8	3353.488	0
9	checked	32	31	stall	9	3345.443	0
9	checked	32	31	stall	10	4278.043	0
9	checked	32	31	stall	11	3351.234	0
9	checked	32	31	stall	12	3352.786	0
9	checked	32	31	stall	13	3352.516	0
9	checked	32	31	stall	14	3358.157	0
9	checked	32	31	stall	15	3345.222	0
9	checked	32	31	stall	16	3349.591	0
9	checked	32	31	stall	17	3350.683	0
9	checked	32	31	stall	18	3344.321	0
9	checked	32	31	stall	19	4204.194	0
9	checked	32	31	stall	20	3349.33	0
9	checked	32	31	stall	21	3349.28	0
9	checked	32	31	stall	22	4202.089	0
9	checked	32	31	stall	23	4275.408	0
9	checked	32	31	stall	24	3339.131	0
9	checked	32	31	stall	25	3349.12	0
9	checked	32	31	stall	26	4276.82	0
9	checked	32	31	stall	27	3343.048	0
9	checked	32	31	stall	28	3350.112	0
9	checked	32	31	stall	29	3341.666	0
9	checked	32	31	stall	30	3355.583	0
9	checked	32	31	stall	31	3290.509	0
9	unsafe	32	31	reset	1	0.321	0
9	unsafe	32	31	reset	2	0.19	0
9	unsafe	32	31	reset	3	0.181	0
9	unsafe	32	31	reset	4	0.09	0
9	unsafe	32	31	reset	5	0.1	0
9	unsafe	32	31	reset	6	0.08	0
9	unsafe	32	31	reset	7	0.07	0
9	unsafe	32	31	reset	8	0.07	0
9	unsafe	32	31	reset	9	0.11	0
9	unsafe	32	31	reset	10	0.08	0
9	unsafe	32	31	reset	11	0.08	0
9	unsafe	32	31	reset	12	0.08	0
9	unsafe	32	31	reset	13	0.081	0
9	unsafe	32	31	reset	14	0.07	0
9	unsafe	32	31	reset	15	0.09	0
9	unsafe	32	31	reset	16	0.08	0
9	unsafe	32	31	reset	17	0.08	0
9	unsafe	32	31	reset	18	0.08	0
9	unsafe	32	31	reset	19	0.09	0
9	unsafe	32	31	reset	20	0.09	0
9	unsafe	32	31	reset	21	0.12	0
9	unsafe	32	31	reset	22	0.081	0
9	unsafe	32	31	reset	23	0.16	0
9	unsafe	32	31	reset	24	0.12	0
9	unsafe	32	31	reset	25	0.07	0
9	unsafe	32	31	reset	26	0.07	0
9	unsafe	32	31	reset	27	0.12	0
9	unsafe	32	31	reset	28	0.08	0
9	unsafe	32	31	reset	29	0.251	0
9	unsafe	32	31	reset	30	0.131	0
9	unsafe	32	31	reset	31	0.13	0
9	unsafe	32	31	reset	32	0.12	0
9	unsafe	32	31	reset	33	0.14	0
9	unsafe	32	31	reset	34	0.13	0
9	unsafe	32	31	reset	35	0.13	0
9	unsafe	32	31	reset	36	0.12	0
9	unsafe	32	31	reset	37	0.131	0
9	unsafe	32	31	reset	38	0.13	0
9	unsafe	32	31	reset	39	0.14	0
9	unsafe	32	31	reset	40	0.14	0
9	unsafe	32	31	reset	41	0.13	0
9	unsafe	32	31	reset	42	0.18	0
9	unsafe	32	31	reset	43	0.14	0
9	unsafe	32	31	reset	44	0.131	0
9	unsafe	32	31	reset	45	0.14	0
9	unsafe	32	31	reset	46	0.12	0
9	unsafe	32	31	reset	47	0.13	0
9	unsafe	32	31	reset	48	0.131	0
9	unsafe	32	31	reset	49	0.14	0
9	unsafe	32	31	reset	50	0.14	0
9	unsafe	32	31	reset	51	0.16	0
9	unsafe	32	31	reset	52	0.12	0
9	unsafe	32	31	reset	53	0.14	0
9	unsafe	32	31	reset	54	0.15	0
9	unsafe	32	31	reset	55	0.131	0
9	unsafe	32	31	reset	56	0.13	0
9	unsafe	32	31	reset	57	0.12	0
9	unsafe	32	31	reset	58	0.13	0
9	unsafe	32	31	reset	59	0.13	0
9	unsafe	32	31	reset	60	0.121	0
9	unsafe	32	31	reset	61	0.13	0
9	unsafe	32	31	reset	62	0.131	0
9	unsafe	32	31	reset	63	0.15	0
9	unsafe	32	31	reset	64	0.13	0
9	unsafe	32	31	reset	65	0.12	0
9	unsafe	32	31	reset	66	0.131	0
9	unsafe	32	31	reset	67	0.17	0
9	unsafe	32	31	reset	68	0.12	0
9	unsafe	32	31	reset	69	0.131	0
9	unsafe	32	31	reset	70	0.13	0
9	unsafe	32	31	reset	71	0.13	0
9	unsafe	32	31	reset	72	0.12	0
9	unsafe	32	31	reset	73	0.12	0
9	unsafe	32	31	reset	74	0.12	0
9	unsafe	32	31	reset	75	0.17	0
9	unsafe	32	31	reset	76	0.12	0
9	unsafe	32	31	reset	77	0.131	0
9	unsafe	32	31	reset	78	0.121	0
9	unsafe	32	31	reset	79	0.12	0
9	unsafe	32	31	reset	80	0.14	0
9	unsafe	32	31	reset	81	0.12	0
9	unsafe	32	31	reset	82	0.12	0
9	unsafe	32	31	reset	83	0.12	0
9	unsafe	32	31	reset	84	0.131	0
9	unsafe	32	31	reset	85	0.12	0
9	unsafe	32	31	reset	86	0.13	0
9	unsafe	32	31	reset	87	0.151	0
9	unsafe	32	31	reset	88	0.13	0
9	unsafe	32	31	reset	89	0.131	0
9	unsafe	32	31	reset	90	0.12	0
9	unsafe	32	31	reset	91	0.171	0
9	unsafe	32	31	reset	92	0.13	0
9	unsafe	32	31	reset	93	0.131	0
9	unsafe	32	31	reset	94	0.13	0
9	unsafe	32	31	reset	95	0.13	0
9	unsafe	32	31	reset	96	0.12	0
9	unsafe	32	31	reset	97	0.14	0
9	unsafe	32	31	reset	98	0.13	0
9	unsafe	32	31	reset	99	0.12	0
9	unsafe	32	31	reset	100	0.13	0
9	unsafe	32	31	reset	101	0.12	0
9	unsafe	32	31	reset	102	0.121	0
9	unsafe	32	31	reset	103	0.121	0
9	unsafe	32	31	reset	104	0.13	0
9	unsafe	32	31	reset	105	0.121	0
9	unsafe	32	31	reset	106	0.15	0
9	unsafe	32	31	reset	107	0.12	0
9	unsafe	32	31	reset	108	0.161	0
9	unsafe	32	31	reset	109	0.13	0
9	unsafe	32	31	reset	110	0.13	0
9	unsafe	32	31	reset	111	0.131	0
9	unsafe	32	31	reset	112	0.13	0
9	unsafe	32	31	reset	113	0.121	0
9	unsafe	32	31	reset	114	0.14	0
9	unsafe	32	31	reset	115	0.14	0
9	unsafe	32	31	reset	116	0.13	0
9	unsafe	32	31	reset	117	0.14	0
9	unsafe	32	31	reset	118	0.131	0
9	unsafe	32	31	reset	119	0.12	0
9	unsafe	32	31	reset	120	0.17	0
9	unsafe	32	31	reset	121	0.12	0
9	unsafe	32	31	reset	122	0.13	0
9	unsafe	32	31	reset	123	0.141	0
9	unsafe	32	31	reset	124	0.161	0
9	unsafe	32	31	reset	125	0.13	0
9	unsafe	32	31	reset	126	0.131	0
9	unsafe	32	31	reset	127	0.12	0
9	unsafe	32	31	reset	128	0.12	0
9	unsafe	32	31	reset	129	0.12	0
9	unsafe	32	31	reset	130	0.12	0
9	unsafe	32	31	reset	131	0.14	0
9	unsafe	32	31	reset	132	0.14	0
9	unsafe	32	31	reset	133	0.12	0
9	unsafe	32	31	reset	134	0.14	0
9	unsafe	32	31	reset	135	0.13	0
9	unsafe	32	31	reset	136	0.13	0
9	unsafe	32	31	reset	137	0.171	0
9	unsafe	32	31	reset	138	0.141	0
9	unsafe	32	31	reset	139	0.13	0
9	unsafe	32	31	reset	140	0.12	0
9	unsafe	32	31	reset	141	0.121	0
9	unsafe	32	31	reset	142	0.13	0
9	unsafe	32	31	reset	143	0.13	0
9	unsafe	32	31	reset	144	0.13	0
9	unsafe	32	31	reset	145	0.161	0
9	unsafe	32	31	reset	146	0.12	0
9	unsafe	32	31	reset	147	0.131	0
9	unsafe	32	31	reset	148	0.13	0
9	unsafe	32	31	reset	149	0.16	0
9	unsafe	32	31	reset	150	0.13	0
9	unsafe	32	31	reset	151	0.13	0
9	unsafe	32	31	reset	152	0.14	0
9	unsafe	32	31	reset	153	0.121	0
9	unsafe	32	31	reset	154	0.15	0
9	unsafe	32	31	reset	155	0.12	0
9	unsafe	32	31	reset	156	0.13	0
9	unsafe	32	31	reset	157	0.131	0
9	unsafe	32	31	reset	158	0.12	0
9	unsafe	32	31	reset	159	0.13	0
9	unsafe	32	31	reset	160	0.12	0
9	unsafe	32	31	reset	161	0.121	0
9	unsafe	32	31	reset	162	0.12	0
9	unsafe	32	31	reset	163	0.131	0
9	unsafe	32	31	reset	164	0.14	0
9	unsafe	32	31	reset	165	0.13	0
9	unsafe	32	31	reset	166	0.13	0
9	unsafe	32	31	reset	167	0.12	0
9	unsafe	32	31	reset	168	0.12	0
9	unsafe	32	31	reset	169	0.141	0
9	unsafe	32	31	reset	170	0.13	0
9	unsafe	32	31	reset	171	0.13	0
9	unsafe	32	31	reset	172	0.121	0
9	unsafe	32	31	reset	173	0.13	0
9	unsafe	32	31	reset	174	0.13	0
9	unsafe	32	31	reset	175	0.13	0
9	unsafe	32	31	reset	176	0.131	0
9	unsafe	32	31	reset	177	0.13	0
9	unsafe	32	31	reset	178	0.121	0
9	unsafe	32	31	reset	179	0.12	0
9	unsafe	32	31	reset	180	0.12	0
9	unsafe	32	31	reset	181	0.15	0
9	unsafe	32	31	reset	182	0.131	0
9	unsafe	32	31	reset	183	0.12	0
9	unsafe	32	31	reset	184	0.141	0
9	unsafe	32	31	reset	185	0.13	0
9	unsafe	32	31	reset	186	0.12	0
9	unsafe	32	31	reset	187	0.13	0
9	unsafe	32	31	reset	188	0.121	0
9	unsafe	32	31	reset	189	0.14	0
9	unsafe	32	31	reset	190	0.12	0
9	unsafe	32	31	reset	191	0.131	0
9	unsafe	32	31	reset	192	0.13	0
9	unsafe	32	31	reset	193	0.13	0
9	unsafe	32	31	reset	194	0.13	0
9	unsafe	32	31	reset	195	0.15	0
9	unsafe	32	31	reset	196	0.131	0
9	unsafe	32	31	reset	197	0.12	0
9	unsafe	32	31	reset	198	0.13	0
9	unsafe	32	31	reset	199	0.131	0
9	unsafe	32	31	reset	200	0.12	0
9	unsafe	32	31	stall	1	0.0	0
9	unsafe	32	31	stall	2	0.0	0
9	unsafe	32	31	stall	3	0.0	0
9	unsafe	32	31	stall	4	0.0	0
9	unsafe	32	31	stall	5	0.0	0
9	unsafe	32	31	stall	6	0.0	0
9	unsafe	32	31	stall	7	3012.815	0
9	unsafe	32	31	stall	8	0.0	0
9	unsafe	32	31	stall	9	0.0	0
9	unsafe	32	31	stall	10	5003.772	0
9	unsafe	32	31	stall	11	0.0	0
9	unsafe	32	31	stall	12	0.0	0
9	unsafe	32	31	stall	13	0.0	0
9	unsafe	32	31	stall	14	0.0	0
9	unsafe	32	31	stall	15	302.821	0
9	unsafe	32	31	stall	16	0.0	0
9	unsafe	32	31	stall	17	1862.885	0
9	unsafe	32	31	stall	18	0.0	0
9	unsafe	32	31	stall	19	3014.849	0
9	unsafe	32	31	stall	20	0.0	0
9	unsafe	32	31	stall	21	0.0	0
9	unsafe	32	31	stall	22	3003.157	0
9	unsafe	32	31	stall	23	0.0	0
9	unsafe	32	31	stall	24	0.0	0
9	unsafe	32	31	stall	25	0.0	0
9	unsafe	32	31	stall	26	4002.703	0
9	unsafe	32	31	stall	27	0.0	0
9	unsafe	32	31	stall	28	4003.845	0
9	unsafe	32	31	stall	29	3013.937	0
9	unsafe	32	31	stall	30	764.682	0
9	unsafe	32	31	stall	31	3002.857	0
10	checked	1	0	reset	1	30.808	0
10	checked	1	0	reset	2	27.031	0
10	checked	1	0	reset	3	26.72	0
10	checked	1	0	reset	4	27.181	0
10	checked	1	0	reset	5	26.21	0
10	checked	1	0	reset	6	26.64	0
10	checked	1	0	reset	7	27.261	0
10	checked	1	0	reset	8	26.831	0
10	checked	1	0	reset	9	26.961	0
10	checked	1	0	reset	10	27.121	0
10	checked	1	0	reset	11	26.761	0
10	checked	1	0	reset	12	26.641	0
10	checked	1	0	reset	13	28.524	0
10	checked	1	0	reset	14	27.943	0
10	checked	1	0	reset	15	26.84	0
10	checked	1	0	reset	16	27.472	0
10	checked	1	0	reset	17	28.063	0
10	checked	1	0	reset	18	32.502	0
10	checked	1	0	reset	19	27.101	0
10	checked	1	0	reset	20	26.811	0
10	checked	1	0	reset	21	27.532	0
10	checked	1	0	reset	22	26.72	0
10	checked	1	0	reset	23	27.201	0
10	checked	1	0	reset	24	26.36	0
10	checked	1	0	reset	25	27.061	0
10	checked	1	0	reset	26	26.761	0
10	checked	1	0	reset	27	26.33	0
10	checked	1	0	reset	28	26.93	0
10	checked	1	0	reset	29	27.001	0
10	checked	1	0	reset	30	26.97	0
10	checked	1	0	reset	31	26.53	0
10	checked	1	0	reset	32	28.314	0
10	checked	1	0	reset	33	26.791	0
10	checked	1	0	reset	34	26.651	0
10	checked	1	0	reset	35	26.75	0
10	checked	1	0	reset	36	26.48	0
10	checked	1	0	reset	37	28.865	0
10	checked	1	0	reset	38	26.74	0
10	checked	1	0	reset	39	26.52	0
10	checked	1	0	reset	40	26.56	0
10	checked	1	0	reset	41	26.75	0
10	checked	1	0	reset	42	26.671	0
10	checked	1	0	reset	43	26.43	0
10	checked	1	0	reset	44	26.53	0
10	checked	1	0	reset	45	26.81	0
10	checked	1	0	reset	46	26.47	0
10	checked	1	0	reset	47	26.68	0
10	checked	1	0	reset	48	26.449	0
10	checked	1	0	reset	49	27.191	0
10	checked	1	0	reset	50	26.641	0
10	checked	1	0	reset	51	26.62	0
10	checked	1	0	reset	52	26.66	0
10	checked	1	0	reset	53	26.62	0
10	checked	1	0	reset	54	26.63	0
10	checked	1	0	reset	55	26.59	0
10	checked	1	0	reset	56	29.676	0
10	checked	1	0	reset	57	27.823	0
10	checked	1	0	reset	58	26.64	0
10	checked	1	0	reset	59	26.84	0
10	checked	1	0	reset	60	26.62	0
10	checked	1	0	reset	61	26.52	0
10	checked	1	0	reset	62	26.54	0
10	checked	1	0	reset	63	26.42	0
10	checked	1	0	reset	64	26.681	0
10	checked	1	0	reset	65	26.57	0
10	checked	1	0	reset	66	26.66	0
10	checked	1	0	reset	67	26.65	0
10	checked	1	0	reset	68	26.55	0
10	checked	1	0	reset	69	26.57	0
10	checked	1	0	reset	70	26.641	0
10	checked	1	0	reset	71	26.71	0
10	checked	1	0	reset	72	26.56	0
10	checked	1	0	reset	73	26.851	0
10	checked	1	0	reset	74	26.601	0
10	checked	1	0	reset	75	28.954	0
10	checked	1	0	reset	76	26.51	0
10	checked	1	0	reset	77	27.371	0
10	checked	1	0	reset	78	27.091	0
10	checked	1	0	reset	79	26.61	0
10	checked	1	0	reset	80	26.91	0
10	checked	1	0	reset	81	27.211	0
10	checked	1	0	reset	82	27.993	0
10	checked	1	0	reset	83	27.001	0
10	checked	1	0	reset	84	27.171	0
10	checked	1	0	reset	85	27.131	0
10	checked	1	0	reset	86	27.111	0
10	checked	1	0	reset	87	27.793	0
10	checked	1	0	reset	88	26.671	0
10	checked	1	0	reset	89	26.55	0
10	checked	1	0	reset	90	26.49	0
10	checked	1	0	reset	91	26.34	0
10	checked	1	0	reset	92	26.68	0
10	checked	1	0	reset	93	26.429	0
10	checked	1	0	reset	94	27.422	0
10	checked	1	0	reset	95	26.84	0
10	checked	1	0	reset	96	26.51	0
10	checked	1	0	reset	97	26.711	0
10	checked	1	0	reset	98	26.74	0
10	checked	1	0	reset	99	26.7	0
10	checked	1	0	reset	100	26.7	0
10	checked	1	0	reset	101	26.49	0
10	checked	1	0	reset	102	26.831	0
10	checked	1	0	reset	103	26.53	0
10	checked	1	0	reset	104	26.68	0
10	checked	1	0	reset	105	27.572	0
10	checked	1	0	reset	106	26.52	0
10	checked	1	0	reset	107	26.19	0
10	checked	1	0	reset	108	26.13	0
10	checked	1	0	reset	109	26.5	0
10	checked	1	0	reset	110	26.661	0
10	checked	1	0	reset	111	26.49	0
10	checked	1	0	reset	112	26.731	0
10	checked	1	0	reset	113	26.55	0
10	checked	1	0	reset	114	26.49	0
10	checked	1	0	reset	115	26.771	0
10	checked	1	0	reset	116	26.56	0
10	checked	1	0	reset	117	26.88	0
10	checked	1	0	reset	118	26.53	0
10	checked	1	0	reset	119	26.49	0
10	checked	1	0	reset	120	26.811	0
10	checked	1	0	reset	121	26.259	0
10	checked	1	0	reset	122	26.4	0
10	checked	1	0	reset	123	26.571	0
10	checked	1	0	reset	124	26.861	0
10	checked	1	0	reset	125	26.841	0
10	checked	1	0	reset	126	26.58	0
10	checked	1	0	reset	127	26.871	0
10	checked	1	0	reset	128	26.63	0
10	checked	1	0	reset	129	26.6	0
10	checked	1	0	reset	130	27.191	0
10	checked	1	0	reset	131	26.64	0
10	checked	1	0	reset	132	26.69	0
10	checked	1	0	reset	133	26.67	0
10	checked	1	0	reset	134	26.47	0
10	checked	1	0	reset	135	26.53	0
10	checked	1	0	reset	136	26.4	0
10	checked	1	0	reset	137	26.921	0
10	checked	1	0	reset	138	26.45	0
10	checked	1	0	reset	139	26.5	0
10	checked	1	0	reset	140	26.52	0
10	checked	1	0	reset	141	26.6	0
10	checked	1	0	reset	142	27.051	0
10	checked	1	0	reset	143	26.44	0
10	checked	1	0	reset	144	26.52	0
10	checked	1	0	reset	145	26.761	0
10	checked	1	0	reset	146	27.862	0
10	checked	1	0	reset	147	26.51	0
10	checked	1	0	reset	148	26.5	0
10	checked	1	0	reset	149	26.661	0
10	checked	1	0	reset	150	26.59	0
10	checked	1	0	reset	151	26.631	0
10	checked	1	0	reset	152	26.58	0
10	checked	1	0	reset	153	28.945	0
10	checked	1	0	reset	154	26.63	0
10	checked	1	0	reset	155	26.58	0
10	checked	1	0	reset	156	26.78	0
10	checked	1	0	reset	157	26.65	0
10	checked	1	0	reset	158	26.73	0
10	checked	1	0	reset	159	26.48	0
10	checked	1	0	reset	160	26.64	0
10	checked	1	0	reset	161	26.62	0
10	checked	1	0	reset	162	26.871	0
10	checked	1	0	reset	163	26.56	0
10	checked	1	0	reset	164	26.671	0
10	checked	1	0	reset	165	26.62	0
10	checked	1	0	reset	166	26.791	0
10	checked	1	0	reset	167	26.53	0
10	checked	1	0	reset	168	26.67	0
10	checked	1	0	reset	169	26.66	0
10	checked	1	0	reset	170	26.62	0
10	checked	1	0	reset	171	26.51	0
10	checked	1	0	reset	172	26.82	0
10	checked	1	0	reset	173	27.082	0
10	checked	1	0	reset	174	26.941	0
10	checked	1	0	reset	175	27.262	0
10	checked	1	0	reset	176	27.342	0
10	checked	1	0	reset	177	27.893	0
10	checked	1	0	reset	178	28.063	0
10	checked	1	0	reset	179	31.199	0
10	checked	1	0	reset	180	28.053	0
10	checked	1	0	reset	181	27.813	0
10	checked	1	0	reset	182	28.104	0
10	checked	1	0	reset	183	27.391	0
10	checked	1	0	reset	184	26.69	0
10	checked	1	0	reset	185	26.6	0
10	checked	1	0	reset	186	29.456	0
10	checked	1	0	reset	187	26.64	0
10	checked	1	0	reset	188	26.641	0
10	checked	1	0	reset	189	26.65	0
10	checked	1	0	reset	190	26.6	0
10	checked	1	0	reset	191	26.61	0
10	checked	1	0	reset	192	26.581	0
10	checked	1	0	reset	193	26.45	0
10	checked	1	0	reset	194	26.68	0
10	checked	1	0	reset	195	26.319	0
10	checked	1	0	reset	196	26.69	0
10	checked	1	0	reset	197	26.5	0
10	checked	1	0	reset	198	26.72	0
10	checked	1	0	reset	199	26.45	0
10	checked	1	0	reset	200	26.55	0
10	unsafe	1	0	reset	1	0.141	0
10	unsafe	1	0	reset	2	0.07	0
10	unsafe	1	0	reset	3	0.07	0
10	unsafe	1	0	reset	4	0.06	0
10	unsafe	1	0	reset	5	0.071	0
10	unsafe	1	0	reset	6	0.07	0
10	unsafe	1	0	reset	7	0.071	0
10	unsafe	1	0	reset	8	0.07	0
10	unsafe	1	0	reset	9	0.07	0
10	unsafe	1	0	reset	10	0.1	0
10	unsafe	1	0	reset	11	0.07	0
10	unsafe	1	0	reset	12	0.06	0
10	unsafe	1	0	reset	13	0.07	0
10	unsafe	1	0	reset	14	0.07	0
10	unsafe	1	0	reset	15	0.07	0
10	unsafe	1	0	reset	16	0.07	0
10	unsafe	1	0	reset	17	0.07	0
10	unsafe	1	0	reset	18	0.07	0
10	unsafe	1	0	reset	19	0.07	0
10	unsafe	1	0	reset	20	0.07	0
10	unsafe	1	0	reset	21	0.071	0
10	unsafe	1	0	reset	22	0.07	0
10	unsafe	1	0	reset	23	0.071	0
10	unsafe	1	0	reset	24	0.07	0
10	unsafe	1	0	reset	25	0.09	0
10	unsafe	1	0	reset	26	0.07	0
10	unsafe	1	0	reset	27	0.07	0
10	unsafe	1	0	reset	28	0.07	0
10	unsafe	1	0	reset	29	0.06	0
10	unsafe	1	0	reset	30	0.07	0
10	unsafe	1	0	reset	31	0.08	0
10	unsafe	1	0	reset	32	0.15	0
10	unsafe	1	0	reset	33	0.07	0
10	unsafe	1	0	reset	34	0.06	0
10	unsafe	1	0	reset	35	0.07	0
10	unsafe	1	0	reset	36	0.081	0
10	unsafe	1	0	reset	37	0.061	0
10	unsafe	1	0	reset	38	0.07	0
10	unsafe	1	0	reset	39	0.07	0
10	unsafe	1	0	reset	40	0.08	0
10	unsafe	1	0	reset	41	0.07	0
10	unsafe	1	0	reset	42	0.07	0
10	unsafe	1	0	reset	43	0.07	0
10	unsafe	1	0	reset	44	0.06	0
10	unsafe	1	0	reset	45	0.07	0
10	unsafe	1	0	reset	46	0.091	0
10	unsafe	1	0	reset	47	0.07	0
10	unsafe	1	0	reset	48	0.09	0
10	unsafe	1	0	reset	49	0.06	0
10	unsafe	1	0	reset	50	0.06	0
10	unsafe	1	0	reset	51	0.07	0
10	unsafe	1	0	reset	52	0.07	0
10	unsafe	1	0	reset	53	0.07	0
10	unsafe	1	0	reset	54	0.07	0
10	unsafe	1	0	reset	55	0.081	0
10	unsafe	1	0	reset	56	0.08	0
10	unsafe	1	0	reset	57	0.07	0
10	unsafe	1	0	reset	58	0.07	0
10	unsafe	1	0	reset	59	0.071	0
10	unsafe	1	0	reset	60	0.07	0
10	unsafe	1	0	reset	61	0.07	0
10	unsafe	1	0	reset	62	0.071	0
10	unsafe	1	0	reset	63	0.07	0
10	unsafe	1	0	reset	64	0.06	0
10	unsafe	1	0	reset	65	0.08	0
10	unsafe	1	0	reset	66	0.071	0
10	unsafe	1	0	reset	67	0.07	0
10	unsafe	1	0	reset	68	0.07	0
10	unsafe	1	0	reset	69	0.06	0
10	unsafe	1	0	reset	70	0.081	0
10	unsafe	1	0	reset	71	0.06	0
10	unsafe	1	0	reset	72	0.07	0
10	unsafe	1	0	reset	73	0.07	0
10	unsafe	1	0	reset	74	0.07	0
10	unsafe	1	0	reset	75	0.07	0
10	unsafe	1	0	reset	76	0.07	0
10	unsafe	1	0	reset	77	0.07	0
10	unsafe	1	0	reset	78	0.07	0
10	unsafe	1	0	reset	79	0.071	0
10	unsafe	1	0	reset	80	0.07	0
10	unsafe	1	0	reset	81	0.07	0
10	unsafe	1	0	reset	82	0.08	0
10	unsafe	1	0	reset	83	0.08	0
10	unsafe	1	0	reset	84	0.07	0
10	unsafe	1	0	reset	85	0.081	0
10	unsafe	1	0	reset	86	0.061	0
10	unsafe	1	0	reset	87	0.081	0
10	unsafe	1	0	reset	88	0.07	0
10	unsafe	1	0	reset	89	0.07	0
10	unsafe	1	0	reset	90	0.07	0
10	unsafe	1	0	reset	91	0.071	0
10	unsafe	1	0	reset	92	0.07	0
10	unsafe	1	0	reset	93	0.08	0
10	unsafe	1	0	reset	94	0.071	0
10	unsafe	1	0	reset	95	0.08	0
10	unsafe	1	0	reset	96	0.06	0
10	unsafe	1	0	reset	97	0.07	0
10	unsafe	1	0	reset	98	0.07	0
10	unsafe	1	0	reset	99	0.13	0
10	unsafe	1	0	reset	100	0.07	0
10	unsafe	1	0	reset	101	0.07	0
10	unsafe	1	0	reset	102	0.071	0
10	unsafe	1	0	reset	103	0.07	0
10	unsafe	1	0	reset	104	0.091	0
10	unsafe	1	0	reset	105	0.08	0
10	unsafe	1	0	reset	106	0.07	0
10	unsafe	1	0	reset	107	0.07	0
10	unsafe	1	0	reset	108	0.07	0
10	unsafe	1	0	reset	109	0.07	0
10	unsafe	1	0	reset	110	0.07	0
10	unsafe	1	0	reset	111	0.06	0
10	unsafe	1	0	reset	112	0.08	0
10	unsafe	1	0	reset	113	0.07	0
10	unsafe	1	0	reset	114	0.07	0
10	unsafe	1	0	reset	115	0.07	0
10	unsafe	1	0	reset	116	0.06	0
10	unsafe	1	0	reset	117	0.07	0
10	unsafe	1	0	reset	118	0.07	0
10	unsafe	1	0	reset	119	0.06	0
10	unsafe	1	0	reset	120	0.08	0
10	unsafe	1	0	reset	121	0.07	0
10	unsafe	1	0	reset	122	0.07	0
10	unsafe	1	0	reset	123	0.08	0
10	unsafe	1	0	reset	124	0.06	0
10	unsafe	1	0	reset	125	0.07	0
10	unsafe	1	0	reset	126	0.07	0
10	unsafe	1	0	reset	127	0.08	0
10	unsafe	1	0	reset	128	0.07	0
10	unsafe	1	0	reset	129	0.07	0
10	unsafe	1	0	reset	130	0.081	0
10	unsafe	1	0	reset	131	0.07	0
10	unsafe	1	0	reset	132	0.08	0
10	unsafe	1	0	reset	133	0.071	0
10	unsafe	1	0	reset	134	0.07	0
10	unsafe	1	0	reset	135	0.081	0
10	unsafe	1	0	reset	136	0.07	0
10	unsafe	1	0	reset	137	0.07	0
10	unsafe	1	0	reset	138	0.081	0
10	unsafe	1	0	reset	139	0.07	0
10	unsafe	1	0	reset	140	0.07	0
10	unsafe	1	0	reset	141	0.06	0
10	unsafe	1	0	reset	142	0.07	0
10	unsafe	1	0	reset	143	0.08	0
10	unsafe	1	0	reset	144	0.071	0
10	unsafe	1	0	reset	145	0.07	0
10	unsafe	1	0	reset	146	0.06	0
10	unsafe	1	0	reset	147	0.07	0
10	unsafe	1	0	reset	148	0.07	0
10	unsafe	1	0	reset	149	0.08	0
10	unsafe	1	0	reset	150	0.071	0
10	unsafe	1	0	reset	151	0.06	0
10	unsafe	1	0	reset	152	0.07	0
10	unsafe	1	0	reset	153	0.061	0
10	unsafe	1	0	reset	154	0.071	0
10	unsafe	1	0	reset	155	0.081	0
10	unsafe	1	0	reset	156	0.07	0
10	unsafe	1	0	reset	157	0.07	0
10	unsafe	1	0	reset	158	0.06	0
10	unsafe	1	0	reset	159	0.07	0
10	unsafe	1	0	reset	160	0.08	0
10	unsafe	1	0	reset	161	0.06	0
10	unsafe	1	0	reset	162	0.07	0
10	unsafe	1	0	reset	163	0.07	0
10	unsafe	1	0	reset	164	0.071	0
10	unsafe	1	0	reset	165	0.1	0
10	unsafe	1	0	reset	166	0.07	0
10	unsafe	1	0	reset	167	0.07	0
10	unsafe	1	0	reset	168	0.06	0
10	unsafe	1	0	reset	169	0.08	0
10	unsafe	1	0	reset	170	0.07	0
10	unsafe	1	0	reset	171	0.07	0
10	unsafe	1	0	reset	172	0.07	0
10	unsafe	1	0	reset	173	0.071	0
10	unsafe	1	0	reset	174	0.07	0
10	unsafe	1	0	reset	175	0.07	0
10	unsafe	1	0	reset	176	0.07	0
10	unsafe	1	0	reset	177	0.07	0
10	unsafe	1	0	reset	178	0.08	0
10	unsafe	1	0	reset	179	0.071	0
10	unsafe	1	0	reset	180	0.08	0
10	unsafe	1	0	reset	181	0.06	0
10	unsafe	1	0	reset	182	0.09	0
10	unsafe	1	0	reset	183	0.07	0
10	unsafe	1	0	reset	184	0.081	0
10	unsafe	1	0	reset	185	0.071	0
10	unsafe	1	0	reset	186	0.07	0
10	unsafe	1	0	reset	187	0.07	0
10	unsafe	1	0	reset	188	0.07	0
10	unsafe	1	0	reset	189	0.07	0
10	unsafe	1	0	reset	190	0.071	0
10	unsafe	1	0	reset	191	0.07	0
10	unsafe	1	0	reset	192	0.07	0
10	unsafe	1	0	reset	193	0.06	0
10	unsafe	1	0	reset	194	0.07	0
10	unsafe	1	0	reset	195	0.07	0
10	unsafe	1	0	reset	196	0.08	0
10	unsafe	1	0	reset	197	0.071	0
10	unsafe	1	0	reset	198	0.071	0
10	unsafe	1	0	reset	199	0.07	0
10	unsafe	1	0	reset	200	0.071	0
10	checked	4	3	reset	1	75.382	0
10	checked	4	3	reset	2	58.78	0
10	checked	4	3	reset	3	63.449	0
10	checked	4	3	reset	4	172.917	0
10	checked	4	3	reset	5	38.162	0
10	checked	4	3	reset	6	33.363	0
10	checked	4	3	reset	7	33.353	0
10	checked	4	3	reset	8	32.852	0
10	checked	4	3	reset	9	32.612	0
10	checked	4	3	reset	10	33.523	0
10	checked	4	3	reset	11	33.383	0
10	checked	4	3	reset	12	33.613	0
10	checked	4	3	reset	13	35.157	0
10	checked	4	3	reset	14	34.394	0
10	checked	4	3	reset	15	33.033	0
10	checked	4	3	reset	16	32.762	0
10	checked	4	3	reset	17	32.872	0
10	checked	4	3	reset	18	33.253	0
10	checked	4	3	reset	19	32.682	0
10	checked	4	3	reset	20	33.483	0
10	checked	4	3	reset	21	32.351	0
10	checked	4	3	reset	22	48.441	0
10	checked	4	3	reset	23	41.378	0
10	checked	4	3	reset	24	47.519	0
10	checked	4	3	reset	25	42.41	0
10	checked	4	3	reset	26	44.574	0
10	checked	4	3	reset	27	40.286	0
10	checked	4	3	reset	28	40.997	0
10	checked	4	3	reset	29	41.037	0
10	checked	4	3	reset	30	40.677	0
10	checked	4	3	reset	31	39.845	0
10	checked	4	3	reset	32	39.855	0
10	checked	4	3	reset	33	39.224	0
10	checked	4	3	reset	34	39.915	0
10	checked	4	3	reset	35	38.482	0
10	checked	4	3	reset	36	39.815	0
10	checked	4	3	reset	37	42.2	0
10	checked	4	3	reset	38	40.216	0
10	checked	4	3	reset	39	39.454	0
10	checked	4	3	reset	40	51.747	0
10	checked	4	3	reset	41	40.997	0
10	checked	4	3	reset	42	41.869	0
10	checked	4	3	reset	43	41.989	0
10	checked	4	3	reset	44	41.047	0
10	checked	4	3	reset	45	40.908	0
10	checked	4	3	reset	46	40.416	0
10	checked	4	3	reset	47	39.384	0
10	checked	4	3	reset	48	39.895	0
10	checked	4	3	reset	49	40.847	0
10	checked	4	3	reset	50	39.745	0
10	checked	4	3	reset	51	38.343	0
10	checked	4	3	reset	52	42.03	0
10	checked	4	3	reset	53	40.697	0
10	checked	4	3	reset	54	40.957	0
10	checked	4	3	reset	55	39.465	0
10	checked	4	3	reset	56	41.799	0
10	checked	4	3	reset	57	40.096	0
10	checked	4	3	reset	58	42.03	0
10	checked	4	3	reset	59	39.946	0
10	checked	4	3	reset	60	39.444	0
10	checked	4	3	reset	61	37.05	0
10	checked	4	3	reset	62	35.347	0
10	checked	4	3	reset	63	34.495	0
10	checked	4	3	reset	64	34.064	0
10	checked	4	3	reset	65	37.611	0
10	checked	4	3	reset	66	35.006	0
10	checked	4	3	reset	67	36.128	0
10	checked	4	3	reset	68	35.997	0
10	checked	4	3	reset	69	35.828	0
10	checked	4	3	reset	70	35.056	0
10	checked	4	3	reset	71	35.918	0
10	checked	4	3	reset	72	35.316	0
10	checked	4	3	reset	73	35.437	0
10	checked	4	3	reset	74	34.536	0
10	checked	4	3	reset	75	35.326	0
10	checked	4	3	reset	76	36.869	0
10	checked	4	3	reset	77	34.655	0
10	checked	4	3	reset	78	34.555	0
10	checked	4	3	reset	79	36.82	0
10	checked	4	3	reset	80	35.066	0
10	checked	4	3	reset	81	34.665	0
10	checked	4	3	reset	82	34.556	0
10	checked	4	3	reset	83	34.234	0
10	checked	4	3	reset	84	35.477	0
10	checked	4	3	reset	85	34.986	0
10	checked	4	3	reset	86	34.656	0
10	checked	4	3	reset	87	36.429	0
10	checked	4	3	reset	88	34.666	0
10	checked	4	3	reset	89	37.02	0
10	checked	4	3	reset	90	35.387	0
10	checked	4	3	reset	91	33.914	0
10	checked	4	3	reset	92	36.91	0
10	checked	4	3	reset	93	35.306	0
10	checked	4	3	reset	94	35.137	0
10	checked	4	3	reset	95	36.86	0
10	checked	4	3	reset	96	34.615	0
10	checked	4	3	reset	97	35.016	0
10	checked	4	3	reset	98	34.535	0
10	checked	4	3	reset	99	33.633	0
10	checked	4	3	reset	100	34.224	0
10	checked	4	3	reset	101	34.175	0
10	checked	4	3	reset	102	35.628	0
10	checked	4	3	reset	103	34.876	0
10	checked	4	3	reset	104	34.415	0
10	checked	4	3	reset	105	34.665	0
10	checked	4	3	reset	106	35.257	0
10	checked	4	3	reset	107	33.663	0
10	checked	4	3	reset	108	34.996	0
10	checked	4	3	reset	109	33.934	0
10	checked	4	3	reset	110	35.597	0
10	checked	4	3	reset	111	34.465	0
10	checked	4	3	reset	112	34.936	0
10	checked	4	3	reset	113	33.774	0
10	checked	4	3	reset	114	36.86	0
10	checked	4	3	reset	115	33.763	0
10	checked	4	3	reset	116	34.866	0
10	checked	4	3	reset	117	34.786	0
10	checked	4	3	reset	118	35.817	0
10	checked	4	3	reset	119	34.966	0
10	checked	4	3	reset	120	35.016	0
10	checked	4	3	reset	121	34.736	0
10	checked	4	3	reset	122	38.052	0
10	checked	4	3	reset	123	34.495	0
10	checked	4	3	reset	124	35.597	0
10	checked	4	3	reset	125	35.277	0
10	checked	4	3	reset	126	35.006	0
10	checked	4	3	reset	127	35.176	0
10	checked	4	3	reset	128	34.846	0
10	checked	4	3	reset	129	33.644	0
10	checked	4	3	reset	130	34.675	0
10	checked	4	3	reset	131	36.158	0
10	checked	4	3	reset	132	36.118	0
10	checked	4	3	reset	133	34.696	0
10	checked	4	3	reset	134	34.465	0
10	checked	4	3	reset	135	36.298	0
10	checked	4	3	reset	136	35.006	0
10	checked	4	3	reset	137	35.407	0
10	checked	4	3	reset	138	36.649	0
10	checked	4	3	reset	139	33.564	0
10	checked	4	3	reset	140	36.238	0
10	checked	4	3	reset	141	34.676	0
10	checked	4	3	reset	142	34.776	0
10	checked	4	3	reset	143	33.814	0
10	checked	4	3	reset	144	33.974	0
10	checked	4	3	reset	145	34.675	0
10	checked	4	3	reset	146	37.23	0
10	checked	4	3	reset	147	34.035	0
10	checked	4	3	reset	148	34.094	0
10	checked	4	3	reset	149	33.734	0
10	checked	4	3	reset	150	34.525	0
10	checked	4	3	reset	151	34.265	0
10	checked	4	3	reset	152	34.255	0
10	checked	4	3	reset	153	36.058	0
10	checked	4	3	reset	154	35.087	0
10	checked	4	3	reset	155	34.004	0
10	checked	4	3	reset	156	34.846	0
10	checked	4	3	reset	157	34.455	0
10	checked	4	3	reset	158	34.816	0
10	checked	4	3	reset	159	34.104	0
10	checked	4	3	reset	160	33.724	0
10	checked	4	3	reset	161	34.014	0
10	checked	4	3	reset	162	34.375	0
10	checked	4	3	reset	163	34.765	0
10	checked	4	3	reset	164	33.743	0
10	checked	4	3	reset	165	33.714	0
10	checked	4	3	reset	166	33.683	0
10	checked	4	3	reset	167	33.994	0
10	checked	4	3	reset	168	35.828	0
10	checked	4	3	reset	169	34.585	0
10	checked	4	3	reset	170	37.631	0
10	checked	4	3	reset	171	33.804	0
10	checked	4	3	reset	172	35.537	0
10	checked	4	3	reset	173	34.104	0
10	checked	4	3	reset	174	34.295	0
10	checked	4	3	reset	175	33.764	0
10	checked	4	3	reset	176	34.244	0
10	checked	4	3	reset	177	35.807	0
10	checked	4	3	reset	178	35.717	0
10	checked	4	3	reset	179	33.773	0
10	checked	4	3	reset	180	35.387	0
10	checked	4	3	reset	181	36.369	0
10	checked	4	3	reset	182	35.337	0
10	checked	4	3	reset	183	33.664	0
10	checked	4	3	reset	184	35.337	0
10	checked	4	3	reset	185	33.974	0
10	checked	4	3	reset	186	34.716	0
10	checked	4	3	reset	187	34.926	0
10	checked	4	3	reset	188	34.515	0
10	checked	4	3	reset	189	35.006	0
10	checked	4	3	reset	190	34.455	0
10	checked	4	3	reset	191	34.936	0
10	checked	4	3	reset	192	35.968	0
10	checked	4	3	reset	193	34.705	0
10	checked	4	3	reset	194	34.014	0
10	checked	4	3	reset	195	35.397	0
10	checked	4	3	reset	196	35.497	0
10	checked	4	3	reset	197	34.966	0
10	checked	4	3	reset	198	34.144	0
10	checked	4	3	reset	199	33.152	0
10	checked	4	3	reset	200	33.824	0
10	checked	4	3	stall	1	47.249	0
10	checked	4	3	stall	2	53.471	0
10	checked	4	3	stall	3	58.1	0
10	unsafe	4	3	reset	1	0.191	0
10	unsafe	4	3	reset	2	0.08	0
10	unsafe	4	3	reset	3	0.08	0
10	unsafe	4	3	reset	4	0.11	0
10	unsafe	4	3	reset	5	0.08	0
10	unsafe	4	3	reset	6	0.07	0
10	unsafe	4	3	reset	7	0.17	0
10	unsafe	4	3	reset	8	0.08	0
10	unsafe	4	3	reset	9	0.081	0
10	unsafe	4	3	reset	10	0.08	0
10	unsafe	4	3	reset	11	0.09	0
10	unsafe	4	3	reset	12	0.17	0
10	unsafe	4	3	reset	13	0.08	0
10	unsafe	4	3	reset	14	0.29	0
10	unsafe	4	3	reset	15	0.31	0
10	unsafe	4	3	reset	16	0.1	0
10	unsafe	4	3	reset	17	0.08	0
10	unsafe	4	3	reset	18	0.09	0
10	unsafe	4	3	reset	19	0.301	0
10	unsafe	4	3	reset	20	0.08	0
10	unsafe	4	3	reset	21	0.09	0
10	unsafe	4	3	reset	22	0.25	0
10	unsafe	4	3	reset	23	0.08	0
10	unsafe	4	3	reset	24	0.08	0
10	unsafe	4	3	reset	25	0.231	0
10	unsafe	4	3	reset	26	0.08	0
10	unsafe	4	3	reset	27	0.081	0
10	unsafe	4	3	reset	28	0.08	0
10	unsafe	4	3	reset	29	0.08	0
10	unsafe	4	3	reset	30	0.08	0
10	unsafe	4	3	reset	31	0.081	0
10	unsafe	4	3	reset	32	0.08	0
10	unsafe	4	3	reset	33	0.08	0
10	unsafe	4	3	reset	34	0.08	0
10	unsafe	4	3	reset	35	0.07	0
10	unsafe	4	3	reset	36	0.08	0
10	unsafe	4	3	reset	37	0.08	0
10	unsafe	4	3	reset	38	0.08	0
10	unsafe	4	3	reset	39	0.09	0
10	unsafe	4	3	reset	40	0.081	0
10	unsafe	4	3	reset	41	0.08	0
10	unsafe	4	3	reset	42	0.07	0
10	unsafe	4	3	reset	43	0.08	0
10	unsafe	4	3	reset	44	0.081	0
10	unsafe	4	3	reset	45	0.08	0
10	unsafe	4	3	reset	46	0.1	0
10	unsafe	4	3	reset	47	0.07	0
10	unsafe	4	3	reset	48	0.08	0
10	unsafe	4	3	reset	49	0.08	0
10	unsafe	4	3	reset	50	0.12	0
10	unsafe	4	3	reset	51	0.08	0
10	unsafe	4	3	reset	52	0.08	0
10	unsafe	4	3	reset	53	0.07	0
10	unsafe	4	3	reset	54	0.08	0
10	unsafe	4	3	reset	55	0.08	0
10	unsafe	4	3	reset	56	0.081	0
10	unsafe	4	3	reset	57	0.08	0
10	unsafe	4	3	reset	58	0.081	0
10	unsafe	4	3	reset	59	0.081	0
10	unsafe	4	3	reset	60	0.11	0
10	unsafe	4	3	reset	61	0.081	0
10	unsafe	4	3	reset	62	0.08	0
10	unsafe	4	3	reset	63	0.1	0
10	unsafe	4	3	reset	64	0.081	0
10	unsafe	4	3	reset	65	0.081	0
10	unsafe	4	3	reset	66	0.09	0
10	unsafe	4	3	reset	67	0.08	0
10	unsafe	4	3	reset	68	0.07	0
10	unsafe	4	3	reset	69	0.08	0
10	unsafe	4	3	reset	70	0.081	0
10	unsafe	4	3	reset	71	0.08	0
10	unsafe	4	3	reset	72	0.08	0
10	unsafe	4	3	reset	73	0.08	0
10	unsafe	4	3	reset	74	0.08	0
10	unsafe	4	3	reset	75	0.07	0
10	unsafe	4	3	reset	76	0.08	0
10	unsafe	4	3	reset	77	0.08	0
10	unsafe	4	3	reset	78	0.08	0
10	unsafe	4	3	reset	79	0.08	0
10	unsafe	4	3	reset	80	0.08	0
10	unsafe	4	3	reset	81	0.08	0
10	unsafe	4	3	reset	82	0.09	0
10	unsafe	4	3	reset	83	0.11	0
10	unsafe	4	3	reset	84	0.08	0
10	unsafe	4	3	reset	85	0.08	0
10	unsafe	4	3	reset	86	0.11	0
10	unsafe	4	3	reset	87	0.08	0
10	unsafe	4	3	reset	88	0.08	0
10	unsafe	4	3	reset	89	0.071	0
10	unsafe	4	3	reset	90	0.08	0
10	unsafe	4	3	reset	91	0.08	0
10	unsafe	4	3	reset	92	0.07	0
10	unsafe	4	3	reset	93	0.08	0
10	unsafe	4	3	reset	94	0.09	0
10	unsafe	4	3	reset	95	0.08	0
10	unsafe	4	3	reset	96	0.08	0
10	unsafe	4	3	reset	97	0.08	0
10	unsafe	4	3	reset	98	0.07	0
10	unsafe	4	3	reset	99	0.08	0
10	unsafe	4	3	reset	100	0.08	0
10	unsafe	4	3	reset	101	0.07	0
10	unsafe	4	3	reset	102	0.081	0
10	unsafe	4	3	reset	103	0.08	0
10	unsafe	4	3	reset	104	0.08	0
10	unsafe	4	3	reset	105	0.08	0
10	unsafe	4	3	reset	106	0.081	0
10	unsafe	4	3	reset	107	0.08	0
10	unsafe	4	3	reset	108	0.081	0
10	unsafe	4	3	reset	109	0.08	0
10	unsafe	4	3	reset	110	0.081	0
10	unsafe	4	3	reset	111	0.07	0
10	unsafe	4	3	reset	112	0.09	0
10	unsafe	4	3	reset	113	0.08	0
10	unsafe	4	3	reset	114	0.1	0
10	unsafe	4	3	reset	115	0.081	0
10	unsafe	4	3	reset	116	0.09	0
10	unsafe	4	3	reset	117	0.08	0
10	unsafe	4	3	reset	118	0.081	0
10	unsafe	4	3	reset	119	0.08	0
10	unsafe	4	3	reset	120	0.08	0
10	unsafe	4	3	reset	121	0.08	0
10	unsafe	4	3	reset	122	0.081	0
10	unsafe	4	3	reset	123	0.08	0
10	unsafe	4	3	reset	124	0.07	0
10	unsafe	4	3	reset	125	0.08	0
10	unsafe	4	3	reset	126	0.08	0
10	unsafe	4	3	reset	127	0.081	0
10	unsafe	4	3	reset	128	0.08	0
10	unsafe	4	3	reset	129	0.07	0
10	unsafe	4	3	reset	130	0.09	0
10	unsafe	4	3	reset	131	0.081	0
10	unsafe	4	3	reset	132	0.08	0
10	unsafe	4	3	reset	133	0.08	0
10	unsafe	4	3	reset	134	0.07	0
10	unsafe	4	3	reset	135	0.08	0
10	unsafe	4	3	reset	136	0.09	0
10	unsafe	4	3	reset	137	0.081	0
10	unsafe	4	3	reset	138	0.08	0
10	unsafe	4	3	reset	139	0.08	0
10	unsafe	4	3	reset	140	0.08	0
10	unsafe	4	3	reset	141	0.08	0
10	unsafe	4	3	reset	142	0.08	0
10	unsafe	4	3	reset	143	0.08	0
10	unsafe	4	3	reset	144	0.081	0
10	unsafe	4	3	reset	145	0.08	0
10	unsafe	4	3	reset	146	0.07	0
10	unsafe	4	3	reset	147	0.07	0
10	unsafe	4	3	reset	148	0.09	0
10	unsafe	4	3	reset	149	0.101	0
10	unsafe	4	3	reset	150	0.08	0
10	unsafe	4	3	reset	151	0.08	0
10	unsafe	4	3	reset	152	0.081	0
10	unsafe	4	3	reset	153	0.08	0
10	unsafe	4	3	reset	154	0.08	0
10	unsafe	4	3	reset	155	0.08	0
10	unsafe	4	3	reset	156	0.08	0
10	unsafe	4	3	reset	157	0.11	0
10	unsafe	4	3	reset	158	0.08	0
10	unsafe	4	3	reset	159	0.1	0
10	unsafe	4	3	reset	160	0.08	0
10	unsafe	4	3	reset	161	0.07	0
10	unsafe	4	3	reset	162	0.08	0
10	unsafe	4	3	reset	163	0.08	0
10	unsafe	4	3	reset	164	0.08	0
10	unsafe	4	3	reset	165	0.08	0
10	unsafe	4	3	reset	166	0.08	0
10	unsafe	4	3	reset	167	0.08	0
10	unsafe	4	3	reset	168	0.09	0
10	unsafe	4	3	reset	169	0.08	0
10	unsafe	4	3	reset	170	0.08	0
10	unsafe	4	3	reset	171	0.08	0
10	unsafe	4	3	reset	172	0.08	0
10	unsafe	4	3	reset	173	0.081	0
10	unsafe	4	3	reset	174	0.07	0
10	unsafe	4	3	reset	175	0.071	0
10	unsafe	4	3	reset	176	0.08	0
10	unsafe	4	3	reset	177	0.071	0
10	unsafe	4	3	reset	178	0.08	0
10	unsafe	4	3	reset	179	0.08	0
10	unsafe	4	3	reset	180	0.08	0
10	unsafe	4	3	reset	181	0.08	0
10	unsafe	4	3	reset	182	0.08	0
10	unsafe	4	3	reset	183	0.081	0
10	unsafe	4	3	reset	184	0.08	0
10	unsafe	4	3	reset	185	0.08	0
10	unsafe	4	3	reset	186	0.081	0
10	unsafe	4	3	reset	187	0.08	0
10	unsafe	4	3	reset	188	0.08	0
10	unsafe	4	3	reset	189	0.081	0
10	unsafe	4	3	reset	190	0.091	0
10	unsafe	4	3	reset	191	0.07	0
10	unsafe	4	3	reset	192	0.08	0
10	unsafe	4	3	reset	193	0.081	0
10	unsafe	4	3	reset	194	0.08	0
10	unsafe	4	3	reset	195	0.08	0
10	unsafe	4	3	reset	196	0.08	0
10	unsafe	4	3	reset	197	0.08	0
10	unsafe	4	3	reset	198	0.08	0
10	unsafe	4	3	reset	199	0.08	0
10	unsafe	4	3	reset	200	0.07	0
10	unsafe	4	3	stall	1	0.0	0
10	unsafe	4	3	stall	2	0.0	0
10	unsafe	4	3	stall	3	0.0	0
10	checked	8	7	reset	1	94.308	0
10	checked	8	7	reset	2	75.863	0
10	checked	8	7	reset	3	63.33	0
10	checked	8	7	reset	4	74.53	0
10	checked	8	7	reset	5	238.63	0
10	checked	8	7	reset	6	66.926	0
10	checked	8	7	reset	7	58.33	0
10	checked	8	7	reset	8	57.839	0
10	checked	8	7	reset	9	54.804	0
10	checked	8	7	reset	10	55.885	0
10	checked	8	7	reset	11	56.597	0
10	checked	8	7	reset	12	58.05	0
10	checked	8	7	reset	13	37.711	0
10	checked	8	7	reset	14	34.635	0
10	checked	8	7	reset	15	58.901	0
10	checked	8	7	reset	16	65.373	0
10	checked	8	7	reset	17	76.985	0
10	checked	8	7	reset	18	67.647	0
10	checked	8	7	reset	19	63.029	0
10	checked	8	7	reset	20	59.412	0
10	checked	8	7	reset	21	56.136	0
10	checked	8	7	reset	22	51.567	0
10	checked	8	7	reset	23	48.812	0
10	checked	8	7	reset	24	50.986	0
10	checked	8	7	reset	25	45.636	0
10	checked	8	7	reset	26	45.466	0
10	checked	8	7	reset	27	49.614	0
10	checked	8	7	reset	28	47.82	0
10	checked	8	7	reset	29	47.83	0
10	checked	8	7	reset	30	45.786	0
10	checked	8	7	reset	31	43.452	0
10	checked	8	7	reset	32	47.64	0
10	checked	8	7	reset	33	48.401	0
10	checked	8	7	reset	34	44.984	0
10	checked	8	7	reset	35	46.949	0
10	checked	8	7	reset	36	50.525	0
10	checked	8	7	reset	37	45.035	0
10	checked	8	7	reset	38	47.95	0
10	checked	8	7	reset	39	43.743	0
10	checked	8	7	reset	40	48.171	0
10	checked	8	7	reset	41	46.999	0
10	checked	8	7	reset	42	44.514	0
10	checked	8	7	reset	43	46.598	0
10	checked	8	7	reset	44	47.009	0
10	checked	8	7	reset	45	48.532	0
10	checked	8	7	reset	46	51.157	0
10	checked	8	7	reset	47	55.164	0
10	checked	8	7	reset	48	46.006	0
10	checked	8	7	reset	49	45.807	0
10	checked	8	7	reset	50	57.509	0
10	checked	8	7	reset	51	46.939	0
10	checked	8	7	reset	52	47.78	0
10	checked	8	7	reset	53	44.884	0
10	checked	8	7	reset	54	2863.173	0
10	checked	8	7	reset	55	57.278	0
10	checked	8	7	reset	56	60.333	0
10	checked	8	7	reset	57	64.301	0
10	checked	8	7	reset	58	53.511	0
10	checked	8	7	reset	59	51.417	0
10	checked	8	7	reset	60	50.375	0
10	checked	8	7	reset	61	45.366	0
10	checked	8	7	reset	62	47.71	0
10	checked	8	7	reset	63	53.01	0
10	checked	8	7	reset	64	50.766	0
10	checked	8	7	reset	65	49.032	0
10	checked	8	7	reset	66	50.315	0
10	checked	8	7	reset	67	83.517	0
10	checked	8	7	reset	68	53.802	0
10	checked	8	7	reset	69	51.087	0
10	checked	8	7	reset	70	48.822	0
10	checked	8	7	reset	71	48.392	0
10	checked	8	7	reset	72	48.843	0
10	checked	8	7	reset	73	45.666	0
10	checked	8	7	reset	74	45.045	0
10	checked	8	7	reset	75	46.307	0
10	checked	8	7	reset	76	51.858	0
10	checked	8	7	reset	77	60.354	0
10	checked	8	7	reset	78	49.994	0
10	checked	8	7	reset	79	47.249	0
10	checked	8	7	reset	80	43.923	0
10	checked	8	7	reset	81	42.901	0
10	checked	8	7	reset	82	42.55	0
10	checked	8	7	reset	83	43.653	0
10	checked	8	7	reset	84	42.741	0
10	checked	8	7	reset	85	43.082	0
10	checked	8	7	reset	86	45.606	0
10	checked	8	7	reset	87	45.866	0
10	checked	8	7	reset	88	43.151	0
10	checked	8	7	reset	89	42.219	0
10	checked	8	7	reset	90	43.792	0
10	checked	8	7	reset	91	44.574	0
10	checked	8	7	reset	92	45.156	0
10	checked	8	7	reset	93	44.383	0
10	checked	8	7	reset	94	45.877	0
10	checked	8	7	reset	95	58.049	0
10	checked	8	7	reset	96	46.578	0
10	checked	8	7	reset	97	40.426	0
10	checked	8	7	reset	98	59.692	0
10	checked	8	7	reset	99	59.792	0
10	checked	8	7	reset	100	43.192	0
10	checked	8	7	reset	101	42.67	0
10	checked	8	7	reset	102	60.124	0
10	checked	8	7	reset	103	46.929	0
10	checked	8	7	reset	104	45.976	0
10	checked	8	7	reset	105	46.208	0
10	checked	8	7	reset	106	47.028	0
10	checked	8	7	reset	107	47.37	0
10	checked	8	7	reset	108	45.035	0
10	checked	8	7	reset	109	45.486	0
10	checked	8	7	reset	110	46.297	0
10	checked	8	7	reset	111	48.502	0
10	checked	8	7	reset	112	44.744	0
10	checked	8	7	reset	113	44.714	0
10	checked	8	7	reset	114	41.688	0
10	checked	8	7	reset	115	59.553	0
10	checked	8	7	reset	116	42.33	0
10	checked	8	7	reset	117	42.931	0
10	checked	8	7	reset	118	42.601	0
10	checked	8	7	reset	119	42.2	0
10	checked	8	7	reset	120	43.211	0
10	checked	8	7	reset	121	48.161	0
10	checked	8	7	reset	122	46.738	0
10	checked	8	7	reset	123	44.604	0
10	checked	8	7	reset	124	47.149	0
10	checked	8	7	reset	125	77.847	0
10	checked	8	7	reset	126	46.848	0
10	checked	8	7	reset	127	3065.875	0
10	checked	8	7	reset	128	60.895	0
10	checked	8	7	reset	129	47.219	0
10	checked	8	7	reset	130	59.672	0
10	checked	8	7	reset	131	43.693	0
10	checked	8	7	reset	132	43.843	0
10	checked	8	7	reset	133	54.012	0
10	checked	8	7	reset	134	43.171	0
10	checked	8	7	reset	135	41.808	0
10	checked	8	7	reset	136	58.12	0
10	checked	8	7	reset	137	40.196	0
10	checked	8	7	reset	138	40.547	0
10	checked	8	7	reset	139	40.677	0
10	checked	8	7	reset	140	40.897	0
10	checked	8	7	reset	141	40.406	0
10	checked	8	7	reset	142	39.124	0
10	checked	8	7	reset	143	40.156	0
10	checked	8	7	reset	144	39.685	0
10	checked	8	7	reset	145	40.226	0
10	checked	8	7	reset	146	40.045	0
10	checked	8	7	reset	147	39.655	0
10	checked	8	7	reset	148	41.278	0
10	checked	8	7	reset	149	79.029	0
10	checked	8	7	reset	150	42.56	0
10	checked	8	7	reset	151	41.007	0
10	checked	8	7	reset	152	41.298	0
10	checked	8	7	reset	153	41.188	0
10	checked	8	7	reset	154	497.519	0
10	checked	8	7	reset	155	48.542	0
10	checked	8	7	reset	156	41.518	0
10	checked	8	7	reset	157	39.875	0
10	checked	8	7	reset	158	40.106	0
10	checked	8	7	reset	159	39.555	0
10	checked	8	7	reset	160	41.278	0
10	checked	8	7	reset	161	39.705	0
10	checked	8	7	reset	162	39.745	0
10	checked	8	7	reset	163	40.166	0
10	checked	8	7	reset	164	39.796	0
10	checked	8	7	reset	165	39.665	0
10	checked	8	7	reset	166	40.957	0
10	checked	8	7	reset	167	40.376	0
10	checked	8	7	reset	168	42.49	0
10	checked	8	7	reset	169	39.555	0
10	checked	8	7	reset	170	41.158	0
10	checked	8	7	reset	171	41.328	0
10	checked	8	7	reset	172	41.579	0
10	checked	8	7	reset	173	39.835	0
10	checked	8	7	reset	174	41.799	0
10	checked	8	7	reset	175	41.418	0
10	checked	8	7	reset	176	41.509	0
10	checked	8	7	reset	177	41.027	0
10	checked	8	7	reset	178	40.106	0
10	checked	8	7	reset	179	39.584	0
10	checked	8	7	reset	180	41.799	0
10	checked	8	7	reset	181	41.238	0
10	checked	8	7	reset	182	41.518	0
10	checked	8	7	reset	183	40.707	0
10	checked	8	7	reset	184	40.326	0
10	checked	8	7	reset	185	41.048	0
10	checked	8	7	reset	186	41.779	0
10	checked	8	7	reset	187	40.236	0
10	checked	8	7	reset	188	41.789	0
10	checked	8	7	reset	189	39.765	0
10	checked	8	7	reset	190	41.158	0
10	checked	8	7	reset	191	42.029	0
10	checked	8	7	reset	192	41.018	0
10	checked	8	7	reset	193	40.296	0
10	checked	8	7	reset	194	41.008	0
10	checked	8	7	reset	195	40.857	0
10	checked	8	7	reset	196	46.257	0
10	checked	8	7	reset	197	39.695	0
10	checked	8	7	reset	198	56.396	0
10	checked	8	7	reset	199	55.996	0
10	checked	8	7	reset	200	55.785	0
10	checked	8	7	stall	1	493.06	0
10	checked	8	7	stall	2	493.892	0
10	checked	8	7	stall	3	3067.438	0
10	checked	8	7	stall	4	3064.382	0
10	checked	8	7	stall	5	493.802	0
10	checked	8	7	stall	6	493.06	0
10	checked	8	7	stall	7	3062.86	0
10	unsafe	8	7	reset	1	0.18	0
10	unsafe	8	7	reset	2	0.11	0
10	unsafe	8	7	reset	3	0.08	0
10	unsafe	8	7	reset	4	0.12	0
10	unsafe	8	7	reset	5	0.08	0
10	unsafe	8	7	reset	6	0.09	0
10	unsafe	8	7	reset	7	0.1	0
10	unsafe	8	7	reset	8	0.07	0
10	unsafe	8	7	reset	9	0.08	0
10	unsafe	8	7	reset	10	0.08	0
10	unsafe	8	7	reset	11	0.07	0
10	unsafe	8	7	reset	12	0.081	0
10	unsafe	8	7	reset	13	0.081	0
10	unsafe	8	7	reset	14	0.08	0
10	unsafe	8	7	reset	15	0.08	0
10	unsafe	8	7	reset	16	0.08	0
10	unsafe	8	7	reset	17	0.08	0
10	unsafe	8	7	reset	18	0.08	0
10	unsafe	8	7	reset	19	0.08	0
10	unsafe	8	7	reset	20	0.08	0
10	unsafe	8	7	reset	21	0.1	0
10	unsafe	8	7	reset	22	0.08	0
10	unsafe	8	7	reset	23	0.08	0
10	unsafe	8	7	reset	24	0.08	0
10	unsafe	8	7	reset	25	0.08	0
10	unsafe	8	7	reset	26	0.07	0
10	unsafe	8	7	reset	27	0.07	0
10	unsafe	8	7	reset	28	0.08	0
10	unsafe	8	7	reset	29	0.08	0
10	unsafe	8	7	reset	30	0.081	0
10	unsafe	8	7	reset	31	0.08	0
10	unsafe	8	7	reset	32	0.08	0
10	unsafe	8	7	reset	33	0.08	0
10	unsafe	8	7	reset	34	0.07	0
10	unsafe	8	7	reset	35	0.07	0
10	unsafe	8	7	reset	36	0.08	0
10	unsafe	8	7	reset	37	0.07	0
10	unsafe	8	7	reset	38	0.081	0
10	unsafe	8	7	reset	39	0.08	0
10	unsafe	8	7	reset	40	0.08	0
10	unsafe	8	7	reset	41	0.08	0
10	unsafe	8	7	reset	42	0.07	0
10	unsafe	8	7	reset	43	0.11	0
10	unsafe	8	7	reset	44	0.08	0
10	unsafe	8	7	reset	45	0.08	0
10	unsafe	8	7	reset	46	0.08	0
10	unsafe	8	7	reset	47	0.08	0
10	unsafe	8	7	reset	48	0.08	0
10	unsafe	8	7	reset	49	0.071	0
10	unsafe	8	7	reset	50	0.08	0
10	unsafe	8	7	reset	51	0.08	0
10	unsafe	8	7	reset	52	0.07	0
10	unsafe	8	7	reset	53	0.08	0
10	unsafe	8	7	reset	54	0.08	0
10	unsafe	8	7	reset	55	0.081	0
10	unsafe	8	7	reset	56	0.08	0
10	unsafe	8	7	reset	57	0.08	0
10	unsafe	8	7	reset	58	0.08	0
10	unsafe	8	7	reset	59	0.08	0
10	unsafe	8	7	reset	60	0.08	0
10	unsafe	8	7	reset	61	0.08	0
10	unsafe	8	7	reset	62	0.08	0
10	unsafe	8	7	reset	63	0.09	0
10	unsafe	8	7	reset	64	0.08	0
10	unsafe	8	7	reset	65	0.09	0
10	unsafe	8	7	reset	66	0.08	0
10	unsafe	8	7	reset	67	0.08	0
10	unsafe	8	7	reset	68	0.08	0
10	unsafe	8	7	reset	69	0.08	0
10	unsafe	8	7	reset	70	0.071	0
10	unsafe	8	7	reset	71	0.08	0
10	unsafe	8	7	reset	72	0.08	0
10	unsafe	8	7	reset	73	0.081	0
10	unsafe	8	7	reset	74	0.08	0
10	unsafe	8	7	reset	75	0.08	0
10	unsafe	8	7	reset	76	0.071	0
10	unsafe	8	7	reset	77	0.081	0
10	unsafe	8	7	reset	78	0.08	0
10	unsafe	8	7	reset	79	0.08	0
10	unsafe	8	7	reset	80	0.08	0
10	unsafe	8	7	reset	81	0.08	0
10	unsafe	8	7	reset	82	0.08	0
10	unsafe	8	7	reset	83	0.08	0
10	unsafe	8	7	reset	84	0.08	0
10	unsafe	8	7	reset	85	0.08	0
10	unsafe	8	7	reset	86	0.09	0
10	unsafe	8	7	reset	87	0.08	0
10	unsafe	8	7	reset	88	0.08	0
10	unsafe	8	7	reset	89	0.121	0
10	unsafe	8	7	reset	90	0.08	0
10	unsafe	8	7	reset	91	0.07	0
10	unsafe	8	7	reset	92	0.08	0
10	unsafe	8	7	reset	93	0.081	0
10	unsafe	8	7	reset	94	0.09	0
10	unsafe	8	7	reset	95	0.08	0
10	unsafe	8	7	reset	96	0.08	0
10	unsafe	8	7	reset	97	0.09	0
10	unsafe	8	7	reset	98	0.08	0
10	unsafe	8	7	reset	99	0.08	0
10	unsafe	8	7	reset	100	0.08	0
10	unsafe	8	7	reset	101	0.131	0
10	unsafe	8	7	reset	102	0.091	0
10	unsafe	8	7	reset	103	0.081	0
10	unsafe	8	7	reset	104	0.08	0
10	unsafe	8	7	reset	105	0.09	0
10	unsafe	8	7	reset	106	0.08	0
10	unsafe	8	7	reset	107	0.08	0
10	unsafe	8	7	reset	108	0.08	0
10	unsafe	8	7	reset	109	0.08	0
10	unsafe	8	7	reset	110	0.09	0
10	unsafe	8	7	reset	111	0.1	0
10	unsafe	8	7	reset	112	0.08	0
10	unsafe	8	7	reset	113	0.121	0
10	unsafe	8	7	reset	114	0.081	0
10	unsafe	8	7	reset	115	0.09	0
10	unsafe	8	7	reset	116	0.09	0
10	unsafe	8	7	reset	117	0.081	0
10	unsafe	8	7	reset	118	0.09	0
10	unsafe	8	7	reset	119	0.07	0
10	unsafe	8	7	reset	120	0.09	0
10	unsafe	8	7	reset	121	0.09	0
10	unsafe	8	7	reset	122	0.08	0
10	unsafe	8	7	reset	123	0.08	0
10	unsafe	8	7	reset	124	0.08	0
10	unsafe	8	7	reset	125	0.08	0
10	unsafe	8	7	reset	126	0.08	0
10	unsafe	8	7	reset	127	0.08	0
10	unsafe	8	7	reset	128	0.08	0
10	unsafe	8	7	reset	129	0.08	0
10	unsafe	8	7	reset	130	0.071	0
10	unsafe	8	7	reset	131	0.08	0
10	unsafe	8	7	reset	132	0.08	0
10	unsafe	8	7	reset	133	0.08	0
10	unsafe	8	7	reset	134	0.08	0
10	unsafe	8	7	reset	135	0.08	0
10	unsafe	8	7	reset	136	0.08	0
10	unsafe	8	7	reset	137	0.09	0
10	unsafe	8	7	reset	138	0.08	0
10	unsafe	8	7	reset	139	0.09	0
10	unsafe	8	7	reset	140	0.08	0
10	unsafe	8	7	reset	141	0.091	0
10	unsafe	8	7	reset	142	0.081	0
10	unsafe	8	7	reset	143	0.08	0
10	unsafe	8	7	reset	144	0.08	0
10	unsafe	8	7	reset	145	0.08	0
10	unsafe	8	7	reset	146	0.08	0
10	unsafe	8	7	reset	147	0.08	0
10	unsafe	8	7	reset	148	0.09	0
10	unsafe	8	7	reset	149	0.08	0
10	unsafe	8	7	reset	150	0.08	0
10	unsafe	8	7	reset	151	0.08	0
10	unsafe	8	7	reset	152	0.08	0
10	unsafe	8	7	reset	153	0.08	0
10	unsafe	8	7	reset	154	0.09	0
10	unsafe	8	7	reset	155	0.08	0
10	unsafe	8	7	reset	156	0.091	0
10	unsafe	8	7	reset	157	0.081	0
10	unsafe	8	7	reset	158	0.1	0
10	unsafe	8	7	reset	159	0.08	0
10	unsafe	8	7	reset	160	0.08	0
10	unsafe	8	7	reset	161	0.08	0
10	unsafe	8	7	reset	162	0.08	0
10	unsafe	8	7	reset	163	0.08	0
10	unsafe	8	7	reset	164	0.08	0
10	unsafe	8	7	reset	165	0.09	0
10	unsafe	8	7	reset	166	0.08	0
10	unsafe	8	7	reset	167	0.08	0
10	unsafe	8	7	reset	168	0.08	0
10	unsafe	8	7	reset	169	0.08	0
10	unsafe	8	7	reset	170	0.07	0
10	unsafe	8	7	reset	171	0.08	0
10	unsafe	8	7	reset	172	0.09	0
10	unsafe	8	7	reset	173	0.08	0
10	unsafe	8	7	reset	174	0.08	0
10	unsafe	8	7	reset	175	0.08	0
10	unsafe	8	7	reset	176	0.08	0
10	unsafe	8	7	reset	177	0.08	0
10	unsafe	8	7	reset	178	0.08	0
10	unsafe	8	7	reset	179	0.09	0
10	unsafe	8	7	reset	180	0.081	0
10	unsafe	8	7	reset	181	0.08	0
10	unsafe	8	7	reset	182	0.08	0
10	unsafe	8	7	reset	183	0.09	0
10	unsafe	8	7	reset	184	0.08	0
10	unsafe	8	7	reset	185	0.08	0
10	unsafe	8	7	reset	186	0.08	0
10	unsafe	8	7	reset	187	0.091	0
10	unsafe	8	7	reset	188	0.09	0
10	unsafe	8	7	reset	189	0.08	0
10	unsafe	8	7	reset	190	0.08	0
10	unsafe	8	7	reset	191	0.08	0
10	unsafe	8	7	reset	192	0.081	0
10	unsafe	8	7	reset	193	0.081	0
10	unsafe	8	7	reset	194	0.081	0
10	unsafe	8	7	reset	195	0.09	0
10	unsafe	8	7	reset	196	0.08	0
10	unsafe	8	7	reset	197	0.08	0
10	unsafe	8	7	reset	198	0.091	0
10	unsafe	8	7	reset	199	0.08	0
10	unsafe	8	7	reset	200	0.09	0
10	unsafe	8	7	stall	1	0.0	0
10	unsafe	8	7	stall	2	0.0	0
10	unsafe	8	7	stall	3	0.0	0
10	unsafe	8	7	stall	4	0.0	0
10	unsafe	8	7	stall	5	0.0	0
10	unsafe	8	7	stall	6	0.0	0
10	unsafe	8	7	stall	7	0.0	0
10	checked	16	15	reset	1	94.92	0
10	checked	16	15	reset	2	95.891	0
10	checked	16	15	reset	3	82.806	0
10	checked	16	15	reset	4	76.514	0
10	checked	16	15	reset	5	230.956	0
10	checked	16	15	reset	6	43.853	0
10	checked	16	15	reset	7	39.144	0
10	checked	16	15	reset	8	38.533	0
10	checked	16	15	reset	9	38.032	0
10	checked	16	15	reset	10	45.836	0
10	checked	16	15	reset	11	39.375	0
10	checked	16	15	reset	12	37.531	0
10	checked	16	15	reset	13	37.902	0
10	checked	16	15	reset	14	39.014	0
10	checked	16	15	reset	15	54.793	0
10	checked	16	15	reset	16	38.202	0
10	checked	16	15	reset	17	38.613	0
10	checked	16	15	reset	18	38.442	0
10	checked	16	15	reset	19	37.441	0
10	checked	16	15	reset	20	40.757	0
10	checked	16	15	reset	21	43.311	0
10	checked	16	15	reset	22	38.172	0
10	checked	16	15	reset	23	36.348	0
10	checked	16	15	reset	24	87.264	0
10	checked	16	15	reset	25	80.582	0
10	checked	16	15	reset	26	78.639	0
10	checked	16	15	reset	27	83.588	0
10	checked	16	15	reset	28	79.229	0
10	checked	16	15	reset	29	76.825	0
10	checked	16	15	reset	30	77.386	0
10	checked	16	15	reset	31	80.913	0
10	checked	16	15	reset	32	70.193	0
10	checked	16	15	reset	33	71.245	0
10	checked	16	15	reset	34	82.866	0
10	checked	16	15	reset	35	65.153	0
10	checked	16	15	reset	36	69.542	0
10	checked	16	15	reset	37	72.718	0
10	checked	16	15	reset	38	77.406	0
10	checked	16	15	reset	39	66.074	0
10	checked	16	15	reset	40	70.573	0
10	checked	16	15	reset	41	71.295	0
10	checked	16	15	reset	42	70.523	0
10	checked	16	15	reset	43	70.052	0
10	checked	16	15	reset	44	71.104	0
10	checked	16	15	reset	45	67.979	0
10	checked	16	15	reset	46	68.809	0
10	checked	16	15	reset	47	71.504	0
10	checked	16	15	reset	48	71.605	0
10	checked	16	15	reset	49	73.358	0
10	checked	16	15	reset	50	78.659	0
10	checked	16	15	reset	51	100.991	0
10	checked	16	15	reset	52	79.079	0
10	checked	16	15	reset	53	73.048	0
10	checked	16	15	reset	54	67.267	0
10	checked	16	15	reset	55	63.289	0
10	checked	16	15	reset	56	66.285	0
10	checked	16	15	reset	57	69.722	0
10	checked	16	15	reset	58	77.226	0
10	checked	16	15	reset	59	68.128	0
10	checked	16	15	reset	60	68.91	0
10	checked	16	15	reset	61	65.203	0
10	checked	16	15	reset	62	74.922	0
10	checked	16	15	reset	63	68.329	0
10	checked	16	15	reset	64	71.896	0
10	checked	16	15	reset	65	67.858	0
10	checked	16	15	reset	66	73.559	0
10	checked	16	15	reset	67	79.57	0
10	checked	16	15	reset	68	75.362	0
10	checked	16	15	reset	69	76.655	0
10	checked	16	15	reset	70	76.033	0
10	checked	16	15	reset	71	68.239	0
10	checked	16	15	reset	72	70.082	0
10	checked	16	15	reset	73	66.556	0
10	checked	16	15	reset	74	68.149	0
10	checked	16	15	reset	75	70.914	0
10	checked	16	15	reset	76	77.236	0
10	checked	16	15	reset	77	76.114	0
10	checked	16	15	reset	78	74.751	0
10	checked	16	15	reset	79	66.886	0
10	checked	16	15	reset	80	66.345	0
10	checked	16	15	reset	81	63.861	0
10	checked	16	15	reset	82	65.233	0
10	checked	16	15	reset	83	69.411	0
10	checked	16	15	reset	84	68.359	0
10	checked	16	15	reset	85	64.522	0
10	checked	16	15	reset	86	67.949	0
10	checked	16	15	reset	87	67.176	0
10	checked	16	15	reset	88	69.381	0
10	checked	16	15	reset	89	66.044	0
10	checked	16	15	reset	90	67.998	0
10	checked	16	15	reset	91	64.632	0
10	checked	16	15	reset	92	86.473	0
10	checked	16	15	reset	93	86.744	0
10	checked	16	15	reset	94	68.99	0
10	checked	16	15	reset	95	72.046	0
10	checked	16	15	reset	96	69.661	0
10	checked	16	15	reset	97	75.853	0
10	checked	16	15	reset	98	71.485	0
10	checked	16	15	reset	99	67.357	0
10	checked	16	15	reset	100	70.442	0
10	checked	16	15	reset	101	66.065	0
10	checked	16	15	reset	102	66.916	0
10	checked	16	15	reset	103	69.271	0
10	checked	16	15	reset	104	63.259	0
10	checked	16	15	reset	105	66.946	0
10	checked	16	15	reset	106	65.013	0
10	checked	16	15	reset	107	68.76	0
10	checked	16	15	reset	108	63.339	0
10	checked	16	15	reset	109	70.463	0
10	checked	16	15	reset	110	62.768	0
10	checked	16	15	reset	111	66.345	0
10	checked	16	15	reset	112	68.008	0
10	checked	16	15	reset	113	73.378	0
10	checked	16	15	reset	114	76.173	0
10	checked	16	15	reset	115	75.562	0
10	checked	16	15	reset	116	69.872	0
10	checked	16	15	reset	117	69.942	0
10	checked	16	15	reset	118	67.617	0
10	checked	16	15	reset	119	62.398	0
10	checked	16	15	reset	120	69.751	0
10	checked	16	15	reset	121	74.38	0
10	checked	16	15	reset	122	84.019	0
10	checked	16	15	reset	123	75.041	0
10	checked	16	15	reset	124	64.822	0
10	checked	16	15	reset	125	73.018	0
10	checked	16	15	reset	126	230.294	0
10	checked	16	15	reset	127	75.142	0
10	checked	16	15	reset	128	69.972	0
10	checked	16	15	reset	129	67.347	0
10	checked	16	15	reset	130	63.56	0
10	checked	16	15	reset	131	74.23	0
10	checked	16	15	reset	132	67.077	0
10	checked	16	15	reset	133	66.375	0
10	checked	16	15	reset	134	69.04	0
10	checked	16	15	reset	135	74.13	0
10	checked	16	15	reset	136	92.986	0
10	checked	16	15	reset	137	76.604	0
10	checked	16	15	reset	138	76.535	0
10	checked	16	15	reset	139	68.038	0
10	checked	16	15	reset	140	79.881	0
10	checked	16	15	reset	141	78.038	0
10	checked	16	15	reset	142	66.035	0
10	checked	16	15	reset	143	76.174	0
10	checked	16	15	reset	144	72.297	0
10	checked	16	15	reset	145	67.468	0
10	checked	16	15	reset	146	78.207	0
10	checked	16	15	reset	147	72.827	0
10	checked	16	15	reset	148	70.733	0
10	checked	16	15	reset	149	76.695	0
10	checked	16	15	reset	150	68.449	0
10	checked	16	15	reset	151	65.554	0
10	checked	16	15	reset	152	69.231	0
10	checked	16	15	reset	153	76.434	0
10	checked	16	15	reset	154	70.964	0
10	checked	16	15	reset	155	75.031	0
10	checked	16	15	reset	156	72.106	0
10	checked	16	15	reset	157	76.745	0
10	checked	16	15	reset	158	61.295	0
10	checked	16	15	reset	159	65.344	0
10	checked	16	15	reset	160	67.257	0
10	checked	16	15	reset	161	75.181	0
10	checked	16	15	reset	162	69.461	0
10	checked	16	15	reset	163	68.92	0
10	checked	16	15	reset	164	69.15	0
10	checked	16	15	reset	165	66.646	0
10	checked	16	15	reset	166	74.701	0
10	checked	16	15	reset	167	69.281	0
10	checked	16	15	reset	168	64.932	0
10	checked	16	15	reset	169	65.504	0
10	checked	16	15	reset	170	62.267	0
10	checked	16	15	reset	171	66.826	0
10	checked	16	15	reset	172	74.701	0
10	checked	16	15	reset	173	75.112	0
10	checked	16	15	reset	174	68.54	0
10	checked	16	15	reset	175	83.658	0
10	checked	16	15	reset	176	68.309	0
10	checked	16	15	reset	177	151.095	0
10	checked	16	15	reset	178	71.395	0
10	checked	16	15	reset	179	74.371	0
10	checked	16	15	reset	180	71.275	0
10	checked	16	15	reset	181	61.576	0
10	checked	16	15	reset	182	58.961	0
10	checked	16	15	reset	183	67.438	0
10	checked	16	15	reset	184	58.36	0
10	checked	16	15	reset	185	63.039	0
10	checked	16	15	reset	186	60.384	0
10	checked	16	15	reset	187	64.862	0
10	checked	16	15	reset	188	63.67	0
10	checked	16	15	reset	189	64.662	0
10	checked	16	15	reset	190	63.35	0
10	checked	16	15	reset	191	71.265	0
10	checked	16	15	reset	192	68.038	0
10	checked	16	15	reset	193	71.765	0
10	checked	16	15	reset	194	67.647	0
10	checked	16	15	reset	195	68.058	0
10	checked	16	15	reset	196	65.003	0
10	checked	16	15	reset	197	66.235	0
10	checked	16	15	reset	198	69.952	0
10	checked	16	15	reset	199	62.198	0
10	checked	16	15	reset	200	61.345	0
10	checked	16	15	stall	1	220.155	0
10	checked	16	15	stall	2	225.987	0
10	checked	16	15	stall	3	224.203	0
10	checked	16	15	stall	4	221.418	0
10	checked	16	15	stall	5	219.354	0
10	checked	16	15	stall	6	222.129	0
10	checked	16	15	stall	7	223.402	0
10	checked	16	15	stall	8	220.656	0
10	checked	16	15	stall	9	219.785	0
10	checked	16	15	stall	10	220.456	0
10	checked	16	15	stall	11	222.199	0
10	checked	16	15	stall	12	223.462	0
10	checked	16	15	stall	13	221.518	0
10	checked	16	15	stall	14	219.093	0
10	checked	16	15	stall	15	222.92	0
10	unsafe	16	15	reset	1	0.241	1
10	unsafe	16	15	reset	2	1.292	1
10	unsafe	16	15	reset	3	0.13	1
10	unsafe	16	15	reset	4	0.07	1
10	unsafe	16	15	reset	5	0.1	1
10	unsafe	16	15	reset	6	0.1	1
10	unsafe	16	15	reset	7	0.07	1
10	unsafe	16	15	reset	8	0.1	1
10	unsafe	16	15	reset	9	0.07	1
10	unsafe	16	15	reset	10	0.09	1
10	unsafe	16	15	reset	11	0.08	1
10	unsafe	16	15	reset	12	0.08	1
10	unsafe	16	15	reset	13	0.1	1
10	unsafe	16	15	reset	14	0.07	1
10	unsafe	16	15	reset	15	0.08	1
10	unsafe	16	15	reset	16	0.081	1
10	unsafe	16	15	reset	17	0.07	1
10	unsafe	16	15	reset	18	0.19	1
10	unsafe	16	15	reset	19	0.07	1
10	unsafe	16	15	reset	20	0.1	1
10	unsafe	16	15	reset	21	0.07	1
10	unsafe	16	15	reset	22	0.07	1
10	unsafe	16	15	reset	23	0.231	1
10	unsafe	16	15	reset	24	0.181	1
10	unsafe	16	15	reset	25	0.14	1
10	unsafe	16	15	reset	26	0.15	1
10	unsafe	16	15	reset	27	0.131	1
10	unsafe	16	15	reset	28	0.13	1
10	unsafe	16	15	reset	29	0.13	1
10	unsafe	16	15	reset	30	0.12	1
10	unsafe	16	15	reset	31	0.14	1
10	unsafe	16	15	reset	32	0.121	1
10	unsafe	16	15	reset	33	0.13	1
10	unsafe	16	15	reset	34	0.16	1
10	unsafe	16	15	reset	35	0.14	1
10	unsafe	16	15	reset	36	0.141	1
10	unsafe	16	15	reset	37	0.13	1
10	unsafe	16	15	reset	38	0.14	1
10	unsafe	16	15	reset	39	0.131	1
10	unsafe	16	15	reset	40	0.13	1
10	unsafe	16	15	reset	41	0.13	1
10	unsafe	16	15	reset	42	0.141	1
10	unsafe	16	15	reset	43	0.13	1
10	unsafe	16	15	reset	44	0.13	1
10	unsafe	16	15	reset	45	0.13	1
10	unsafe	16	15	reset	46	0.141	1
10	unsafe	16	15	reset	47	0.14	1
10	unsafe	16	15	reset	48	0.15	1
10	unsafe	16	15	reset	49	0.131	1
10	unsafe	16	15	reset	50	0.13	1
10	unsafe	16	15	reset	51	0.131	1
10	unsafe	16	15	reset	52	0.19	1
10	unsafe	16	15	reset	53	0.13	1
10	unsafe	16	15	reset	54	0.141	1
10	unsafe	16	15	reset	55	0.14	1
10	unsafe	16	15	reset	56	0.14	1
10	unsafe	16	15	reset	57	0.19	1
10	unsafe	16	15	reset	58	0.13	1
10	unsafe	16	15	reset	59	0.13	1
10	unsafe	16	15	reset	60	0.131	1
10	unsafe	16	15	reset	61	0.13	1
10	unsafe	16	15	reset	62	0.16	1
10	unsafe	16	15	reset	63	0.14	1
10	unsafe	16	15	reset	64	0.15	1
10	unsafe	16	15	reset	65	0.131	1
10	unsafe	16	15	reset	66	0.131	1
10	unsafe	16	15	reset	67	0.13	1
10	unsafe	16	15	reset	68	0.151	1
10	unsafe	16	15	reset	69	0.13	1
10	unsafe	16	15	reset	70	0.121	1
10	unsafe	16	15	reset	71	0.141	1
10	unsafe	16	15	reset	72	0.16	1
10	unsafe	16	15	reset	73	0.161	1
10	unsafe	16	15	reset	74	0.161	1
10	unsafe	16	15	reset	75	0.131	1
10	unsafe	16	15	reset	76	0.13	1
10	unsafe	16	15	reset	77	0.131	1
10	unsafe	16	15	reset	78	0.13	1
10	unsafe	16	15	reset	79	0.13	1
10	unsafe	16	15	reset	80	3.297	1
10	unsafe	16	15	reset	81	0.131	1
10	unsafe	16	15	reset	82	0.071	1
10	unsafe	16	15	reset	83	0.1	1
10	unsafe	16	15	reset	84	0.08	1
10	unsafe	16	15	reset	85	0.08	1
10	unsafe	16	15	reset	86	0.091	1
10	unsafe	16	15	reset	87	0.07	1
10	unsafe	16	15	reset	88	0.09	1
10	unsafe	16	15	reset	89	0.08	1
10	unsafe	16	15	reset	90	0.11	1
10	unsafe	16	15	reset	91	0.08	1
10	unsafe	16	15	reset	92	0.09	1
10	unsafe	16	15	reset	93	0.081	1
10	unsafe	16	15	reset	94	0.101	1
10	unsafe	16	15	reset	95	0.091	1
10	unsafe	16	15	reset	96	0.09	1
10	unsafe	16	15	reset	97	0.1	1
10	unsafe	16	15	reset	98	0.08	1
10	unsafe	16	15	reset	99	0.091	1
10	unsafe	16	15	reset	100	0.081	1
10	unsafe	16	15	reset	101	0.08	1
10	unsafe	16	15	reset	102	0.07	1
10	unsafe	16	15	reset	103	0.09	1
10	unsafe	16	15	reset	104	0.08	1
10	unsafe	16	15	reset	105	0.07	1
10	unsafe	16	15	reset	106	0.09	1
10	unsafe	16	15	reset	107	0.07	1
10	unsafe	16	15	reset	108	0.1	1
10	unsafe	16	15	reset	109	0.08	1
10	unsafe	16	15	reset	110	0.08	1
10	unsafe	16	15	reset	111	0.09	1
10	unsafe	16	15	reset	112	0.1	1
10	unsafe	16	15	reset	113	0.762	1
10	unsafe	16	15	reset	114	0.12	1
10	unsafe	16	15	reset	115	0.08	1
10	unsafe	16	15	reset	116	0.11	1
10	unsafe	16	15	reset	117	0.08	1
10	unsafe	16	15	reset	118	0.08	1
10	unsafe	16	15	reset	119	0.08	1
10	unsafe	16	15	reset	120	0.1	1
10	unsafe	16	15	reset	121	0.101	1
10	unsafe	16	15	reset	122	0.07	1
10	unsafe	16	15	reset	123	0.091	1
10	unsafe	16	15	reset	124	0.09	1
10	unsafe	16	15	reset	125	0.08	1
10	unsafe	16	15	reset	126	0.09	1
10	unsafe	16	15	reset	127	0.08	1
10	unsafe	16	15	reset	128	0.081	1
10	unsafe	16	15	reset	129	0.07	1
10	unsafe	16	15	reset	130	0.07	1
10	unsafe	16	15	reset	131	0.1	1
10	unsafe	16	15	reset	132	0.08	1
10	unsafe	16	15	reset	133	0.08	1
10	unsafe	16	15	reset	134	0.08	1
10	unsafe	16	15	reset	135	0.08	1
10	unsafe	16	15	reset	136	0.1	1
10	unsafe	16	15	reset	137	0.08	1
10	unsafe	16	15	reset	138	0.081	1
10	unsafe	16	15	reset	139	0.081	1
10	unsafe	16	15	reset	140	0.08	1
10	unsafe	16	15	reset	141	0.07	1
10	unsafe	16	15	reset	142	0.091	1
10	unsafe	16	15	reset	143	0.07	1
10	unsafe	16	15	reset	144	0.09	1
10	unsafe	16	15	reset	145	0.08	1
10	unsafe	16	15	reset	146	0.09	1
10	unsafe	16	15	reset	147	0.08	1
10	unsafe	16	15	reset	148	0.09	1
10	unsafe	16	15	reset	149	0.08	1
10	unsafe	16	15	reset	150	0.08	1
10	unsafe	16	15	reset	151	0.111	1
10	unsafe	16	15	reset	152	0.08	1
10	unsafe	16	15	reset	153	0.08	1
10	unsafe	16	15	reset	154	0.081	1
10	unsafe	16	15	reset	155	0.08	1
10	unsafe	16	15	reset	156	0.09	1
10	unsafe	16	15	reset	157	0.07	1
10	unsafe	16	15	reset	158	0.08	1
10	unsafe	16	15	reset	159	0.09	1
10	unsafe	16	15	reset	160	0.08	1
10	unsafe	16	15	reset	161	0.071	1
10	unsafe	16	15	reset	162	0.08	1
10	unsafe	16	15	reset	163	0.08	1
10	unsafe	16	15	reset	164	0.08	1
10	unsafe	16	15	reset	165	0.081	1
10	unsafe	16	15	reset	166	0.08	1
10	unsafe	16	15	reset	167	0.08	1
10	unsafe	16	15	reset	168	0.09	1
10	unsafe	16	15	reset	169	0.081	1
10	unsafe	16	15	reset	170	0.101	1
10	unsafe	16	15	reset	171	0.081	1
10	unsafe	16	15	reset	172	0.08	1
10	unsafe	16	15	reset	173	0.08	1
10	unsafe	16	15	reset	174	0.08	1
10	unsafe	16	15	reset	175	0.07	1
10	unsafe	16	15	reset	176	0.08	1
10	unsafe	16	15	reset	177	0.091	1
10	unsafe	16	15	reset	178	0.071	1
10	unsafe	16	15	reset	179	0.091	1
10	unsafe	16	15	reset	180	0.1	1
10	unsafe	16	15	reset	181	0.081	1
10	unsafe	16	15	reset	182	0.07	1
10	unsafe	16	15	reset	183	0.08	1
10	unsafe	16	15	reset	184	0.09	1
10	unsafe	16	15	reset	185	0.091	1
10	unsafe	16	15	reset	186	0.08	1
10	unsafe	16	15	reset	187	0.081	1
10	unsafe	16	15	reset	188	0.09	1
10	unsafe	16	15	reset	189	0.081	1
10	unsafe	16	15	reset	190	0.09	1
10	unsafe	16	15	reset	191	0.08	1
10	unsafe	16	15	reset	192	0.08	1
10	unsafe	16	15	reset	193	0.07	1
10	unsafe	16	15	reset	194	0.09	1
10	unsafe	16	15	reset	195	0.07	1
10	unsafe	16	15	reset	196	0.08	1
10	unsafe	16	15	reset	197	0.08	1
10	unsafe	16	15	reset	198	0.101	1
10	unsafe	16	15	reset	199	0.08	1
10	unsafe	16	15	reset	200	0.09	1
10	unsafe	16	15	stall	1	0.0	1
10	unsafe	16	15	stall	2	0.0	1
10	unsafe	16	15	stall	3	0.0	1
10	unsafe	16	15	stall	4	24.636	1
10	unsafe	16	15	stall	5	0.0	1
10	unsafe	16	15	stall	6	0.0	1
10	unsafe	16	15	stall	7	0.0	1
10	unsafe	16	15	stall	8	0.0	1
10	unsafe	16	15	stall	9	0.0	1
10	unsafe	16	15	stall	10	0.0	1
10	unsafe	16	15	stall	11	0.0	1
10	unsafe	16	15	stall	12	0.0	1
10	unsafe	16	15	stall	13	0.0	1
10	unsafe	16	15	stall	14	0.0	1
10	unsafe	16	15	stall	15	0.0	1
10	checked	32	31	reset	1	482.4	0
10	checked	32	31	reset	2	51.607	0
10	checked	32	31	reset	3	41.368	0
10	checked	32	31	reset	4	41.719	0
10	checked	32	31	reset	5	40.196	0
10	checked	32	31	reset	6	40.336	0
10	checked	32	31	reset	7	41.418	0
10	checked	32	31	reset	8	41.979	0
10	checked	32	31	reset	9	51.357	0
10	checked	32	31	reset	10	41.669	0
10	checked	32	31	reset	11	46.347	0
10	checked	32	31	reset	12	41.217	0
10	checked	32	31	reset	13	46.327	0
10	checked	32	31	reset	14	42.07	0
10	checked	32	31	reset	15	41.148	0
10	checked	32	31	reset	16	42.15	0
10	checked	32	31	reset	17	42.31	0
10	checked	32	31	reset	18	41.478	0
10	checked	32	31	reset	19	41.749	0
10	checked	32	31	reset	20	45.426	0
10	checked	32	31	reset	21	135.215	0
10	checked	32	31	reset	22	127.531	0
10	checked	32	31	reset	23	109.116	0
10	checked	32	31	reset	24	118.243	0
10	checked	32	31	reset	25	124.876	0
10	checked	32	31	reset	26	3182.265	0
10	checked	32	31	reset	27	278.997	0
10	checked	32	31	reset	28	118.744	0
10	checked	32	31	reset	29	110.008	0
10	checked	32	31	reset	30	100.5	0
10	checked	32	31	reset	31	101.882	0
10	checked	32	31	reset	32	102.022	0
10	checked	32	31	reset	33	117.241	0
10	checked	32	31	reset	34	108.344	0
10	checked	32	31	reset	35	110.479	0
10	checked	32	31	reset	36	312.079	0
10	checked	32	31	reset	37	118.904	0
10	checked	32	31	reset	38	142.078	0
10	checked	32	31	reset	39	124.014	0
10	checked	32	31	reset	40	106.251	0
10	checked	32	31	reset	41	107.212	0
10	checked	32	31	reset	42	106.261	0
10	checked	32	31	reset	43	99.748	0
10	checked	32	31	reset	44	100.82	0
10	checked	32	31	reset	45	106.301	0
10	checked	32	31	reset	46	102.374	0
10	checked	32	31	reset	47	113.775	0
10	checked	32	31	reset	48	124.806	0
10	checked	32	31	reset	49	194.096	0
10	checked	32	31	reset	50	104.858	0
10	checked	32	31	reset	51	122.491	0
10	checked	32	31	reset	52	110.258	0
10	checked	32	31	reset	53	116.079	0
10	checked	32	31	reset	54	112.432	0
10	checked	32	31	reset	55	104.637	0
10	checked	32	31	reset	56	101.241	0
10	checked	32	31	reset	57	97.163	0
10	checked	32	31	reset	58	262.205	0
10	checked	32	31	reset	59	197.723	0
10	checked	32	31	reset	60	111.19	0
10	checked	32	31	reset	61	96.722	0
10	checked	32	31	reset	62	3157.438	0
10	checked	32	31	reset	63	115.017	0
10	checked	32	31	reset	64	105.63	0
10	checked	32	31	reset	65	100.569	0
10	checked	32	31	reset	66	103.846	0
10	checked	32	31	reset	67	105.429	0
10	checked	32	31	reset	68	104.708	0
10	checked	32	31	reset	69	104.918	0
10	checked	32	31	reset	70	105.609	0
10	checked	32	31	reset	71	98.786	0
10	checked	32	31	reset	72	106.13	0
10	checked	32	31	reset	73	105.94	0
10	checked	32	31	reset	74	103.285	0
10	checked	32	31	reset	75	106.401	0
10	checked	32	31	reset	76	99.458	0
10	checked	32	31	reset	77	101.01	0
10	checked	32	31	reset	78	106.711	0
10	checked	32	31	reset	79	102.093	0
10	checked	32	31	reset	80	110.97	0
10	checked	32	31	reset	81	108.675	0
10	checked	32	31	reset	82	100.74	0
10	checked	32	31	reset	83	113.354	0
10	checked	32	31	reset	84	108.124	0
10	checked	32	31	reset	85	97.294	0
10	checked	32	31	reset	86	105.389	0
10	checked	32	31	reset	87	97.214	0
10	checked	32	31	reset	88	114.276	0
10	checked	32	31	reset	89	126.328	0
10	checked	32	31	reset	90	107.954	0
10	checked	32	31	reset	91	101.551	0
10	checked	32	31	reset	92	82.876	0
10	checked	32	31	reset	93	93.576	0
10	checked	32	31	reset	94	110.719	0
10	checked	32	31	reset	95	97.384	0
10	checked	32	31	reset	96	105.78	0
10	checked	32	31	reset	97	107.483	0
10	checked	32	31	reset	98	104.256	0
10	checked	32	31	reset	99	98.917	0
10	checked	32	31	reset	100	111.35	0
10	checked	32	31	reset	101	106.06	0
10	checked	32	31	reset	102	106.541	0
10	checked	32	31	reset	103	108.675	0
10	checked	32	31	reset	104	107.723	0
10	checked	32	31	reset	105	96.582	0
10	checked	32	31	reset	106	97.664	0
10	checked	32	31	reset	107	92.475	0
10	checked	32	31	reset	108	89.669	0
10	checked	32	31	reset	109	90.201	0
10	checked	32	31	reset	110	3098.738	0
10	checked	32	31	reset	111	125.497	0
10	checked	32	31	reset	112	111.521	0
10	checked	32	31	reset	113	119.456	0
10	checked	32	31	reset	114	104.387	0
10	checked	32	31	reset	115	92.314	0
10	checked	32	31	reset	116	92.665	0
10	checked	32	31	reset	117	98.375	0
10	checked	32	31	reset	118	105.94	0
10	checked	32	31	reset	119	98.866	0
10	checked	32	31	reset	120	102.404	0
10	checked	32	31	reset	121	102.874	0
10	checked	32	31	reset	122	104.979	0
10	checked	32	31	reset	123	98.265	0
10	checked	32	31	reset	124	100.67	0
10	checked	32	31	reset	125	105.308	0
10	checked	32	31	reset	126	98.817	0
10	checked	32	31	reset	127	104.707	0
10	checked	32	31	reset	128	118.644	0
10	checked	32	31	reset	129	110.999	0
10	checked	32	31	reset	130	104.066	0
10	checked	32	31	reset	131	96.652	0
10	checked	32	31	reset	132	87.185	0
10	checked	32	31	reset	133	92.725	0
10	checked	32	31	reset	134	93.797	0
10	checked	32	31	reset	135	105.779	0
10	checked	32	31	reset	136	101.913	0
10	checked	32	31	reset	137	116.55	0
10	checked	32	31	reset	138	107.894	0
10	checked	32	31	reset	139	98.936	0
10	checked	32	31	reset	140	108.475	0
10	checked	32	31	reset	141	105.94	0
10	checked	32	31	reset	142	85.782	0
10	checked	32	31	reset	143	108.715	0
10	checked	32	31	reset	144	114.606	0
10	checked	32	31	reset	145	108.866	0
10	checked	32	31	reset	146	94.257	0
10	checked	32	31	reset	147	92.364	0
10	checked	32	31	reset	148	89.579	0
10	checked	32	31	reset	149	92.294	0
10	checked	32	31	reset	150	90.33	0
10	checked	32	31	reset	151	88.908	0
10	checked	32	31	reset	152	93.506	0
10	checked	32	31	reset	153	93.016	0
10	checked	32	31	reset	154	89.318	0
10	checked	32	31	reset	155	96.182	0
10	checked	32	31	reset	156	93.998	0
10	checked	32	31	reset	157	108.935	0
10	checked	32	31	reset	158	112.202	0
10	checked	32	31	reset	159	103.816	0
10	checked	32	31	reset	160	101.372	0
10	checked	32	31	reset	161	93.787	0
10	checked	32	31	reset	162	122.011	0
10	checked	32	31	reset	163	3182.846	0
10	checked	32	31	reset	164	117.922	0
10	checked	32	31	reset	165	102.123	0
10	checked	32	31	reset	166	92.755	0
10	checked	32	31	reset	167	94.589	0
10	checked	32	31	reset	168	91.322	0
10	checked	32	31	reset	169	88.356	0
10	checked	32	31	reset	170	94.408	0
10	checked	32	31	reset	171	108.094	0
10	checked	32	31	reset	172	101.201	0
10	checked	32	31	reset	173	107.714	0
10	checked	32	31	reset	174	99.769	0
10	checked	32	31	reset	175	104.638	0
10	checked	32	31	reset	176	106.09	0
10	checked	32	31	reset	177	98.656	0
10	checked	32	31	reset	178	91.983	0
10	checked	32	31	reset	179	96.522	0
10	checked	32	31	reset	180	111.2	0
10	checked	32	31	reset	181	103.295	0
10	checked	32	31	reset	182	107.984	0
10	checked	32	31	reset	183	115.708	0
10	checked	32	31	reset	184	115.909	0
10	checked	32	31	reset	185	110.418	0
10	checked	32	31	reset	186	106.481	0
10	checked	32	31	reset	187	106.511	0
10	checked	32	31	reset	188	98.837	0
10	checked	32	31	reset	189	107.523	0
10	checked	32	31	reset	190	111.791	0
10	checked	32	31	reset	191	113.664	0
10	checked	32	31	reset	192	94.378	0
10	checked	32	31	reset	193	107.252	0
10	checked	32	31	reset	194	99.978	0
10	checked	32	31	reset	195	110.649	0
10	checked	32	31	reset	196	98.776	0
10	checked	32	31	reset	197	103.445	0
10	checked	32	31	reset	198	102.083	0
10	checked	32	31	reset	199	104.417	0
10	checked	32	31	reset	200	121.118	0
10	checked	32	31	stall	1	3089.23	0
10	checked	32	31	stall	2	3168.759	0
10	checked	32	31	stall	3	3980.842	0
10	checked	32	31	stall	4	3171.564	0
10	checked	32	31	stall	5	3213.354	0
10	checked	32	31	stall	6	3093.948	0
10	checked	32	31	stall	7	3093.908	0
10	checked	32	31	stall	8	3096.112	0
10	checked	32	31	stall	9	3095.942	0
10	checked	32	31	stall	10	3170.883	0
10	checked	32	31	stall	11	3094.81	0
10	checked	32	31	stall	12	3094.951	0
10	checked	32	31	stall	13	3087.496	0
10	checked	32	31	stall	14	3085.652	0
10	checked	32	31	stall	15	3091.433	0
10	checked	32	31	stall	16	3097.995	0
10	checked	32	31	stall	17	3091.865	0
10	checked	32	31	stall	18	3093.989	0
10	checked	32	31	stall	19	3085.923	0
10	checked	32	31	stall	20	3090.111	0
10	checked	32	31	stall	21	1171.29	0
10	checked	32	31	stall	22	3089.009	0
10	checked	32	31	stall	23	3085.602	0
10	checked	32	31	stall	24	3094.109	0
10	checked	32	31	stall	25	3091.974	0
10	checked	32	31	stall	26	3086.233	0
10	checked	32	31	stall	27	4037.96	0
10	checked	32	31	stall	28	3094.44	0
10	checked	32	31	stall	29	4038.0	0
10	checked	32	31	stall	30	3145.797	0
10	checked	32	31	stall	31	3086.134	0
10	unsafe	32	31	reset	1	0.191	0
10	unsafe	32	31	reset	2	0.16	0
10	unsafe	32	31	reset	3	0.23	0
10	unsafe	32	31	reset	4	0.09	0
10	unsafe	32	31	reset	5	0.08	0
10	unsafe	32	31	reset	6	0.08	0
10	unsafe	32	31	reset	7	0.08	0
10	unsafe	32	31	reset	8	0.07	0
10	unsafe	32	31	reset	9	0.08	0
10	unsafe	32	31	reset	10	0.101	0
10	unsafe	32	31	reset	11	0.07	0
10	unsafe	32	31	reset	12	0.081	0
10	unsafe	32	31	reset	13	0.09	0
10	unsafe	32	31	reset	14	0.07	0
10	unsafe	32	31	reset	15	0.091	0
10	unsafe	32	31	reset	16	0.081	0
10	unsafe	32	31	reset	17	0.08	0
10	unsafe	32	31	reset	18	0.15	0
10	unsafe	32	31	reset	19	0.08	0
10	unsafe	32	31	reset	20	0.08	0
10	unsafe	32	31	reset	21	0.07	0
10	unsafe	32	31	reset	22	0.11	0
10	unsafe	32	31	reset	23	0.08	0
10	unsafe	32	31	reset	24	0.14	0
10	unsafe	32	31	reset	25	0.12	0
10	unsafe	32	31	reset	26	0.12	0
10	unsafe	32	31	reset	27	0.161	0
10	unsafe	32	31	reset	28	0.131	0
10	unsafe	32	31	reset	29	0.13	0
10	unsafe	32	31	reset	30	0.141	0
10	unsafe	32	31	reset	31	0.13	0
10	unsafe	32	31	reset	32	0.131	0
10	unsafe	32	31	reset	33	0.17	0
10	unsafe	32	31	reset	34	0.15	0
10	unsafe	32	31	reset	35	0.13	0
10	unsafe	32	31	reset	36	0.13	0
10	unsafe	32	31	reset	37	0.12	0
10	unsafe	32	31	reset	38	0.15	0
10	unsafe	32	31	reset	39	0.14	0
10	unsafe	32	31	reset	40	0.13	0
10	unsafe	32	31	reset	41	0.15	0
10	unsafe	32	31	reset	42	0.13	0
10	unsafe	32	31	reset	43	0.13	0
10	unsafe	32	31	reset	44	0.121	0
10	unsafe	32	31	reset	45	0.12	0
10	unsafe	32	31	reset	46	0.13	0
10	unsafe	32	31	reset	47	0.13	0
10	unsafe	32	31	reset	48	0.16	0
10	unsafe	32	31	reset	49	0.14	0
10	unsafe	32	31	reset	50	0.131	0
10	unsafe	32	31	reset	51	0.131	0
10	unsafe	32	31	reset	52	0.131	0
10	unsafe	32	31	reset	53	0.121	0
10	unsafe	32	31	reset	54	0.12	0
10	unsafe	32	31	reset	55	0.13	0
10	unsafe	32	31	reset	56	0.131	0
10	unsafe	32	31	reset	57	0.12	0
10	unsafe	32	31	reset	58	0.141	0
10	unsafe	32	31	reset	59	0.13	0
10	unsafe	32	31	reset	60	0.121	0
10	unsafe	32	31	reset	61	0.12	0
10	unsafe	32	31	reset	62	0.13	0
10	unsafe	32	31	reset	63	0.15	0
10	unsafe	32	31	reset	64	0.12	0
10	unsafe	32	31	reset	65	0.131	0
10	unsafe	32	31	reset	66	0.13	0
10	unsafe	32	31	reset	67	0.131	0
10	unsafe	32	31	reset	68	0.12	0
10	unsafe	32	31	reset	69	0.12	0
10	unsafe	32	31	reset	70	0.13	0
10	unsafe	32	31	reset	71	0.12	0
10	unsafe	32	31	reset	72	0.13	0
10	unsafe	32	31	reset	73	0.13	0
10	unsafe	32	31	reset	74	0.13	0
10	unsafe	32	31	reset	75	0.13	0
10	unsafe	32	31	reset	76	0.141	0
10	unsafe	32	31	reset	77	0.12	0
10	unsafe	32	31	reset	78	0.14	0
10	unsafe	32	31	reset	79	0.131	0
10	unsafe	32	31	reset	80	0.131	0
10	unsafe	32	31	reset	81	0.131	0
10	unsafe	32	31	reset	82	0.16	0
10	unsafe	32	31	reset	83	0.13	0
10	unsafe	32	31	reset	84	0.13	0
10	unsafe	32	31	reset	85	0.12	0
10	unsafe	32	31	reset	86	0.13	0
10	unsafe	32	31	reset	87	0.13	0
10	unsafe	32	31	reset	88	0.13	0
10	unsafe	32	31	reset	89	0.13	0
10	unsafe	32	31	reset	90	0.131	0
10	unsafe	32	31	reset	91	0.12	0
10	unsafe	32	31	reset	92	0.13	0
10	unsafe	32	31	reset	93	0.141	0
10	unsafe	32	31	reset	94	0.13	0
10	unsafe	32	31	reset	95	0.12	0
10	unsafe	32	31	reset	96	0.12	0
10	unsafe	32	31	reset	97	0.13	0
10	unsafe	32	31	reset	98	0.13	0
10	unsafe	32	31	reset	99	0.131	0
10	unsafe	32	31	reset	100	0.14	0
10	unsafe	32	31	reset	101	0.121	0
10	unsafe	32	31	reset	102	0.13	0
10	unsafe	32	31	reset	103	0.12	0
10	unsafe	32	31	reset	104	0.13	0
10	unsafe	32	31	reset	105	0.14	0
10	unsafe	32	31	reset	106	0.13	0
10	unsafe	32	31	reset	107	0.13	0
10	unsafe	32	31	reset	108	0.151	0
10	unsafe	32	31	reset	109	0.12	0
10	unsafe	32	31	reset	110	0.14	0
10	unsafe	32	31	reset	111	0.12	0
10	unsafe	32	31	reset	112	0.561	0
10	unsafe	32	31	reset	113	0.501	0
10	unsafe	32	31	reset	114	0.12	0
10	unsafe	32	31	reset	115	0.13	0
10	unsafe	32	31	reset	116	0.121	0
10	unsafe	32	31	reset	117	0.12	0
10	unsafe	32	31	reset	118	0.131	0
10	unsafe	32	31	reset	119	0.181	0
10	unsafe	32	31	reset	120	0.13	0
10	unsafe	32	31	reset	121	0.12	0
10	unsafe	32	31	reset	122	0.13	0
10	unsafe	32	31	reset	123	0.14	0
10	unsafe	32	31	reset	124	0.131	0
10	unsafe	32	31	reset	125	0.12	0
10	unsafe	32	31	reset	126	0.14	0
10	unsafe	32	31	reset	127	0.12	0
10	unsafe	32	31	reset	128	0.13	0
10	unsafe	32	31	reset	129	0.13	0
10	unsafe	32	31	reset	130	0.16	0
10	unsafe	32	31	reset	131	0.14	0
10	unsafe	32	31	reset	132	0.131	0
10	unsafe	32	31	reset	133	0.13	0
10	unsafe	32	31	reset	134	0.13	0
10	unsafe	32	31	reset	135	0.12	0
10	unsafe	32	31	reset	136	0.13	0
10	unsafe	32	31	reset	137	0.13	0
10	unsafe	32	31	reset	138	0.13	0
10	unsafe	32	31	reset	139	0.16	0
10	unsafe	32	31	reset	140	0.13	0
10	unsafe	32	31	reset	141	0.12	0
10	unsafe	32	31	reset	142	0.131	0
10	unsafe	32	31	reset	143	0.14	0
10	unsafe	32	31	reset	144	0.12	0
10	unsafe	32	31	reset	145	0.12	0
10	unsafe	32	31	reset	146	0.14	0
10	unsafe	32	31	reset	147	0.12	0
10	unsafe	32	31	reset	148	0.17	0
10	unsafe	32	31	reset	149	0.12	0
10	unsafe	32	31	reset	150	0.13	0
10	unsafe	32	31	reset	151	0.131	0
10	unsafe	32	31	reset	152	0.12	0
10	unsafe	32	31	reset	153	0.13	0
10	unsafe	32	31	reset	154	0.15	0
10	unsafe	32	31	reset	155	0.121	0
10	unsafe	32	31	reset	156	0.13	0
10	unsafe	32	31	reset	157	0.13	0
10	unsafe	32	31	reset	158	0.13	0
10	unsafe	32	31	reset	159	0.151	0
10	unsafe	32	31	reset	160	0.13	0
10	unsafe	32	31	reset	161	0.12	0
10	unsafe	32	31	reset	162	0.13	0
10	unsafe	32	31	reset	163	0.131	0
10	unsafe	32	31	reset	164	0.12	0
10	unsafe	32	31	reset	165	0.13	0
10	unsafe	32	31	reset	166	0.131	0
10	unsafe	32	31	reset	167	0.12	0
10	unsafe	32	31	reset	168	0.13	0
10	unsafe	32	31	reset	169	0.13	0
10	unsafe	32	31	reset	170	0.12	0
10	unsafe	32	31	reset	171	0.131	0
10	unsafe	32	31	reset	172	0.13	0
10	unsafe	32	31	reset	173	0.131	0
10	unsafe	32	31	reset	174	0.131	0
10	unsafe	32	31	reset	175	0.13	0
10	unsafe	32	31	reset	176	0.13	0
10	unsafe	32	31	reset	177	0.14	0
10	unsafe	32	31	reset	178	0.121	0
10	unsafe	32	31	reset	179	0.12	0
10	unsafe	32	31	reset	180	0.13	0
10	unsafe	32	31	reset	181	0.13	0
10	unsafe	32	31	reset	182	0.171	0
10	unsafe	32	31	reset	183	0.12	0
10	unsafe	32	31	reset	184	0.12	0
10	unsafe	32	31	reset	185	0.131	0
10	unsafe	32	31	reset	186	0.14	0
10	unsafe	32	31	reset	187	0.13	0
10	unsafe	32	31	reset	188	0.13	0
10	unsafe	32	31	reset	189	0.151	0
10	unsafe	32	31	reset	190	0.141	0
10	unsafe	32	31	reset	191	0.121	0
10	unsafe	32	31	reset	192	0.14	0
10	unsafe	32	31	reset	193	0.13	0
10	unsafe	32	31	reset	194	0.13	0
10	unsafe	32	31	reset	195	0.13	0
10	unsafe	32	31	reset	196	0.121	0
10	unsafe	32	31	reset	197	0.141	0
10	unsafe	32	31	reset	198	0.13	0
10	unsafe	32	31	reset	199	0.13	0
10	unsafe	32	31	reset	200	0.13	0
10	unsafe	32	31	stall	1	0.0	0
10	unsafe	32	31	stall	2	0.0	0
10	unsafe	32	31	stall	3	0.0	0
10	unsafe	32	31	stall	4	3005.311	0
10	unsafe	32	31	stall	5	0.0	0
10	unsafe	32	31	stall	6	0.0	0
10	unsafe	32	31	stall	7	0.0	0
10	unsafe	32	31	stall	8	0.0	0
10	unsafe	32	31	stall	9	0.0	0
10	unsafe	32	31	stall	10	0.0	0
10	unsafe	32	31	stall	11	0.0	0
10	unsafe	32	31	stall	12	0.0	0
10	unsafe	32	31	stall	13	0.0	0
10	unsafe	32	31	stall	14	0.0	0
10	unsafe	32	31	stall	15	0.0	0
10	unsafe	32	31	stall	16	0.0	0
10	unsafe	32	31	stall	17	0.0	0
10	unsafe	32	31	stall	18	0.0	0
10	unsafe	32	31	stall	19	0.0	0
10	unsafe	32	31	stall	20	0.0	0
10	unsafe	32	31	stall	21	0.0	0
10	unsafe	32	31	stall	22	0.0	0
10	unsafe	32	31	stall	23	0.0	0
10	unsafe	32	31	stall	24	193.185	0
10	unsafe	32	31	stall	25	0.0	0
10	unsafe	32	31	stall	26	0.0	0
10	unsafe	32	31	stall	27	0.0	0
10	unsafe	32	31	stall	28	4003.254	0
10	unsafe	32	31	stall	29	0.0	0
10	unsafe	32	31	stall	30	0.0	0
10	unsafe	32	31	stall	31	0.0	0
